0.0000000000 1.0697940909 125718.2890625000
100.0000000000 0.9999993670 125718.2187500000
200.0000000000 1.3706664543 125893.0234375000
300.0000000000 2.7217000550 125944.7734375000
400.0000000000 2.6542196073 122468.1406250000
500.0000000000 3.5482116699 96064.7187500000
600.0000000000 6.4017560140 68438.9453125000
700.0000000000 6.0593751361 37381.4296875000
800.0000000000 3.3591909185 11624.5683593750
900.0000000000 1.0356370471 1472.0174560547
1000.0000000000 0.7298223172 2159.1704101562
1100.0000000000 0.7185892779 4901.0083007812
1200.0000000000 0.3661771528 222.0500183105
1300.0000000000 0.4675651697 3499.1687011719
1400.0000000000 0.3030260213 142.6943511963
1500.0000000000 0.4801232111 1720.3917236328
1600.0000000000 0.3764135284 678.9904785156
1700.0000000000 0.5714538601 7352.1284179688
1800.0000000000 0.3663129974 1164.3114013672
1900.0000000000 0.2828384587 426.6956787109
2000.0000000000 0.2683713624 1104.6871337891
2100.0000000000 0.2663475878 267.3788452148
2200.0000000000 0.2891407607 1325.6087646484
2300.0000000000 0.2488414147 831.8049926758
2400.0000000000 0.2527451661 300.7351379395
2500.0000000000 0.2003680924 65.4266510010
2600.0000000000 0.1945932237 57.3237571716
2700.0000000000 0.1891154870 50.8053398132
2800.0000000000 0.1843564837 45.3483009338
2900.0000000000 0.1991074170 586.5761108398
3000.0000000000 0.2816606946 1968.3165283203
3100.0000000000 0.2426049229 1411.3433837891
3200.0000000000 0.2554376655 643.9901733398
3300.0000000000 0.3320667522 2277.7395019531
3400.0000000000 0.3042926480 1866.8193359375
3500.0000000000 0.2575925321 128.9970092773
3600.0000000000 0.2479838330 1406.7519531250
3700.0000000000 0.2464518590 173.3704223633
3800.0000000000 0.2031687748 298.9995727539
3900.0000000000 0.2553419684 534.1776733398
4000.0000000000 0.2058725473 95.6891479492
4100.0000000000 0.2356668695 457.3899841309
4200.0000000000 0.2365958512 832.8803100586
4300.0000000000 0.2059433612 105.5277938843
4400.0000000000 0.2025949423 154.1289825439
4500.0000000000 0.1775812507 135.9774627686
4600.0000000000 0.2693311349 588.7778320312
4700.0000000000 0.2383064939 638.7799682617
4800.0000000000 0.1794222897 743.8591308594
4900.0000000000 0.2253663828 68.9442291260
5000.0000000000 0.3110450834 595.8729858398
5100.0000000000 0.1430590685 28.7478103638
5200.0000000000 0.1415660931 26.2265472412
5300.0000000000 0.1401870744 24.3612155914
5400.0000000000 0.1384912824 22.7190551758
5500.0000000000 0.1367169005 21.1986770630
5600.0000000000 0.2153850332 546.7089233398
5700.0000000000 0.1705347018 425.2429504395
5800.0000000000 0.1531337579 49.0186843872
5900.0000000000 0.1479469066 130.0004730225
6000.0000000000 0.1678828421 285.2616882324
6100.0000000000 0.1566561900 110.8222274780
6200.0000000000 0.1691822270 34.4403762817
6300.0000000000 0.1700029826 373.0152587891
6400.0000000000 0.2272348862 709.9215698242
6500.0000000000 0.1252838258 25.5418891907
6600.0000000000 0.1789877377 440.7413635254
6700.0000000000 0.1548686862 71.2035217285
6800.0000000000 0.1455149249 53.0475273132
6900.0000000000 0.1228377018 17.5378665924
7000.0000000000 0.1201712346 16.1058940887
7100.0000000000 0.1185984760 14.9750518799
7200.0000000000 0.1175290191 14.0033617020
7300.0000000000 0.1325598466 58.4291534424
7400.0000000000 0.1731257447 28.4913330078
7500.0000000000 0.3531287662 829.8143310547
7600.0000000000 0.3295752954 845.1990356445
7700.0000000000 0.2423419956 682.9400024414
7800.0000000000 0.3273280633 1147.9605712891
7900.0000000000 0.1328110678 17.8811550140
8000.0000000000 0.1223438557 14.9651403427
8100.0000000000 0.1185325763 13.5430793762
8200.0000000000 0.1161350593 12.4904270172
8300.0000000000 0.1148117850 11.6228914261
8400.0000000000 0.1601654176 43.9979171753
8500.0000000000 0.1179058129 12.3832197189
8600.0000000000 0.2222420005 1154.0480957031
8700.0000000000 0.1745690867 450.3351135254
8800.0000000000 0.1640926304 129.3533782959
8900.0000000000 0.2908289548 784.5437622070
9000.0000000000 0.3609815077 202.5229797363
9100.0000000000 0.1159026058 15.6900510788
9200.0000000000 0.1143845249 13.0712108612
9300.0000000000 0.1131904039 11.8930664062
9400.0000000000 0.1183245019 63.0169754028
9500.0000000000 0.1144220585 11.6031446457
9600.0000000000 0.1234953916 88.7915573120
9700.0000000000 0.1539281345 265.3954772949
9800.0000000000 0.2018824393 417.3570556641
9900.0000000000 0.2666420378 682.2985839844
10000.0000000000 0.1196243689 61.8739814758
10100.0000000000 0.1078183422 9.9807186127
10200.0000000000 0.1077039022 9.2214145660
10300.0000000000 0.1071596161 9.3133087158
10400.0000000000 0.1143687814 11.3334522247
10500.0000000000 0.1052564178 8.6688146591
10600.0000000000 0.1354506383 107.7894515991
10700.0000000000 0.1076117291 13.7421436310
10800.0000000000 0.1216683898 76.6474914551
10900.0000000000 0.1138904221 36.7273101807
11000.0000000000 0.1731614238 365.5275268555
11100.0000000000 0.1197192292 119.0611038208
11200.0000000000 0.1062106079 34.3031692505
11300.0000000000 0.2207220861 1104.5438232422
11400.0000000000 0.1499292795 96.0274658203
11500.0000000000 0.1855202098 178.5574951172
11600.0000000000 0.2814093775 604.2872314453
11700.0000000000 0.3579304400 1468.4213867188
11800.0000000000 0.1252909954 111.4697647095
11900.0000000000 0.1163805107 12.1135702133
12000.0000000000 0.1055417610 8.9894990921
12100.0000000000 0.1012423534 8.2875576019
12200.0000000000 0.1274312590 12.0809326172
12300.0000000000 0.4721247347 2808.0124511719
12400.0000000000 0.1019774095 8.2730493546
12500.0000000000 0.0978374267 7.4763522148
12600.0000000000 0.1216774442 72.2913360596
12700.0000000000 0.0963504287 7.6622800827
12800.0000000000 0.0988610054 23.9962882996
12900.0000000000 0.1036433656 75.5859222412
13000.0000000000 0.1064323210 13.1889257431
13100.0000000000 0.1695532184 247.4969482422
13200.0000000000 0.0945832854 8.5304145813
13300.0000000000 0.0925759522 7.6882314682
13400.0000000000 0.0916054304 7.1613464355
13500.0000000000 0.3986851788 2776.5803222656
13600.0000000000 0.0928729403 7.2543005943
13700.0000000000 0.0946623260 17.0480346680
13800.0000000000 0.1308844388 359.9161376953
13900.0000000000 0.0937975793 15.5225143433
14000.0000000000 0.1155057238 63.5161209106
14100.0000000000 0.1849076089 629.9762573242
14200.0000000000 0.1541393335 434.0558471680
14300.0000000000 0.0972593706 9.3289499283
14400.0000000000 0.1625065596 72.0235671997
14500.0000000000 0.0990556571 32.0440406799
14600.0000000000 0.0950020445 7.3731245995
14700.0000000000 0.0938377904 6.6830906868
14800.0000000000 0.0926941644 6.2212634087
14900.0000000000 0.1264283913 43.8579483032
15000.0000000000 0.0920594375 6.3275527954
15100.0000000000 0.0904374273 5.9099426270
15200.0000000000 0.1056723053 22.5322189331
15300.0000000000 0.0976436307 67.7036514282
15400.0000000000 0.1920172952 273.3805847168
15500.0000000000 0.1717696318 915.2187500000
15600.0000000000 0.2542046281 104.8834915161
15700.0000000000 0.1489293061 450.7022094727
15800.0000000000 0.1935203675 994.2227783203
15900.0000000000 0.0925378949 6.9813427925
16000.0000000000 0.0887959584 6.2215518951
16100.0000000000 0.0869297406 5.7966928482
16200.0000000000 0.1459768363 669.9277954102
16300.0000000000 0.1356750174 504.4685058594
16400.0000000000 0.1240267908 121.1918945312
16500.0000000000 0.1212306596 20.0244350433
16600.0000000000 0.1010472076 8.5090208054
16700.0000000000 0.1299661468 397.9638977051
16800.0000000000 0.0959837016 14.1341791153
16900.0000000000 0.1064297982 129.4277343750
17000.0000000000 0.0910537764 12.2262468338
17100.0000000000 0.1031777387 49.3692893982
17200.0000000000 0.0925522570 10.5544452667
17300.0000000000 0.0911628015 14.3631286621
17400.0000000000 0.1025592085 74.5088653564
17500.0000000000 0.1321231064 298.3481445312
17600.0000000000 0.1393344090 254.7347869873
17700.0000000000 0.0843224392 11.9367914200
17800.0000000000 0.1102756557 34.6763305664
17900.0000000000 0.0863716353 19.5515289307
18000.0000000000 0.0968428449 49.5943183899
18100.0000000000 0.1412017615 450.2702941895
18200.0000000000 0.1079157361 43.1721458435
18300.0000000000 0.1376498782 284.5640258789
18400.0000000000 0.1318348910 183.8173065186
18500.0000000000 0.0970036678 110.2823486328
18600.0000000000 0.1126531090 312.3854370117
18700.0000000000 0.1539133895 152.7572479248
18800.0000000000 0.1496037321 483.2330322266
18900.0000000000 0.1322272642 355.6012268066
19000.0000000000 0.1354474307 259.3078613281
19100.0000000000 0.0890327267 8.5916709900
19200.0000000000 0.0917629800 54.2874412537
19300.0000000000 0.0991062157 74.1650848389
19400.0000000000 0.1486520699 463.1925659180
19500.0000000000 0.0989658611 36.4845542908
19600.0000000000 0.1013602971 20.4321422577
19700.0000000000 0.0867204783 6.8393588066
19800.0000000000 0.0847532678 6.3118467331
19900.0000000000 0.1383877811 218.9713592529
20000.0000000000 0.1270461727 108.9616699219
20100.0000000000 0.0829615413 5.5869269371
20200.0000000000 0.1484191442 357.0953674316
20300.0000000000 0.0819035161 5.2477979660
20400.0000000000 0.0857311992 12.8234605789
20500.0000000000 0.1009237210 179.3932037354
20600.0000000000 0.0953382396 123.4588165283
20700.0000000000 0.0835963104 6.2124819756
20800.0000000000 0.0823596056 13.5633249283
20900.0000000000 0.1143839537 290.6145019531
21000.0000000000 0.0843635357 7.3403754234
21100.0000000000 0.0822284394 34.8791542053
21200.0000000000 0.0887085385 48.8381843567
21300.0000000000 0.0888546697 48.0125007629
21400.0000000000 0.1262746235 437.4205017090
21500.0000000000 0.1032655672 180.4876861572
21600.0000000000 0.1006481164 99.3517837524
21700.0000000000 0.0977340653 124.8957595825
21800.0000000000 0.0886875819 21.4286613464
21900.0000000000 0.0844571523 6.7365708351
22000.0000000000 0.0809826224 5.2234210968
22100.0000000000 0.0810254655 4.8605813980
22200.0000000000 0.0809481510 4.5890555382
22300.0000000000 0.0804647239 4.3661217690
22400.0000000000 0.0796333465 4.2620353699
22500.0000000000 0.1411821137 393.3544921875
22600.0000000000 0.0798998409 12.5159063339
22700.0000000000 0.1231893310 273.4795532227
22800.0000000000 0.1305100505 14.0930786133
22900.0000000000 0.0816964794 4.3049235344
23000.0000000000 0.1020068842 15.8691577911
23100.0000000000 0.0906425258 6.9253726006
23200.0000000000 0.0867934699 33.3423690796
23300.0000000000 0.1047850347 172.3033752441
23400.0000000000 0.0942396144 175.3132781982
23500.0000000000 0.0897272489 5.8593368530
23600.0000000000 0.1009705453 149.3999176025
23700.0000000000 0.1073043934 194.2624816895
23800.0000000000 0.0847505906 8.4428720474
23900.0000000000 0.1049321839 168.3953704834
24000.0000000000 0.0892241990 8.7011890411
24100.0000000000 0.1252388571 336.2960205078
24200.0000000000 0.1174757592 306.9510192871
24300.0000000000 0.1155365136 270.0025024414
24400.0000000000 0.1031008979 209.3559265137
24500.0000000000 0.1159142886 266.6056518555
24600.0000000000 0.1134246480 95.8676528931
24700.0000000000 0.1132938262 493.7679138184
24800.0000000000 0.0887005814 7.9775419235
24900.0000000000 0.1008101901 65.5983200073
25000.0000000000 0.1157215684 149.7499542236
25100.0000000000 0.0828928487 5.1327977180
25200.0000000000 0.0805049302 4.7104682922
25300.0000000000 0.0788768711 4.4138388634
25400.0000000000 0.0777048416 4.1712517738
25500.0000000000 0.0769591642 3.9639065266
25600.0000000000 0.0765600067 3.7808306217
25700.0000000000 0.0915548841 40.1776161194
25800.0000000000 0.1045719161 139.9232788086
25900.0000000000 0.1083729320 159.1960449219
26000.0000000000 0.1370775427 278.0461730957
26100.0000000000 0.0831908941 33.2430038452
26200.0000000000 0.1092457430 184.5927734375
26300.0000000000 0.1020184559 99.8074035645
26400.0000000000 0.0765003505 6.1049180031
26500.0000000000 0.0919503469 21.1563205719
26600.0000000000 0.0814464518 5.7593169212
26700.0000000000 0.0858044024 22.3878383636
26800.0000000000 0.0783786266 11.3789062500
26900.0000000000 0.0784045795 5.6930937767
27000.0000000000 0.0801209785 27.6291904449
27100.0000000000 0.1000436737 116.7673416138
27200.0000000000 0.1134216027 114.2800979614
27300.0000000000 0.0858602421 51.1531028748
27400.0000000000 0.0773023450 6.3354096413
27500.0000000000 0.0785192962 5.9346237183
27600.0000000000 0.0898348997 14.4793205261
27700.0000000000 0.0773580975 59.3757514954
27800.0000000000 0.0809060335 20.3254814148
27900.0000000000 0.0791084403 36.5269927979
28000.0000000000 0.1028391941 165.3492584229
28100.0000000000 0.0910040811 114.8424606323
28200.0000000000 0.0775596178 4.1361017227
28300.0000000000 0.0743253593 3.7067937851
28400.0000000000 0.0732643186 3.4808866978
28500.0000000000 0.0723002831 3.3333501816
28600.0000000000 0.0726300411 4.9376602173
28700.0000000000 0.2081678214 1397.0748291016
28800.0000000000 0.0730841173 3.3269536495
28900.0000000000 0.0791934920 4.6938605309
29000.0000000000 0.0755378958 8.5791540146
29100.0000000000 0.0755822780 12.1933116913
29200.0000000000 0.1348008041 292.3143005371
29300.0000000000 0.1086819297 50.6993637085
29400.0000000000 0.0721191335 3.2792596817
29500.0000000000 0.0715627246 3.0542907715
29600.0000000000 0.0775465598 5.7739291191
29700.0000000000 0.0704281908 3.0414509773
29800.0000000000 0.0726871739 3.4533390999
29900.0000000000 0.1970812671 327.6885986328
30000.0000000000 0.0722186485 2.9722611904
30100.0000000000 0.0709964340 2.8161761761
30200.0000000000 0.0702576075 2.7136535645
30300.0000000000 0.0766465252 9.5466709137
30400.0000000000 0.0715760617 2.7122764587
30500.0000000000 0.0728262536 16.7225494385
30600.0000000000 0.0699826662 2.8850741386
30700.0000000000 0.0902630119 89.7856521606
30800.0000000000 0.0726614355 2.6524016857
30900.0000000000 0.0707037799 2.4964897633
31000.0000000000 0.0749559225 6.8165268898
31100.0000000000 0.0697890431 2.4757962227
31200.0000000000 0.0727834924 11.5190429688
31300.0000000000 0.0704896710 2.3893768787
31400.0000000000 0.0853466272 36.5216751099
31500.0000000000 0.0704650525 2.5315022469
31600.0000000000 0.0711032093 2.9215545654
31700.0000000000 0.0749411472 4.4503979683
31800.0000000000 0.0718217341 21.6770648956
31900.0000000000 0.0778233017 20.6320533752
32000.0000000000 0.0816003029 46.1839790344
32100.0000000000 0.0689119702 8.7774667740
32200.0000000000 0.0768414247 33.8843383789
32300.0000000000 0.0993795213 134.2034912109
32400.0000000000 0.0734884738 3.4315676689
32500.0000000000 0.0808036929 55.8475761414
32600.0000000000 0.0779306353 47.8739242554
32700.0000000000 0.0719979269 22.8573036194
32800.0000000000 0.0681645836 2.5488231182
32900.0000000000 0.0953773115 60.6027145386
33000.0000000000 0.0774628232 14.7182445526
33100.0000000000 0.0802869986 22.4948825836
33200.0000000000 0.0871527746 30.4086570740
33300.0000000000 0.0842288721 25.1893215179
33400.0000000000 0.0843182194 25.8473300934
33500.0000000000 0.0880528774 23.8988132477
33600.0000000000 0.0817743809 73.7365493774
33700.0000000000 0.0673898580 2.7276482582
33800.0000000000 0.0650304357 2.5043776035
33900.0000000000 0.0645450279 2.3632664680
34000.0000000000 0.0642878540 2.2601437569
34100.0000000000 0.0714717861 15.3298063278
34200.0000000000 0.0728147944 24.3991127014
34300.0000000000 0.0732531379 66.2796859741
34400.0000000000 0.0728721836 51.1577033997
34500.0000000000 0.0787177169 104.6462402344
34600.0000000000 0.0653465656 2.9439408779
34700.0000000000 0.0766620452 142.0436096191
34800.0000000000 0.0820871202 7.9000244141
34900.0000000000 0.0775156092 85.1635894775
35000.0000000000 0.0919337728 176.4354095459
35100.0000000000 0.0654537225 2.2832434177
35200.0000000000 0.0642958874 2.1307578087
35300.0000000000 0.0634083404 2.0465438366
35400.0000000000 0.0627135522 1.9844216108
35500.0000000000 0.0683306206 4.6063742638
35600.0000000000 0.0629460563 1.9498971701
35700.0000000000 0.0711711688 6.0810446739
35800.0000000000 0.0626863366 1.9241663218
35900.0000000000 0.0642524132 2.1412091255
36000.0000000000 0.0949823937 104.3616027832
36100.0000000000 0.0620995977 1.8838616610
36200.0000000000 0.0651433263 4.8714580536
36300.0000000000 0.1242885959 604.1842651367
36400.0000000000 0.0637623333 4.3468408585
36500.0000000000 0.0830495246 136.2956237793
36600.0000000000 0.0899769933 151.7700805664
36700.0000000000 0.0728301980 114.2666931152
36800.0000000000 0.0695920885 31.3572216034
36900.0000000000 0.0676422383 28.4462490082
37000.0000000000 0.0674865398 19.0950126648
37100.0000000000 0.0627789732 3.2782344818
37200.0000000000 0.0665239184 19.3015670776
37300.0000000000 0.0812622752 108.0891799927
37400.0000000000 0.0833353534 104.0388641357
37500.0000000000 0.0898857673 134.1250915527
37600.0000000000 0.0623616019 3.7113945484
37700.0000000000 0.0651791236 16.2590999603
37800.0000000000 0.0609373700 2.9407052994
37900.0000000000 0.0630246146 13.1650953293
38000.0000000000 0.0627756267 4.8280448914
38100.0000000000 0.0776347075 31.8610706329
38200.0000000000 0.0670591938 44.8786201477
38300.0000000000 0.0637438569 23.7298870087
38400.0000000000 0.0615322080 9.0306539536
38500.0000000000 0.0768884004 55.4830360413
38600.0000000000 0.0633069900 8.0188169479
38700.0000000000 0.0735617908 21.2830905914
38800.0000000000 0.0658559328 7.4239072800
38900.0000000000 0.0808458642 109.3579254150
39000.0000000000 0.0745656986 67.0951309204
39100.0000000000 0.0615027757 51.4052963257
39200.0000000000 0.0766442286 107.4847412109
39300.0000000000 0.0607512933 14.3487348557
39400.0000000000 0.0615732807 2.6518893242
39500.0000000000 0.0589717304 5.5908432007
39600.0000000000 0.0708352349 103.8726654053
39700.0000000000 0.0594637695 2.2073388100
39800.0000000000 0.0588531927 2.0777792931
39900.0000000000 0.0586018627 1.9832628965
40000.0000000000 0.1162334977 26.1908569336
40100.0000000000 0.0584210167 1.8680509329
40200.0000000000 0.0590724922 2.4933545589
40300.0000000000 0.0587300070 1.9723299742
40400.0000000000 0.0587674231 1.7708772421
40500.0000000000 0.0601715879 2.2596237659
40600.0000000000 0.0590758586 1.7213935852
40700.0000000000 0.0634726825 6.5294013023
40800.0000000000 0.0595416190 1.7056298256
40900.0000000000 0.0589034084 1.6660238504
41000.0000000000 0.0615753617 2.1986837387
41100.0000000000 0.0593510674 1.6466857195
41200.0000000000 0.0585205909 1.6128450632
41300.0000000000 0.0804006077 97.7555847168
41400.0000000000 0.0604304266 30.4018650055
41500.0000000000 0.0642075183 13.2659645081
41600.0000000000 0.0670597815 58.5593452454
41700.0000000000 0.0585192705 1.6578615904
41800.0000000000 0.0595239746 1.6237676144
41900.0000000000 0.0611723634 3.4016096592
42000.0000000000 0.1094729314 300.9881286621
42100.0000000000 0.0645830236 18.3579730988
42200.0000000000 0.0835532690 111.8733062744
42300.0000000000 0.0610902856 16.0269985199
42400.0000000000 0.0628978881 58.0650367737
42500.0000000000 0.0582665125 1.9800345898
42600.0000000000 0.0570479981 1.6004568338
42700.0000000000 0.0565790030 1.5356191397
42800.0000000000 0.0562373649 1.4876251221
42900.0000000000 0.0631595469 2.6023154259
43000.0000000000 0.0570598311 2.1566779613
43100.0000000000 0.0642397261 27.5352916718
43200.0000000000 0.0678104257 52.3729095459
43300.0000000000 0.0619976133 8.7690992355
43400.0000000000 0.0629448108 39.6291198730
43500.0000000000 0.0711960385 61.5919799805
43600.0000000000 0.0686151883 26.1364841461
43700.0000000000 0.0662223870 42.7061500549
43800.0000000000 0.0619641726 31.2702560425
43900.0000000000 0.0618713608 13.6723117828
44000.0000000000 0.0590634912 4.6018757820
44100.0000000000 0.0601029605 43.8979911804
44200.0000000000 0.0595890719 2.0456306934
44300.0000000000 0.0761591698 78.8344116211
44400.0000000000 0.0612897447 8.4880228043
44500.0000000000 0.0661988212 43.9771118164
44600.0000000000 0.0744300276 80.8593063354
44700.0000000000 0.0737471713 50.0679206848
44800.0000000000 0.0903616596 79.3637084961
44900.0000000000 0.0582221724 13.2210130692
45000.0000000000 0.0781635286 93.7395706177
45100.0000000000 0.0573349884 1.5651094913
45200.0000000000 0.0568450433 1.4849851131
45300.0000000000 0.0565590651 1.4359666109
45400.0000000000 0.0564352525 1.3995279074
45500.0000000000 0.0563545658 1.3691567183
45600.0000000000 0.0602855351 2.9127786160
45700.0000000000 0.0564524296 1.3478921652
45800.0000000000 0.0626780448 27.8955821991
45900.0000000000 0.0564110916 1.3296422958
46000.0000000000 0.0726167418 47.7720222473
46100.0000000000 0.0561764775 1.3128129244
46200.0000000000 0.0700334632 3.7728917599
46300.0000000000 0.0557808061 1.2869732380
46400.0000000000 0.0564162702 2.0224771500
46500.0000000000 0.0983823506 307.8387756348
46600.0000000000 0.0552902987 1.2872583866
46700.0000000000 0.0990887745 211.4235839844
46800.0000000000 0.0548450408 1.2487612963
46900.0000000000 0.0574105294 3.8257374763
47000.0000000000 0.0547705549 2.6285545826
47100.0000000000 0.0541437542 1.2892037630
47200.0000000000 0.0968821945 89.7777328491
47300.0000000000 0.0672799305 22.2186470032
47400.0000000000 0.0549284652 1.1991269588
47500.0000000000 0.0536580231 1.4650341272
47600.0000000000 0.0554078225 1.2764189243
47700.0000000000 0.0536722494 1.1659986973
47800.0000000000 0.0639979195 21.2140674591
47900.0000000000 0.0538868245 1.1491227150
48000.0000000000 0.1075104440 477.3731994629
48100.0000000000 0.0534788834 1.1517970562
48200.0000000000 0.0690657486 58.3804664612
48300.0000000000 0.0540622925 1.1255815029
48400.0000000000 0.0545115986 1.8052788973
48500.0000000000 0.0533518001 1.1009548903
48600.0000000000 0.0550046584 4.9363889694
48700.0000000000 0.0534829197 1.0885570049
48800.0000000000 0.0559270519 43.1289062500
48900.0000000000 0.0540133763 1.1125931740
49000.0000000000 0.0531124582 1.0585523844
49100.0000000000 0.0562990139 7.2422494888
49200.0000000000 0.0531933224 1.0519081354
49300.0000000000 0.0527424088 1.0305339098
49400.0000000000 0.0572213365 2.0666401386
49500.0000000000 0.0528909287 1.0245138407
49600.0000000000 0.0823028596 112.0341644287
49700.0000000000 0.0533779234 1.0218881369
49800.0000000000 0.0588425263 26.8663024902
49900.0000000000 0.0529912371 1.0581256151
50000.0000000000 0.0524231784 0.9870271087
50100.0000000000 0.0520606726 0.9728032947
50200.0000000000 0.0518059279 0.9591186047
50300.0000000000 0.0555128769 2.8877041340
50400.0000000000 0.0522378983 1.1270960569
50500.0000000000 0.0525926817 0.9856788516
50600.0000000000 0.0536945679 6.2443737984
50700.0000000000 0.0518988891 0.9816666842
50800.0000000000 0.0924077319 126.4960632324
50900.0000000000 0.0515155086 0.9352670312
51000.0000000000 0.0512174307 0.9052135944
51100.0000000000 0.0538362664 1.4544857740
51200.0000000000 0.0513169195 0.8948355913
51300.0000000000 0.0524649595 1.2830892801
51400.0000000000 0.1911357131 379.5941467285
51500.0000000000 0.0518798178 0.9018192887
51600.0000000000 0.0509338503 0.8753693104
51700.0000000000 0.0527706474 3.4508471489
51800.0000000000 0.0507274896 0.8640183806
51900.0000000000 0.0574844210 5.1792869568
52000.0000000000 0.0513718601 2.9005379677
52100.0000000000 0.0517285965 0.9279240370
52200.0000000000 0.0505799958 0.8501753211
52300.0000000000 0.1236504157 179.8616333008
52400.0000000000 0.0568721187 9.8806324005
52500.0000000000 0.0519712475 1.4264467955
52600.0000000000 0.0525232691 1.1116410494
52700.0000000000 0.0505709872 0.8315252662
52800.0000000000 0.0501032094 0.8191780448
52900.0000000000 0.1811885145 110.9476699829
53000.0000000000 0.0506036499 0.8230871558
53100.0000000000 0.0499258291 0.8058499098
53200.0000000000 0.0574473007 5.1138696671
53300.0000000000 0.0497121565 0.8025205731
53400.0000000000 0.0495507593 1.4099106789
53500.0000000000 0.0495233684 0.7978959680
53600.0000000000 0.0574979579 5.9498410225
53700.0000000000 0.0493502348 0.7949833274
53800.0000000000 0.0517485844 5.1303515434
53900.0000000000 0.0488640737 0.7802448869
54000.0000000000 0.0492375080 0.9032993913
54100.0000000000 0.0735883920 54.9887619019
54200.0000000000 0.0487420312 0.7758103013
54300.0000000000 0.0492069710 1.8157894611
54400.0000000000 0.0549641691 11.0057525635
54500.0000000000 0.0622452136 19.3951606750
54600.0000000000 0.0499386764 3.2061986923
54700.0000000000 0.0488936489 1.5800164938
54800.0000000000 0.0479690324 0.7576770782
54900.0000000000 0.0478352331 0.7442622185
55000.0000000000 0.0687128507 82.0890731812
55100.0000000000 0.0483486696 0.7556346059
55200.0000000000 0.0479275420 0.7365128994
55300.0000000000 0.0476278256 0.7263693810
55400.0000000000 0.0489984176 1.4777600765
55500.0000000000 0.0564456833 70.6323318481
55600.0000000000 0.0476516864 0.7206643224
55700.0000000000 0.0491933979 1.8590340614
55800.0000000000 0.0473928361 0.7179282904
55900.0000000000 0.0480318747 1.9655617476
56000.0000000000 0.0719371020 71.7554550171
56100.0000000000 0.0541945153 10.6185741425
56200.0000000000 0.0591653602 104.5489196777
56300.0000000000 0.0557398454 44.2226486206
56400.0000000000 0.0546674031 7.9259700775
56500.0000000000 0.0521919377 12.5441637039
56600.0000000000 0.0512144110 3.1149818897
56700.0000000000 0.0467785464 0.8278877735
56800.0000000000 0.0467257958 0.9372373223
56900.0000000000 0.0472407163 0.8236005902
57000.0000000000 0.0482810995 6.0060400963
57100.0000000000 0.0464517906 0.7083612084
57200.0000000000 0.0461122596 0.6958372593
57300.0000000000 0.0459682700 0.6866668463
57400.0000000000 0.0462252324 0.8825855851
57500.0000000000 0.0692360073 53.7011528015
57600.0000000000 0.0462896787 0.7086329460
57700.0000000000 0.0881873598 198.0574493408
57800.0000000000 0.0463518056 0.6738736033
57900.0000000000 0.0487131236 5.5537433624
58000.0000000000 0.0460590192 0.6644257903
58100.0000000000 0.0465495988 1.3725520372
58200.0000000000 0.0458718648 0.7175127268
58300.0000000000 0.0463480373 0.8381589055
58400.0000000000 0.0459637388 0.8357515335
58500.0000000000 0.0461552015 0.7598274946
58600.0000000000 0.0456203266 0.6485601664
58700.0000000000 0.0477061535 9.1014509201
58800.0000000000 0.0454400621 0.6445465088
58900.0000000000 0.0469157656 1.6128501892
59000.0000000000 0.0455542323 0.6400948763
59100.0000000000 0.0469642162 0.9280726910
59200.0000000000 0.0454098098 0.6356500983
59300.0000000000 0.0608126693 9.0854854584
59400.0000000000 0.0453323205 0.6331776381
59500.0000000000 0.0497493608 3.7284080982
59600.0000000000 0.0453574170 0.6302850246
59700.0000000000 0.0494977262 15.4723358154
59800.0000000000 0.0453468239 0.6232795119
59900.0000000000 0.0466510929 5.3820166588
60000.0000000000 0.0453570278 0.6978163123
60100.0000000000 0.0450285822 0.6185940504
60200.0000000000 0.0447590148 0.6110603809
60300.0000000000 0.0777592147 21.7903823853
60400.0000000000 0.0460323643 3.8787083626
60500.0000000000 0.0461000838 2.0017235279
60600.0000000000 0.0442289222 0.9375494719
60700.0000000000 0.0449760499 0.8005393744
60800.0000000000 0.0442565703 0.5927376151
60900.0000000000 0.0599019565 29.2834606171
61000.0000000000 0.0442482233 0.5882806182
61100.0000000000 0.0440632743 0.5809709430
61200.0000000000 0.0607770245 7.8600583076
61300.0000000000 0.0448429610 0.5885971785
61400.0000000000 0.0443389661 0.5775933266
61500.0000000000 0.0472926043 5.5726380348
61600.0000000000 0.0442859021 0.5779946446
61700.0000000000 0.0439648979 0.5708259940
61800.0000000000 0.0695948123 42.7390060425
61900.0000000000 0.0442263875 0.5711559653
62000.0000000000 0.0511818022 16.2893581390
62100.0000000000 0.0437599822 0.5643920302
62200.0000000000 0.0585941775 66.9696502686
62300.0000000000 0.0438512213 0.5668544173
62400.0000000000 0.0434141733 0.5554302931
62500.0000000000 0.0447933565 1.6404329538
62600.0000000000 0.0942080778 13.5152816772
62700.0000000000 0.0434285064 0.5505635142
62800.0000000000 0.0446572765 0.9146694541
62900.0000000000 0.0434075145 0.5449660420
63000.0000000000 0.0440196678 0.6172717214
63100.0000000000 0.0432603446 0.5415562987
63200.0000000000 0.0472832939 4.8028593063
63300.0000000000 0.0433412560 0.5392927527
63400.0000000000 0.1087148563 542.3032836914
63500.0000000000 0.0435330776 0.5521463156
63600.0000000000 0.0453662760 1.4059045315
63700.0000000000 0.0431929449 0.5310527682
63800.0000000000 0.0444283650 2.1659238338
63900.0000000000 0.0429409182 0.5264502764
64000.0000000000 0.0576374013 10.0571422577
64100.0000000000 0.0429653787 0.5251716971
64200.0000000000 0.0746548896 38.5916023254
64300.0000000000 0.0429359457 0.5247390866
64400.0000000000 0.0426587398 0.5149549842
64500.0000000000 0.0633330921 95.7952041626
64600.0000000000 0.0429735053 0.5229033828
64700.0000000000 0.0426907005 0.5130609870
64800.0000000000 0.0439363855 1.0334042311
64900.0000000000 0.0427608043 0.5113755465
65000.0000000000 0.0424369187 0.5061261654
65100.0000000000 0.0422748036 0.5021077991
65200.0000000000 0.0421580951 0.4981172085
65300.0000000000 0.1434094412 618.9962158203
65400.0000000000 0.0425087586 0.5172930956
65500.0000000000 0.0422077040 0.4945052862
65600.0000000000 0.0440320001 3.7482261658
65700.0000000000 0.0423676684 0.4912383854
65800.0000000000 0.0419975913 0.4860562682
65900.0000000000 0.0467408891 1.5200350285
66000.0000000000 0.0419644411 0.4830641150
66100.0000000000 0.0417870468 0.4787328243
66200.0000000000 0.0493303665 3.7440724373
66300.0000000000 0.0422331806 0.4828183651
66400.0000000000 0.0417997473 0.4769623578
66500.0000000000 0.0431700234 1.4706463814
66600.0000000000 0.0418080785 0.4747456908
66700.0000000000 0.0416178824 0.4704369307
66800.0000000000 0.0761407530 78.9685821533
66900.0000000000 0.0416406427 0.4741873443
67000.0000000000 0.0414815783 0.4655953050
67100.0000000000 0.0479195381 5.5254330635
67200.0000000000 0.0418400198 0.4662850201
67300.0000000000 0.0414654116 0.4601619542
67400.0000000000 0.0674859593 131.9613494873
67500.0000000000 0.0415735751 0.4698986411
67600.0000000000 0.0413444666 0.4561591744
67700.0000000000 0.0411690533 0.4521770775
67800.0000000000 0.0452935393 1.5693547726
67900.0000000000 0.0412475969 0.4499801397
68000.0000000000 0.0449185769 7.6069030762
68100.0000000000 0.0411055591 0.4468467534
68200.0000000000 0.0409412981 0.4429850578
68300.0000000000 0.0462914797 3.5760645866
68400.0000000000 0.0411491839 0.4448352754
68500.0000000000 0.0408743074 0.4401610792
68600.0000000000 0.0582786352 4.6589508057
68700.0000000000 0.0413319567 0.4469364882
68800.0000000000 0.0410073150 0.4380078018
68900.0000000000 0.0408112379 0.4350629449
69000.0000000000 0.0409495876 0.4986944199
69100.0000000000 0.0407808043 0.4318962693
69200.0000000000 0.0405743066 0.4285272956
69300.0000000000 0.0418293952 0.5498581529
69400.0000000000 0.0406864431 0.4292901456
69500.0000000000 0.0404498199 0.4252886474
69600.0000000000 0.0544057280 16.6635761261
69700.0000000000 0.0409910418 0.4303646088
69800.0000000000 0.0406037314 0.4227271080
69900.0000000000 0.0792292448 254.5774536133
70000.0000000000 0.0406111940 0.4342556000
70100.0000000000 0.0403386722 0.4174453020
70200.0000000000 0.0401753681 0.4145865440
70300.0000000000 0.0400586153 0.4117381573
70400.0000000000 0.0402400975 1.6471134424
70500.0000000000 0.0409738291 0.4479683340
70600.0000000000 0.0402221554 0.4123980999
70700.0000000000 0.0399455784 0.4079984426
70800.0000000000 0.0553263307 13.1221675873
70900.0000000000 0.0402234196 0.4102757573
71000.0000000000 0.0399165792 0.4029351771
71100.0000000000 0.0397472181 0.3999295831
71200.0000000000 0.0406489778 0.8983284831
71300.0000000000 0.0394860717 0.4061051607
71400.0000000000 0.0395072923 0.4460824430
71500.0000000000 0.0398678004 1.1091510057
71600.0000000000 0.0392983081 0.3949608505
71700.0000000000 0.0437848220 7.5155930519
71800.0000000000 0.0391674287 0.3907028735
71900.0000000000 0.0390550809 1.3674899340
72000.0000000000 0.0391014131 0.3896494508
72100.0000000000 0.1157988047 222.8375701904
72200.0000000000 0.0392550816 0.3972077072
72300.0000000000 0.0389706241 0.3840609789
72400.0000000000 0.0406381670 1.0454176664
72500.0000000000 0.0391305106 0.3836695850
72600.0000000000 0.0389584786 0.3801668882
72700.0000000000 0.0450856464 5.4860630035
72800.0000000000 0.0390232574 0.3802256286
72900.0000000000 0.0388399390 0.3768450022
73000.0000000000 0.0769609595 72.3027877808
73100.0000000000 0.0392038386 0.3825384080
73200.0000000000 0.0388558802 0.3753391802
73300.0000000000 0.0466823844 36.9202880859
73400.0000000000 0.0388727689 0.3758183122
73500.0000000000 0.0386606348 0.3716464043
73600.0000000000 0.0385277887 0.3691052794
73700.0000000000 0.0395169050 0.4275891781
73800.0000000000 0.0386141150 0.3695871532
73900.0000000000 0.0384347620 0.3665115237
74000.0000000000 0.0388420941 0.4495235384
74100.0000000000 0.0385995419 0.3660984337
74200.0000000000 0.0384123588 0.3632900417
74300.0000000000 0.0406744575 1.2189314365
74400.0000000000 0.0384336487 0.3623451889
74500.0000000000 0.0382927390 0.3598428369
74600.0000000000 0.0656077989 17.9972534180
74700.0000000000 0.0386638338 0.3630074263
74800.0000000000 0.0383198039 0.3585688174
74900.0000000000 0.0601617138 31.7212829590
75000.0000000000 0.0384350083 0.3628939688
75100.0000000000 0.0382430437 0.3570832014
75200.0000000000 0.0381069228 0.3546117246
75300.0000000000 0.0380015607 0.3523943722
75400.0000000000 0.0379195803 0.3501912355
75500.0000000000 0.0381094835 1.1545954943
75600.0000000000 0.0381337443 0.3499877453
75700.0000000000 0.0379022379 0.3473120928
75800.0000000000 0.0739231666 93.0998229980
75900.0000000000 0.0380498391 0.3500558436
76000.0000000000 0.0378883368 0.3445051014
76100.0000000000 0.0377689437 0.3422097564
76200.0000000000 0.0565203602 7.8258523941
76300.0000000000 0.0381179859 0.3471269906
76400.0000000000 0.0378669574 0.3417187333
76500.0000000000 0.0376941574 0.3393408954
76600.0000000000 0.0375847074 0.3373627365
76700.0000000000 0.0387329870 0.8082187176
76800.0000000000 0.0376750688 0.3378632367
76900.0000000000 0.0375624139 0.3351680338
77000.0000000000 0.0392076865 1.7808818817
77100.0000000000 0.0375729629 0.3333979845
77200.0000000000 0.0374171536 0.3310268223
77300.0000000000 0.0373166084 0.3291735649
77400.0000000000 0.0380069500 0.4201970696
77500.0000000000 0.0372880119 0.3276255727
77600.0000000000 0.0372423598 0.4213636816
77700.0000000000 0.0372810795 0.3259769380
77800.0000000000 0.0371364807 0.3239249289
77900.0000000000 0.1440415779 151.3610382080
78000.0000000000 0.0375366344 0.3328616321
78100.0000000000 0.0371982924 0.3232127428
78200.0000000000 0.0370313002 0.3208980560
78300.0000000000 0.0378663888 0.5542136431
78400.0000000000 0.0371831445 0.3212791383
78500.0000000000 0.0369662397 0.3190433979
78600.0000000000 0.0367704620 0.3257199824
78700.0000000000 0.0370063540 0.3361741900
78800.0000000000 0.0368075569 0.3158552945
78900.0000000000 0.0367316929 0.3140556216
79000.0000000000 0.0419891311 1.6267048120
79100.0000000000 0.0369259168 0.3160223365
79200.0000000000 0.0367477821 0.3132973015
79300.0000000000 0.0366360637 0.3114577532
79400.0000000000 0.0372218886 0.3516831100
79500.0000000000 0.0368854965 0.3122262359
79600.0000000000 0.0366895003 0.3098983765
79700.0000000000 0.0443996969 89.5421066284
79800.0000000000 0.0367156240 0.3146074712
79900.0000000000 0.0365315218 0.3068969846
80000.0000000000 0.0364230220 0.3052086234
80100.0000000000 0.0363484124 0.3036742806
80200.0000000000 0.0362873743 0.3020523489
80300.0000000000 0.0363719084 0.5032389164
80400.0000000000 0.0364345468 0.3026449978
80500.0000000000 0.0362808976 0.3006253242
80600.0000000000 0.0361691754 0.2991214395
80700.0000000000 0.0367668906 0.3537490666
80800.0000000000 0.0362787365 0.2981929183
80900.0000000000 0.0361466715 0.2963882685
81000.0000000000 0.0362549518 0.3553334773
81100.0000000000 0.0361650860 0.3086793423
81200.0000000000 0.0360018667 0.2932599485
81300.0000000000 0.0359237262 0.2917673290
81400.0000000000 0.0375710861 0.5124135017
81500.0000000000 0.0360411105 0.2925026119
81600.0000000000 0.0358979819 0.2905819714
81700.0000000000 0.0586492736 54.9104232788
81800.0000000000 0.0360207376 0.2920154929
81900.0000000000 0.0358617206 0.2884587646
82000.0000000000 0.0357596385 0.2869415283
82100.0000000000 0.0355068444 0.3401534557
82200.0000000000 0.0357097645 0.3012962341
82300.0000000000 0.0356572812 0.2846169174
82400.0000000000 0.0355695567 0.2831493616
82500.0000000000 0.0422456924 13.2193756104
82600.0000000000 0.0358059691 0.2838567793
82700.0000000000 0.0355806909 0.2814816236
82800.0000000000 0.0359424649 0.4102321565
82900.0000000000 0.0354997625 0.2804296911
83000.0000000000 0.0354041933 0.2790324986
83100.0000000000 0.0799423227 233.5194854736
83200.0000000000 0.0354779549 0.2823414505
83300.0000000000 0.0352572421 0.2767611146
83400.0000000000 0.0351871005 0.2753526866
83500.0000000000 0.0354766446 0.3377827406
83600.0000000000 0.0353149332 0.2754355073
83700.0000000000 0.0351154564 0.3166799247
83800.0000000000 0.0354001726 0.2784356475
83900.0000000000 0.0351869364 0.2726329267
84000.0000000000 0.0350627368 0.2713282704
84100.0000000000 0.0373219758 2.6728460789
84200.0000000000 0.0349484591 0.2702979147
84300.0000000000 0.0348683097 0.2719995081
84400.0000000000 0.0357798505 0.3248406947
84500.0000000000 0.0350581208 0.2690930068
84600.0000000000 0.0348913783 0.2675199509
84700.0000000000 0.0356892716 0.4730435014
84800.0000000000 0.0348815125 0.2668687701
84900.0000000000 0.0347811967 0.2654929161
85000.0000000000 0.0347007269 0.2642599940
85100.0000000000 0.0346498961 0.2631346881
85200.0000000000 0.0345561173 1.3901737928
85300.0000000000 0.0347494488 0.2698172331
85400.0000000000 0.0345973096 0.2610318959
85500.0000000000 0.0341779787 0.8431234360
85600.0000000000 0.0347307326 0.2662954032
85700.0000000000 0.0345601906 0.2589946389
85800.0000000000 0.0344815716 0.2577573657
85900.0000000000 0.0345760764 0.2817239463
86000.0000000000 0.0344419391 0.2564717531
86100.0000000000 0.0343493255 0.2553644776
86200.0000000000 0.0351857233 0.3825468123
86300.0000000000 0.0342875992 0.2544093728
86400.0000000000 0.0342057293 0.2531922162
86500.0000000000 0.0341811587 0.2641128600
86600.0000000000 0.0342554155 0.2526950836
86700.0000000000 0.0341621436 0.2514452934
86800.0000000000 0.0361284233 0.3465129435
86900.0000000000 0.0341607274 0.2505311966
87000.0000000000 0.0340573365 0.2494432181
87100.0000000000 0.0799696494 105.7714538574
87200.0000000000 0.0340377336 0.2516979873
87300.0000000000 0.0339211274 0.2477432787
87400.0000000000 0.0450754790 3.2261815071
87500.0000000000 0.0340142530 0.2479521334
87600.0000000000 0.0338912401 0.2460050583
87700.0000000000 0.0338203628 0.2448990792
87800.0000000000 0.0339380928 0.3404923081
87900.0000000000 0.0338374813 0.2442607582
88000.0000000000 0.0337417290 0.2431925982
88100.0000000000 0.0822894747 49.8075370789
88200.0000000000 0.0337764318 0.2446043491
88300.0000000000 0.0336366399 0.2415907979
88400.0000000000 0.0530514763 35.6494522095
88500.0000000000 0.0336463655 0.2422241867
88600.0000000000 0.0335576946 0.2401427627
88700.0000000000 0.0335004340 0.2390571982
88800.0000000000 0.0339797317 0.4124287367
88900.0000000000 0.0335249636 0.2384833544
89000.0000000000 0.0334230758 0.2374636233
89100.0000000000 0.0338382058 0.3316334784
89200.0000000000 0.0333576090 0.2599325776
89300.0000000000 0.0333248434 0.2360440642
89400.0000000000 0.0341612863 1.2273763418
89500.0000000000 0.0333547503 0.2357647270
89600.0000000000 0.0332468182 0.2344516665
89700.0000000000 0.0331805742 0.2335218340
89800.0000000000 0.0341205686 1.7366241217
89900.0000000000 0.0332148303 0.2334620655
90000.0000000000 0.0331259483 0.2322414964
90100.0000000000 0.0330661997 0.2313773334
90200.0000000000 0.0330220197 0.2305019349
90300.0000000000 0.0395423352 2.0687577724
90400.0000000000 0.0331205901 0.2301190495
90500.0000000000 0.0330056482 0.2288607955
90600.0000000000 0.0329338563 0.3143487573
90700.0000000000 0.0329030016 0.2443287075
90800.0000000000 0.0329122168 0.2272569835
90900.0000000000 0.0328433704 0.2263279706
91000.0000000000 0.0327786591 0.2254056484
91100.0000000000 0.0330863278 0.2846254408
91200.0000000000 0.0327918022 0.2245634049
91300.0000000000 0.0716746849 62.8481788635
91400.0000000000 0.0328413799 0.2261265069
91500.0000000000 0.0327006039 0.2231944352
91600.0000000000 0.0326410934 0.2222209871
91700.0000000000 0.0331811659 0.2658028603
91800.0000000000 0.0326186644 0.2212829888
91900.0000000000 0.0325456871 0.2204408348
92000.0000000000 0.0591370839 36.7528076172
92100.0000000000 0.0326384237 0.2235687226
92200.0000000000 0.0325147989 0.2193284631
92300.0000000000 0.0324339995 0.2184974849
92400.0000000000 0.0322029987 0.6396223903
92500.0000000000 0.0324784716 0.2184018344
92600.0000000000 0.0323994215 0.2172996253
92700.0000000000 0.0323448277 0.2164488435
92800.0000000000 0.0325682544 0.3054771423
92900.0000000000 0.0323089909 0.2155781686
93000.0000000000 0.0322383844 0.2148009092
93100.0000000000 0.0603339690 95.0985794067
93200.0000000000 0.0324194673 0.2184391618
93300.0000000000 0.0322297150 0.2140452117
93400.0000000000 0.0321354939 0.2131654620
93500.0000000000 0.0326030488 1.3904452324
93600.0000000000 0.0321761770 0.2130500674
93700.0000000000 0.0320757564 0.2119290531
93800.0000000000 0.0320148329 0.2111366391
93900.0000000000 0.0345210551 0.7247350812
94000.0000000000 0.0319517645 0.2101840973
94100.0000000000 0.0318995563 0.2094065100
94200.0000000000 0.0413336196 5.6256909370
94300.0000000000 0.0319906302 0.2100093961
94400.0000000000 0.0318650561 0.2087264210
94500.0000000000 0.0318011068 0.2079515755
94600.0000000000 0.0322634078 0.3439897001
94700.0000000000 0.0318297926 0.2076922357
94800.0000000000 0.0317535480 0.2067334652
94900.0000000000 0.0317046493 0.2059915513
95000.0000000000 0.0319630903 0.2557504177
95100.0000000000 0.0316535074 0.2051436305
95200.0000000000 0.0316054104 0.2044745535
95300.0000000000 0.0315653411 0.2038151622
95400.0000000000 0.0314920198 0.7165043354
95500.0000000000 0.0315876803 0.2108489126
95600.0000000000 0.0315476225 0.2027373612
95700.0000000000 0.0314802968 0.2020127028
95800.0000000000 0.0329513009 1.2325118780
95900.0000000000 0.0315019639 0.2018184811
96000.0000000000 0.0314206553 0.2007751763
96100.0000000000 0.0313704524 0.2000693679
96200.0000000000 0.0335143140 0.7286868691
96300.0000000000 0.0313343551 0.1993870139
96400.0000000000 0.0312766298 0.1986642480
96500.0000000000 0.0312341851 0.1980142742
96600.0000000000 0.0365162206 0.6296588778
96700.0000000000 0.0312729413 0.1977769881
96800.0000000000 0.0311833567 0.1969055682
96900.0000000000 0.0388470431 2.0682997704
97000.0000000000 0.0312678747 0.1972315758
97100.0000000000 0.0311485560 0.1960396171
97200.0000000000 0.0310687774 0.1953840554
97300.0000000000 0.0310361551 0.1949975491
97400.0000000000 0.0308125118 0.2151369601
97500.0000000000 0.0309655933 0.1941533685
97600.0000000000 0.0309258269 0.1935023814
97700.0000000000 0.0308770917 0.2131848931
97800.0000000000 0.0309714720 0.2042327821
97900.0000000000 0.0309045297 0.1926279366
98000.0000000000 0.0308421728 0.1919326782
98100.0000000000 0.0317942637 1.7717480659
98200.0000000000 0.0308956877 0.1917450279
98300.0000000000 0.0307964988 0.1908635646
98400.0000000000 0.0307435850 0.1902257949
98500.0000000000 0.0310374463 1.6746716499
98600.0000000000 0.0307045886 0.1896514446
98700.0000000000 0.0306485973 0.1889345348
98800.0000000000 0.0306115004 0.1883581877
98900.0000000000 0.0310253783 0.3295472264
99000.0000000000 0.0306482282 0.1882160455
99100.0000000000 0.0305702002 0.1875491142
99200.0000000000 0.0683175882 91.9108047485
99300.0000000000 0.0306716824 0.1912613064
99400.0000000000 0.0305179158 0.1866356283
99500.0000000000 0.0304624837 0.1859546602
99600.0000000000 0.0583512406 38.7738380432
99700.0000000000 0.0304465991 0.1873306632
99800.0000000000 0.0303782268 0.1847517341
99900.0000000000 0.0303346391 0.1841775477
100000.0000000000 0.0491430081 12.5366830826
100100.0000000000 0.0303860355 0.1847160459
100200.0000000000 0.0302860366 0.1833220273
100300.0000000000 0.0302331646 0.1827412248
100400.0000000000 0.0301927098 0.1821855307
100500.0000000000 0.0302370388 0.3562659323
100600.0000000000 0.0302095788 0.1817097366
100700.0000000000 0.0301409655 0.1810624450
100800.0000000000 0.0300974210 0.1805176139
100900.0000000000 0.0299973747 0.2791144848
101000.0000000000 0.0300504550 0.1798866242
101100.0000000000 0.0300053025 0.1793459207
101200.0000000000 0.0299703523 0.1788332015
101300.0000000000 0.0325308170 0.4137772024
101400.0000000000 0.0299937814 0.1787740737
101500.0000000000 0.0299307249 0.1781572253
101600.0000000000 0.1091251225 174.4142608643
101700.0000000000 0.0299698614 0.1782091409
101800.0000000000 0.0298638344 0.1771378666
101900.0000000000 0.0298200058 0.1765649319
102000.0000000000 0.0297877035 0.1760438085
102100.0000000000 0.0298444555 0.2012057453
102200.0000000000 0.0297432587 0.1754368097
102300.0000000000 0.0297071393 0.1749150008
102400.0000000000 0.0325202599 5.3060650826
102500.0000000000 0.0298148987 0.1774936467
102600.0000000000 0.0296848081 0.1741524786
102700.0000000000 0.0296333316 0.1735955328
102800.0000000000 0.0371436693 0.6180271506
102900.0000000000 0.0296556313 0.1737119704
103000.0000000000 0.0295933748 0.1730446517
103100.0000000000 0.0295433249 0.1725923270
103200.0000000000 0.0295066497 0.1721484661
103300.0000000000 0.0294756736 0.1716846377
103400.0000000000 0.0292344547 0.2787207365
103500.0000000000 0.0295217397 0.1716361940
103600.0000000000 0.0294465914 0.1708638668
103700.0000000000 0.0423108592 31.5449409485
103800.0000000000 0.0294616862 0.1715241969
103900.0000000000 0.0293614195 0.1698631644
104000.0000000000 0.0293146193 0.1694047749
104100.0000000000 0.0292735164 0.1689429283
104200.0000000000 0.0499384527 1.2982314825
104300.0000000000 0.0292899495 0.1686631143
104400.0000000000 0.0292075914 0.1679582000
104500.0000000000 0.0307546625 3.1950867176
104600.0000000000 0.0292777938 0.1697222292
104700.0000000000 0.0291663767 0.1672739387
104800.0000000000 0.0291062292 0.1667113900
104900.0000000000 0.0319460529 1.1108413935
105000.0000000000 0.0290647093 0.1663163155
105100.0000000000 0.0290224223 0.1657582223
105200.0000000000 0.0289931860 0.1653675735
105300.0000000000 0.0289660560 0.1649696082
105400.0000000000 0.0289393095 0.1645395607
105500.0000000000 0.0301473278 3.2962117195
105600.0000000000 0.0290675465 0.1750906259
105700.0000000000 0.0289669200 0.1641912013
105800.0000000000 0.0289037080 0.1636759192
105900.0000000000 0.0288563834 0.1632479876
106000.0000000000 0.0449645738 15.1277875900
106100.0000000000 0.0288821315 0.1632912606
106200.0000000000 0.0287959071 0.1623955667
106300.0000000000 0.0287581411 0.1619261354
106400.0000000000 0.0288473990 0.1892302334
106500.0000000000 0.0288410802 0.1658505946
106600.0000000000 0.0286665269 0.1607539505
106700.0000000000 0.0286359285 0.1603410244
106800.0000000000 0.0597184461 3.7686452866
106900.0000000000 0.0286769262 0.1610972732
107000.0000000000 0.0285983350 0.1599645913
107100.0000000000 0.0285523591 0.1595086604
107200.0000000000 0.0284157064 0.1670882702
107300.0000000000 0.0286070378 0.1648530215
107400.0000000000 0.0285155944 0.1587458700
107500.0000000000 0.0284670154 0.1582748443
107600.0000000000 0.0284321230 0.1578686833
107700.0000000000 0.0328519043 5.8322024345
107800.0000000000 0.0284088865 0.1575040221
107900.0000000000 0.0283430021 0.1568573862
108000.0000000000 0.0283156695 0.1564645469
108100.0000000000 0.0369193534 3.9730093479
108200.0000000000 0.0284108591 0.1566830575
108300.0000000000 0.0282978667 0.1558946520
108400.0000000000 0.0282482942 0.1554448605
108500.0000000000 0.0284765668 0.2243774980
108600.0000000000 0.0282653936 0.1555237770
108700.0000000000 0.0282088351 0.1550536305
108800.0000000000 0.0281703359 0.1547090709
108900.0000000000 0.0281379062 0.1543635279
109000.0000000000 0.0281117729 0.1539986432
109100.0000000000 0.0280934886 0.1536656171
109200.0000000000 0.0282124909 0.1559927762
109300.0000000000 0.0280976735 0.1533474475
109400.0000000000 0.0280444791 0.1528556198
109500.0000000000 0.0300447020 2.0204091072
109600.0000000000 0.0280131742 0.1523743570
109700.0000000000 0.0279641240 0.1519072652
109800.0000000000 0.0279318659 0.1515442729
109900.0000000000 0.0460000633 34.9290733337
110000.0000000000 0.0280803230 0.1543178558
110100.0000000000 0.0279276516 0.1512939930
110200.0000000000 0.0278742744 0.1508946121
110300.0000000000 0.0278390185 0.1505649686
110400.0000000000 0.0278098972 0.1502298117
110500.0000000000 0.0277858998 0.1498777866
110600.0000000000 0.0278186927 0.1527163088
110700.0000000000 0.0277949584 0.1495923549
110800.0000000000 0.0277468832 0.1491357982
110900.0000000000 0.0277137973 0.1487606168
111000.0000000000 0.0317282461 6.2221775055
111100.0000000000 0.0276677659 0.1483609229
111200.0000000000 0.0276273309 0.1478252709
111300.0000000000 0.0275977814 0.1474823505
111400.0000000000 0.0275754986 0.1471315324
111500.0000000000 0.0277519689 0.1737791151
111600.0000000000 0.0276144952 0.1472555101
111700.0000000000 0.0275597114 0.1468112916
111800.0000000000 0.0275191653 0.1464811713
111900.0000000000 0.0274858343 0.1461503059
112000.0000000000 0.0273765558 0.2843617797
112100.0000000000 0.0274975700 0.1461291611
112200.0000000000 0.0274427781 0.1456316859
112300.0000000000 0.0274114912 0.1452826113
112400.0000000000 0.0273862917 0.1449500769
112500.0000000000 0.0273616384 0.1446229517
112600.0000000000 0.0273958028 0.1976853013
112700.0000000000 0.0273227879 0.1441371441
112800.0000000000 0.0272902544 0.1438059658
112900.0000000000 0.0272622388 0.1434815973
113000.0000000000 0.0339869916 5.4884634018
113100.0000000000 0.0272666466 0.1435134858
113200.0000000000 0.0272216804 0.1430194527
113300.0000000000 0.0271860763 0.1426879019
113400.0000000000 0.0271592780 0.1423736960
113500.0000000000 0.0272280322 0.2198574245
113600.0000000000 0.0271679719 0.1422101110
113700.0000000000 0.0271164776 0.1417948455
113800.0000000000 0.0270863306 0.1414650530
113900.0000000000 0.0270574536 0.1411836296
114000.0000000000 0.0272529400 0.1468169391
114100.0000000000 0.0270219149 0.1407484561
114200.0000000000 0.0269905828 0.1404352337
114300.0000000000 0.0269676090 0.1401386857
114400.0000000000 0.0269433846 0.1398173720
114500.0000000000 0.0269055824 0.5461856723
114600.0000000000 0.0270036267 0.1399225742
114700.0000000000 0.0269394526 0.1394536197
114800.0000000000 0.0268978367 0.1391490251
114900.0000000000 0.0302401299 3.4092149734
115000.0000000000 0.0268716615 0.1404464692
115100.0000000000 0.0268348767 0.1387484372
115200.0000000000 0.0268043058 0.1383957118
115300.0000000000 0.0267837123 0.1380946189
115400.0000000000 0.0267623417 0.1378076971
115500.0000000000 0.0267405161 0.1375093013
115600.0000000000 0.0267192701 0.1371972859
115700.0000000000 0.0279852780 3.2087528706
115800.0000000000 0.0267098303 0.1367601007
115900.0000000000 0.0266531933 0.1363312155
116000.0000000000 0.0266292881 0.1360148340
116100.0000000000 0.0266466979 0.1898144484
116200.0000000000 0.0266338722 0.1359350830
116300.0000000000 0.0265942536 0.1355969012
116400.0000000000 0.0265632800 0.1353204101
116500.0000000000 0.0265433229 0.1350494325
116600.0000000000 0.0267261179 0.1443259269
116700.0000000000 0.0265506764 0.1348947734
116800.0000000000 0.0265065150 0.1345372349
116900.0000000000 0.0264795273 0.1342542320
117000.0000000000 0.0264564036 0.1339802444
117100.0000000000 0.0338864351 1.9855080843
117200.0000000000 0.0264597118 0.1338599175
117300.0000000000 0.0264060804 0.1334563792
117400.0000000000 0.0263742836 0.1331921816
117500.0000000000 0.0263490480 0.1329331249
117600.0000000000 0.0263270349 0.1326580346
117700.0000000000 0.1048384030 175.2425384521
117800.0000000000 0.0263438647 0.1351349354
117900.0000000000 0.0263032921 0.1322195679
118000.0000000000 0.0262633941 0.1318756044
118100.0000000000 0.0262353919 0.1315798461
118200.0000000000 0.0281331377 0.4045590162
118300.0000000000 0.0262534779 0.1315992922
118400.0000000000 0.0262037710 0.1312250644
118500.0000000000 0.0261678537 0.1309772432
118600.0000000000 0.0261398483 0.1307379454
118700.0000000000 0.0261155323 0.1304860860
118800.0000000000 0.0260945400 0.1302212924
118900.0000000000 0.0268022891 0.6156445742
119000.0000000000 0.0260759100 0.1298703998
119100.0000000000 0.0260289809 0.1294986308
119200.0000000000 0.0260054816 0.1291968673
119300.0000000000 0.0257422226 0.1830042005
119400.0000000000 0.0259729894 0.1288329512
119500.0000000000 0.0259474059 0.1285413653
119600.0000000000 0.0259255559 0.1282841414
119700.0000000000 0.0268237772 0.9730590582
119800.0000000000 0.0259684575 0.1284645498
119900.0000000000 0.0258943288 0.1280300021
120000.0000000000 0.0258601400 0.1277623177
120100.0000000000 0.0258358964 0.1275361925
120200.0000000000 0.0258152989 0.1273095310
120300.0000000000 0.0257984221 0.1270713210
120400.0000000000 0.0414177500 2.3498494625
120500.0000000000 0.0258478367 0.1270030886
120600.0000000000 0.0257720041 0.1265965849
120700.0000000000 0.0257408670 0.1263331026
120800.0000000000 0.0257191124 0.1260995418
120900.0000000000 0.0257001426 0.1258641183
121000.0000000000 0.0557960329 11.4885787964
121100.0000000000 0.0257372307 0.1262597293
121200.0000000000 0.0256653241 0.1254489124
121300.0000000000 0.0256350520 0.1252083331
121400.0000000000 0.0256151012 0.1249922141
121500.0000000000 0.0255920921 0.1247625723
121600.0000000000 0.0255747537 0.1245150939
121700.0000000000 0.0303536554 3.0035774708
121800.0000000000 0.0256052991 0.1249062717
121900.0000000000 0.0255517602 0.1241562217
122000.0000000000 0.0255177324 0.1238725930
122100.0000000000 0.0254933463 0.1236289665
122200.0000000000 0.0262587937 3.0084145069
122300.0000000000 0.0256124041 0.1301706880
122400.0000000000 0.0254729931 0.1233044714
122500.0000000000 0.0254388056 0.1230641976
122600.0000000000 0.0254114667 0.1228625253
122700.0000000000 0.0253880583 0.1226589531
122800.0000000000 0.0253679034 0.1224463210
122900.0000000000 0.0253480768 0.1222132668
123000.0000000000 0.0253364352 0.1219952181
123100.0000000000 0.0252533957 0.1376581043
123200.0000000000 0.0253218872 0.1217355505
123300.0000000000 0.0252843050 0.1214443147
123400.0000000000 0.0252623515 0.1211910248
123500.0000000000 0.0423742275 4.9022445679
123600.0000000000 0.0252202107 0.1210708246
123700.0000000000 0.0252095801 0.1207097769
123800.0000000000 0.0251894022 0.1204972640
123900.0000000000 0.0251664708 0.1202772334
124000.0000000000 0.0251477181 0.1200548336
124100.0000000000 0.0251308469 0.1198187098
124200.0000000000 0.0251412422 0.1405490339
124300.0000000000 0.0251363807 0.1198278591
124400.0000000000 0.0250920766 0.1195091680
124500.0000000000 0.0250667966 0.1192716509
124600.0000000000 0.0250437098 0.1190462932
124700.0000000000 0.1076709453 137.9605102539
124800.0000000000 0.0251674005 0.1199342012
124900.0000000000 0.0250683685 0.1188297048
125000.0000000000 0.0250187622 0.1185851619
125100.0000000000 0.0249891561 0.1184142381
125200.0000000000 0.0249666117 0.1182490811
125300.0000000000 0.0249478959 0.1180736348
125400.0000000000 0.0249293086 0.1178885549
125500.0000000000 0.0249122226 0.1176910028
125600.0000000000 0.0248947900 0.1174739227
125700.0000000000 0.0249614625 0.2239305824
125800.0000000000 0.0248550098 0.1171450615
125900.0000000000 0.0248295936 0.1168715730
126000.0000000000 0.0248117031 0.1166301817
126100.0000000000 0.0247917305 0.1163888350
126200.0000000000 0.0248738495 0.1438378841
126300.0000000000 0.0247886181 0.1161215007
126400.0000000000 0.0247504444 0.1158740893
126500.0000000000 0.0247249492 0.1156690568
126600.0000000000 0.0296465102 16.2409229279
126700.0000000000 0.0246711211 0.1162235439
126800.0000000000 0.0246767780 0.1152369604
126900.0000000000 0.0246584595 0.1150405928
127000.0000000000 0.0246395622 0.1148577556
127100.0000000000 0.0246219629 0.1146641672
127200.0000000000 0.0619202101 36.4259109497
127300.0000000000 0.0248142649 0.1161007062
127400.0000000000 0.0246327417 0.1145586073
127500.0000000000 0.0245965844 0.1142956614
127600.0000000000 0.0245728524 0.1141085252
127700.0000000000 0.0245538477 0.1139333323
127800.0000000000 0.0245387136 0.1137575209
127900.0000000000 0.0245224630 0.1135711074
128000.0000000000 0.0244923758 0.1233800277
128100.0000000000 0.0245206037 0.1134619713
128200.0000000000 0.0244865988 0.1132295430
128300.0000000000 0.0244644132 0.1130327210
128400.0000000000 0.0244423560 0.1128447801
128500.0000000000 0.0244243234 0.1126569435
128600.0000000000 0.0300497296 5.1007261276
128700.0000000000 0.0244379225 0.1125889197
128800.0000000000 0.0243857623 0.1122589856
128900.0000000000 0.0243627463 0.1120765731
129000.0000000000 0.0243449225 0.1119034365
129100.0000000000 0.0243253447 0.1117179468
129200.0000000000 0.0243099860 0.1115238965
129300.0000000000 0.0242908692 0.1113159433
129400.0000000000 0.0241964381 0.1600887328
129500.0000000000 0.0243155403 0.1113688573
129600.0000000000 0.0242706036 0.1110678241
129700.0000000000 0.0242438663 0.1108587086
129800.0000000000 0.0242231755 0.1106742993
129900.0000000000 0.0242015590 0.1104924753
130000.0000000000 0.0475724819 8.2221460342
130100.0000000000 0.0242594481 0.1109933034
130200.0000000000 0.0241929624 0.1103309244
130300.0000000000 0.0241634866 0.1101612225
130400.0000000000 0.0241417020 0.1100157648
130500.0000000000 0.0241233341 0.1098712906
130600.0000000000 0.0241067250 0.1097148135
130700.0000000000 0.0240912778 0.1095530391
130800.0000000000 0.0240744224 0.1093807369
130900.0000000000 0.0240596335 0.1091940701
131000.0000000000 0.0240442044 0.1089957803
131100.0000000000 0.0250947325 1.2022249699
131200.0000000000 0.0240174254 0.1086976826
131300.0000000000 0.0239872996 0.1084441915
131400.0000000000 0.0239687643 0.1082334593
131500.0000000000 0.0521938063 4.4326834679
131600.0000000000 0.0239400719 0.1080322266
131700.0000000000 0.0239244968 0.1077060848
131800.0000000000 0.0239020318 0.1075262651
131900.0000000000 0.0238824533 0.1073466465
132000.0000000000 0.0237966869 0.1631557792
132100.0000000000 0.0238927400 0.1072722897
132200.0000000000 0.0238587790 0.1070695445
132300.0000000000 0.0238325985 0.1069071665
132400.0000000000 0.0238120375 0.1067536175
132500.0000000000 0.0237942566 0.1065936089
132600.0000000000 0.0239581637 0.1721474826
132700.0000000000 0.0237971539 0.1065085828
132800.0000000000 0.0237580048 0.1062864065
132900.0000000000 0.0237351476 0.1061220542
133000.0000000000 0.0237190309 0.1059719846
133100.0000000000 0.0237031981 0.1058193743
133200.0000000000 0.0298680476 36.3435211182
133300.0000000000 0.0237655523 0.1079788581
133400.0000000000 0.0236650289 0.1054741517
133500.0000000000 0.0236395389 0.1053145379
133600.0000000000 0.0236221040 0.1051693335
133700.0000000000 0.0236060566 0.1050132662
133800.0000000000 0.0235907204 0.1048501208
133900.0000000000 0.0235761464 0.1046746448
134000.0000000000 0.0235572297 0.1044795513
134100.0000000000 0.0244489812 0.3374673426
134200.0000000000 0.0235612034 0.1045626998
134300.0000000000 0.0235198149 0.1042860374
134400.0000000000 0.0234990189 0.1040927172
134500.0000000000 0.0234817269 0.1039215475
134600.0000000000 0.0234664120 0.1037582010
134700.0000000000 0.0438785323 21.5442981720
134800.0000000000 0.0234813253 0.1044867113
134900.0000000000 0.0234647890 0.1034801900
135000.0000000000 0.0234348801 0.1033225581
135100.0000000000 0.0234172065 0.1032047346
135200.0000000000 0.0234035059 0.1030902937
135300.0000000000 0.0233894231 0.1029695794
135400.0000000000 0.0233758283 0.1028423980
135500.0000000000 0.0233629383 0.1027022973
135600.0000000000 0.0233487348 0.1025560647
135700.0000000000 0.0233344384 0.1023972034
135800.0000000000 0.0317179302 7.6012949944
135900.0000000000 0.0233065413 0.1021397561
136000.0000000000 0.0232703660 0.1019020081
136100.0000000000 0.0232538073 0.1017164961
136200.0000000000 0.0232336422 0.1015313715
136300.0000000000 0.0236715931 0.1240417659
136400.0000000000 0.0232384700 0.1014151871
136500.0000000000 0.0232059437 0.1012295336
136600.0000000000 0.0231896644 0.1010824740
136700.0000000000 0.0231727064 0.1009323969
136800.0000000000 0.0277665440 8.9308223724
136900.0000000000 0.0231175058 0.1007622704
137000.0000000000 0.0231305816 0.1005626619
137100.0000000000 0.0231155511 0.1004151329
137200.0000000000 0.0231021548 0.1002784222
137300.0000000000 0.0230882381 0.1001329422
137400.0000000000 0.0230613571 0.2861817479
137500.0000000000 0.0230830713 0.1000714377
137600.0000000000 0.0230501894 0.0998707339
137700.0000000000 0.0230326652 0.0997161269
137800.0000000000 0.0230176342 0.0995725766
137900.0000000000 0.0230026478 0.0994284004
138000.0000000000 0.0229863709 0.0992744118
138100.0000000000 0.0229700022 0.0991121754
138200.0000000000 0.0235623150 0.1154240295
138300.0000000000 0.0230129523 0.0991162285
138400.0000000000 0.0229705077 0.0989492610
138500.0000000000 0.0229501444 0.0988314003
138600.0000000000 0.0229349633 0.0987240449
138700.0000000000 0.0229195331 0.0986099392
138800.0000000000 0.0229067260 0.0984871686
138900.0000000000 0.0228934774 0.0983570591
139000.0000000000 0.0228814751 0.0982211828
139100.0000000000 0.0228677475 0.0980717316
139200.0000000000 0.0229395665 0.1010517254
139300.0000000000 0.0228619119 0.0980273709
139400.0000000000 0.0228325556 0.0978420228
139500.0000000000 0.0228134908 0.0976956189
139600.0000000000 0.0227992139 0.0975586772
139700.0000000000 0.0227826199 0.0974234939
139800.0000000000 0.0227684662 0.0972795486
139900.0000000000 0.0230614767 0.1178117543
140000.0000000000 0.0227621911 0.0971521959
140100.0000000000 0.0227357891 0.0970315263
140200.0000000000 0.0227204758 0.0969185606
140300.0000000000 0.0227074370 0.0968082771
140400.0000000000 0.0226948078 0.0966914743
140500.0000000000 0.0226815885 0.0965665951
140600.0000000000 0.0226698111 0.0964323580
140700.0000000000 0.0226565158 0.0962907001
140800.0000000000 0.0226423650 0.0961425155
140900.0000000000 0.0226259408 0.0959829688
141000.0000000000 0.0301155449 4.0834641457
141100.0000000000 0.0227073070 0.0966454893
141200.0000000000 0.0226059667 0.0957377627
141300.0000000000 0.0225803128 0.0955723003
141400.0000000000 0.0225653459 0.0954343006
141500.0000000000 0.0225507785 0.0953078941
141600.0000000000 0.0225354824 0.0951772854
141700.0000000000 0.0359979441 14.1935796738
141800.0000000000 0.0226926410 0.0965034068
141900.0000000000 0.0225174532 0.0949518308
142000.0000000000 0.0224937934 0.0948355272
142100.0000000000 0.0224778126 0.0947377011
142200.0000000000 0.0224623125 0.0946338996
142300.0000000000 0.0224488330 0.0945231020
142400.0000000000 0.0224353927 0.0944095775
142500.0000000000 0.0224219416 0.0942808017
142600.0000000000 0.0224094603 0.0941472054
142700.0000000000 0.0223959805 0.0940014422
142800.0000000000 0.0337462692 2.2136740685
142900.0000000000 0.0223789711 0.0938733444
143000.0000000000 0.0223563888 0.0936757103
143100.0000000000 0.0223390974 0.0935357288
143200.0000000000 0.0223232599 0.0934046730
143300.0000000000 0.0223081424 0.0932710618
143400.0000000000 0.0496017641 18.5515956879
143500.0000000000 0.0223275492 0.0933754295
143600.0000000000 0.0222757896 0.0929758847
143700.0000000000 0.0222592788 0.0928582177
143800.0000000000 0.0222432717 0.0927466974
143900.0000000000 0.0222296827 0.0926325172
144000.0000000000 0.0222148963 0.0925059170
144100.0000000000 0.0221993652 0.0923710540
144200.0000000000 0.0221856495 0.0922290385
144300.0000000000 0.0225139369 0.1275983900
144400.0000000000 0.0222013758 0.0922065526
144500.0000000000 0.0221569939 0.0920341536
144600.0000000000 0.0221369000 0.0919062570
144700.0000000000 0.0221199930 0.0917897746
144800.0000000000 0.0221068478 0.0916737691
144900.0000000000 0.0220935751 0.0915537626
145000.0000000000 0.0220295808 0.1001297235
145100.0000000000 0.0221003893 0.0914556012
145200.0000000000 0.0220758205 0.0913423896
145300.0000000000 0.0220588351 0.0912520215
145400.0000000000 0.0220459709 0.0911628529
145500.0000000000 0.0220360013 0.0910683200
145600.0000000000 0.0220248884 0.0909697115
145700.0000000000 0.0220117055 0.0908626914
145800.0000000000 0.0220012071 0.0907512680
145900.0000000000 0.0219889349 0.0906282589
146000.0000000000 0.0219753596 0.0904975086
146100.0000000000 0.0518139839 5.5749578476
146200.0000000000 0.0219597058 0.0905639231
146300.0000000000 0.0219265732 0.0901753604
146400.0000000000 0.0219115686 0.0900429860
146500.0000000000 0.0218996126 0.0899156481
146600.0000000000 0.0218882004 0.0897909403
146700.0000000000 0.0218737895 0.0896546617
146800.0000000000 0.0218579249 0.0895169079
146900.0000000000 0.0219680520 0.0974992439
147000.0000000000 0.0218593351 0.0894024149
147100.0000000000 0.0218359872 0.0892834067
147200.0000000000 0.0218184345 0.0891808122
147300.0000000000 0.0218063662 0.0890760571
147400.0000000000 0.0217931935 0.0889614448
147500.0000000000 0.0470010414 30.6062068939
147600.0000000000 0.0218490475 0.0893875286
147700.0000000000 0.0217568903 0.0886771083
147800.0000000000 0.0217413942 0.0885723457
147900.0000000000 0.0217290291 0.0884734616
148000.0000000000 0.0217170909 0.0883750990
148100.0000000000 0.0217073766 0.0882695541
148200.0000000000 0.0216944692 0.0881612971
148300.0000000000 0.0221773523 0.1017759889
148400.0000000000 0.0216928871 0.0880974382
148500.0000000000 0.0216615823 0.0879498571
148600.0000000000 0.0216472991 0.0878427476
148700.0000000000 0.0216362174 0.0877475366
148800.0000000000 0.0216250094 0.0876445174
148900.0000000000 0.0216131611 0.0875416547
149000.0000000000 0.0216011090 0.0874287188
149100.0000000000 0.0556773259 5.8955516815
149200.0000000000 0.0216509354 0.0876839906
149300.0000000000 0.0215895356 0.0872538462
149400.0000000000 0.0215683738 0.0871679112
149500.0000000000 0.0215547339 0.0870879367
149600.0000000000 0.0215423983 0.0870050192
149700.0000000000 0.0215322418 0.0869157389
149800.0000000000 0.0215215902 0.0868195966
149900.0000000000 0.0215099613 0.0867200717
150000.0000000000 0.0214987286 0.0866138563
150100.0000000000 0.0214893144 0.0865119621
150200.0000000000 0.0214761231 0.0863992125
150300.0000000000 0.0214635280 0.0862844661
150400.0000000000 0.0315155264 0.4705226123
150500.0000000000 0.0214603640 0.0861853212
150600.0000000000 0.0214354283 0.0860462040
150700.0000000000 0.0214184055 0.0859386325
150800.0000000000 0.0214046104 0.0858408362
150900.0000000000 0.0213921157 0.0857455432
151000.0000000000 0.0213809509 0.0856414884
151100.0000000000 0.0213677327 0.0855368823
151200.0000000000 0.0346637371 1.7909529209
151300.0000000000 0.0213733725 0.0854367986
151400.0000000000 0.0213330535 0.0853011310
151500.0000000000 0.0213204660 0.0852131248
151600.0000000000 0.0213100158 0.0851275250
151700.0000000000 0.0212983264 0.0850346759
151800.0000000000 0.0212857556 0.0849350989
151900.0000000000 0.0212750393 0.0848312154
152000.0000000000 0.0212620568 0.0847202539
152100.0000000000 0.0212467299 0.0846003890
152200.0000000000 0.0208188841 0.3123904765
152300.0000000000 0.0214672493 0.0875730142
152400.0000000000 0.0212221171 0.0843781680
152500.0000000000 0.0212002718 0.0842566490
152600.0000000000 0.0211859991 0.0841563791
152700.0000000000 0.0211751057 0.0840613544
152800.0000000000 0.0211636041 0.0839642957
152900.0000000000 0.0211516550 0.0838603824
153000.0000000000 0.0211367925 0.0837513879
153100.0000000000 0.0215591664 0.2678389549
153200.0000000000 0.0211395290 0.0836748853
153300.0000000000 0.0211115287 0.0835664347
153400.0000000000 0.0210989292 0.0834834054
153500.0000000000 0.0210879122 0.0834048092
153600.0000000000 0.0210764729 0.0833255276
153700.0000000000 0.0210667091 0.0832384303
153800.0000000000 0.0210550029 0.0831435472
153900.0000000000 0.0210453130 0.0830425024
154000.0000000000 0.0210327471 0.0829401538
154100.0000000000 0.0210200729 0.0828236192
154200.0000000000 0.0271082713 1.4273697138
154300.0000000000 0.0209748311 0.0826798305
154400.0000000000 0.0209856799 0.0825673565
154500.0000000000 0.0209730867 0.0824816525
154600.0000000000 0.0209617367 0.0823922902
154700.0000000000 0.0209511727 0.0823088661
154800.0000000000 0.0209402939 0.0822213888
154900.0000000000 0.0209311489 0.0821266323
155000.0000000000 0.0209172672 0.0820248574
155100.0000000000 0.0209051684 0.0819270313
155200.0000000000 0.0208911025 0.0818248093
155300.0000000000 0.0209081657 0.1192743257
155400.0000000000 0.0208724578 0.0817793757
155500.0000000000 0.0208588371 0.0816751495
155600.0000000000 0.0208470432 0.0815829635
155700.0000000000 0.0208363518 0.0814966559
155800.0000000000 0.0208276016 0.0814076811
155900.0000000000 0.0208167440 0.0813180208
156000.0000000000 0.0208058940 0.0812201947
156100.0000000000 0.0207932455 0.0811194032
156200.0000000000 0.0207816626 0.0810179487
156300.0000000000 0.0238650148 0.3802514672
156400.0000000000 0.0208044208 0.0809487402
156500.0000000000 0.0207554065 0.0807783455
156600.0000000000 0.0207408289 0.0806921050
156700.0000000000 0.0207295361 0.0806167573
156800.0000000000 0.0207204518 0.0805394053
156900.0000000000 0.0207131469 0.0804528818
157000.0000000000 0.0207027105 0.0803664401
157100.0000000000 0.0206932104 0.0802702680
157200.0000000000 0.0206821360 0.0801667869
157300.0000000000 0.0244214551 0.7399607897
157400.0000000000 0.0206531506 0.0800244510
157500.0000000000 0.0206393183 0.0799135789
157600.0000000000 0.0206264645 0.0798297673
157700.0000000000 0.0206149727 0.0797437504
157800.0000000000 0.0206045287 0.0796543807
157900.0000000000 0.0205945731 0.0795588046
158000.0000000000 0.0263353123 13.3475074768
158100.0000000000 0.0205515721 0.0794940665
158200.0000000000 0.0205701287 0.0793241188
158300.0000000000 0.0205577616 0.0792515948
158400.0000000000 0.0205479750 0.0791768432
158500.0000000000 0.0205384167 0.0791024119
158600.0000000000 0.0205288635 0.0790206864
158700.0000000000 0.0205173821 0.0789328590
158800.0000000000 0.0205063938 0.0788396001
158900.0000000000 0.0207828397 0.2087274641
159000.0000000000 0.0205105075 0.0788283721
159100.0000000000 0.0204808688 0.0786716715
159200.0000000000 0.0204643158 0.0785795748
159300.0000000000 0.0204530239 0.0784978867
159400.0000000000 0.0204407296 0.0784161836
159500.0000000000 0.0204288467 0.0783276260
159600.0000000000 0.0204181336 0.0782439634
159700.0000000000 0.0204049379 0.0781475455
159800.0000000000 0.0236820856 0.2706885934
159900.0000000000 0.0204281370 0.0781231448
160000.0000000000 0.0204028156 0.0780103505
160100.0000000000 0.0203864441 0.0779547021
160200.0000000000 0.0203760229 0.0779000819
160300.0000000000 0.0203669300 0.0778447762
160400.0000000000 0.0203589966 0.0777893513
160500.0000000000 0.0203511529 0.0777298138
160600.0000000000 0.0203435983 0.0776626393
160700.0000000000 0.0203371192 0.0775956735
160800.0000000000 0.0203283603 0.0775233433
160900.0000000000 0.0203198962 0.0774449110
161000.0000000000 0.0203106512 0.0773609504
161100.0000000000 0.0202986427 0.0772723779
161200.0000000000 0.0202892297 0.0771798193
161300.0000000000 0.0212262922 0.7549842000
161400.0000000000 0.0202814660 0.0771089643
161500.0000000000 0.0202580215 0.0769903436
161600.0000000000 0.0202460610 0.0769058466
161700.0000000000 0.0202353550 0.0768249109
161800.0000000000 0.0202241334 0.0767444372
161900.0000000000 0.0202120365 0.0766621381
162000.0000000000 0.0202010420 0.0765762255
162100.0000000000 0.0242156411 0.3764600754
162200.0000000000 0.0202092847 0.0764735714
162300.0000000000 0.0201780635 0.0763945580
162400.0000000000 0.0201667933 0.0763316974
162500.0000000000 0.0201554874 0.0762717500
162600.0000000000 0.0201472123 0.0762062818
162700.0000000000 0.0201380100 0.0761365891
162800.0000000000 0.0201265675 0.0760625601
162900.0000000000 0.0201179920 0.0759815350
163000.0000000000 0.0201081156 0.0758953840
163100.0000000000 0.0200959827 0.0758039802
163200.0000000000 0.0200856740 0.0757087991
163300.0000000000 0.0198682465 0.1963643283
163400.0000000000 0.0200792259 0.0756329820
163500.0000000000 0.0200535632 0.0755340308
163600.0000000000 0.0200421802 0.0754485130
163700.0000000000 0.0200304417 0.0753697380
163800.0000000000 0.0200202324 0.0752924159
163900.0000000000 0.0200096597 0.0752127841
164000.0000000000 0.0199969163 0.0751284808
164100.0000000000 0.0199874126 0.0750396997
164200.0000000000 0.0358587126 1.4587762356
164300.0000000000 0.0200203372 0.0749856681
164400.0000000000 0.0199817868 0.0748906434
164500.0000000000 0.0199635941 0.0748304948
164600.0000000000 0.0199527537 0.0747762546
164700.0000000000 0.0199441351 0.0747234598
164800.0000000000 0.0199350020 0.0746659040
164900.0000000000 0.0199272909 0.0746068433
165000.0000000000 0.0199173449 0.0745400116
165100.0000000000 0.0199113067 0.0744816288
165200.0000000000 0.0199023222 0.0744157881
165300.0000000000 0.0198938647 0.0743462816
165400.0000000000 0.0198853972 0.0742690861
165500.0000000000 0.0198765826 0.0741936937
165600.0000000000 0.0198645033 0.0741089880
165700.0000000000 0.0238293257 1.4142059088
165800.0000000000 0.0198562412 0.0741095170
165900.0000000000 0.0198404053 0.0739207640
166000.0000000000 0.0198254436 0.0738489106
166100.0000000000 0.0198155320 0.0737784877
166200.0000000000 0.0198062664 0.0737103894
166300.0000000000 0.0197957063 0.0736415312
166400.0000000000 0.0197841815 0.0735691637
166500.0000000000 0.0197721781 0.0734888762
166600.0000000000 0.0195866512 0.0841352567
166700.0000000000 0.0197595197 0.0733665526
166800.0000000000 0.0197439026 0.0733054727
166900.0000000000 0.0197326502 0.0732453987
167000.0000000000 0.0197237108 0.0731847733
167100.0000000000 0.0197163004 0.0731179193
167200.0000000000 0.0197065693 0.0730476901
167300.0000000000 0.0196969645 0.0729708970
167400.0000000000 0.0196864855 0.0728880018
167500.0000000000 0.0196739303 0.0728028715
167600.0000000000 0.0196638343 0.0727116987
167700.0000000000 0.0204048008 0.4758669436
167800.0000000000 0.0196463500 0.0726310685
167900.0000000000 0.0196372070 0.0725396425
168000.0000000000 0.0196243637 0.0724705756
168100.0000000000 0.0196135474 0.0724058151
168200.0000000000 0.0196040187 0.0723394826
168300.0000000000 0.0195957809 0.0722673461
168400.0000000000 0.0195864041 0.0721954331
168500.0000000000 0.0213281002 0.4331325293
168600.0000000000 0.0195695560 0.0720559657
168700.0000000000 0.0195649152 0.0720156580
168800.0000000000 0.0195545188 0.0719635189
168900.0000000000 0.0195449212 0.0719131231
169000.0000000000 0.0195370533 0.0718619525
169100.0000000000 0.0195271374 0.0718047842
169200.0000000000 0.0195177742 0.0717439279
169300.0000000000 0.0195088512 0.0716782063
169400.0000000000 0.0194993130 0.0716101974
169500.0000000000 0.0194902854 0.0715307519
169600.0000000000 0.0194792547 0.0714478642
169700.0000000000 0.0195006044 0.0722554699
169800.0000000000 0.0195115027 0.0721803755
169900.0000000000 0.0194532888 0.0712749586
170000.0000000000 0.0194396941 0.0712016672
170100.0000000000 0.0194315260 0.0711415783
170200.0000000000 0.0194253592 0.0710875019
170300.0000000000 0.0194189210 0.0710279047
170400.0000000000 0.0194113071 0.0709652305
170500.0000000000 0.0194011851 0.0709006712
170600.0000000000 0.0193924508 0.0708320215
170700.0000000000 0.0193817324 0.0707571805
170800.0000000000 0.0193723104 0.0706770569
170900.0000000000 0.0397066590 22.0072803497
171000.0000000000 0.0193784935 0.0706963092
171100.0000000000 0.0193515388 0.0705058500
171200.0000000000 0.0193415013 0.0704600140
171300.0000000000 0.0193317880 0.0704090372
171400.0000000000 0.0193231908 0.0703570172
171500.0000000000 0.0193168274 0.0703029558
171600.0000000000 0.0193087172 0.0702443272
171700.0000000000 0.0193000865 0.0701823384
171800.0000000000 0.0192913930 0.0701125339
171900.0000000000 0.0192810568 0.0700422376
172000.0000000000 0.0192722873 0.0699657351
172100.0000000000 0.0351098262 8.4843502045
172200.0000000000 0.0192801157 0.0700288266
172300.0000000000 0.0192458520 0.0698070303
172400.0000000000 0.0192345746 0.0697372034
172500.0000000000 0.0192248197 0.0696729869
172600.0000000000 0.0192138139 0.0696097538
172700.0000000000 0.0192019187 0.0695428625
172800.0000000000 0.0191937190 0.0694757923
172900.0000000000 0.0191827294 0.0694053099
173000.0000000000 0.0191734267 0.0693309605
173100.0000000000 0.0191555952 0.0692537576
173200.0000000000 0.0193699469 0.0717205629
173300.0000000000 0.0191575902 0.0691657066
173400.0000000000 0.0191446728 0.0691182017
173500.0000000000 0.0191333699 0.0690758601
173600.0000000000 0.0191259750 0.0690336376
173700.0000000000 0.0191200659 0.0689850003
173800.0000000000 0.0191123570 0.0689333007
173900.0000000000 0.0191066794 0.0688801408
174000.0000000000 0.0190976587 0.0688198805
174100.0000000000 0.0190912302 0.0687574148
174200.0000000000 0.0190835361 0.0686927959
174300.0000000000 0.0190738506 0.0686214939
174400.0000000000 0.0205957552 0.4423050880
174500.0000000000 0.0190493665 0.0685238689
174600.0000000000 0.0190461667 0.0684558302
174700.0000000000 0.0190348517 0.0683906749
174800.0000000000 0.0190232216 0.0683262944
174900.0000000000 0.0190151792 0.0682591423
175000.0000000000 0.0190069788 0.0681943372
175100.0000000000 0.0189973152 0.0681289881
175200.0000000000 0.0189875492 0.0680624545
175300.0000000000 0.0189770050 0.0679914728
175400.0000000000 0.0201733333 2.2824046612
175500.0000000000 0.0189937107 0.0684519634
175600.0000000000 0.0189575727 0.0678235963
175700.0000000000 0.0189451449 0.0677793100
175800.0000000000 0.0189373769 0.0677339286
175900.0000000000 0.0189297038 0.0676833689
176000.0000000000 0.0189233191 0.0676344857
176100.0000000000 0.0189152208 0.0675792024
176200.0000000000 0.0189064456 0.0675173774
176300.0000000000 0.0188966962 0.0674578473
176400.0000000000 0.0188875028 0.0673925653
176500.0000000000 0.0188787266 0.0673199147
176600.0000000000 0.0188677502 0.0672450736
176700.0000000000 0.0188353682 0.0706647933
176800.0000000000 0.0188549494 0.0671645030
176900.0000000000 0.0188421089 0.0671044514
177000.0000000000 0.0188312453 0.0670456588
177100.0000000000 0.0188240029 0.0669899359
177200.0000000000 0.0188156847 0.0669333637
177300.0000000000 0.0188069426 0.0668726265
177400.0000000000 0.0187991596 0.0668087006
177500.0000000000 0.0187895113 0.0667415336
177600.0000000000 0.0296503799 3.4746012688
177700.0000000000 0.0188334635 0.0667834952
177800.0000000000 0.0187758998 0.0665942878
177900.0000000000 0.0187638852 0.0665555745
178000.0000000000 0.0187564553 0.0665224940
178100.0000000000 0.0187489832 0.0664852634
178200.0000000000 0.0187431244 0.0664458573
178300.0000000000 0.0187352692 0.0663977712
178400.0000000000 0.0187291749 0.0663522258
178500.0000000000 0.0187223460 0.0662977993
178600.0000000000 0.0187136281 0.0662425533
178700.0000000000 0.0187064060 0.0661816746
178800.0000000000 0.0186967964 0.0661172941
178900.0000000000 0.0186875789 0.0660508871
179000.0000000000 0.0189072535 0.3328273594
179100.0000000000 0.0186798089 0.0659836307
179200.0000000000 0.0186627564 0.0659006462
179300.0000000000 0.0186526956 0.0658442676
179400.0000000000 0.0186440957 0.0657894686
179500.0000000000 0.0186361657 0.0657347590
179600.0000000000 0.0186274447 0.0656748936
179700.0000000000 0.0186181050 0.0656165555
179800.0000000000 0.0186071798 0.0655499846
179900.0000000000 0.0211044252 0.1685100347
180000.0000000000 0.0186037023 0.0654532984
180100.0000000000 0.0185878971 0.0654105172
180200.0000000000 0.0185798210 0.0653726757
180300.0000000000 0.0185707429 0.0653357655
180400.0000000000 0.0185641868 0.0652951896
180500.0000000000 0.0185572887 0.0652532727
180600.0000000000 0.0185524309 0.0652054176
180700.0000000000 0.0185432511 0.0651565418
180800.0000000000 0.0185364184 0.0651021376
180900.0000000000 0.0185277948 0.0650452375
181000.0000000000 0.0185193164 0.0649814233
181100.0000000000 0.0185104293 0.0649201125
181200.0000000000 0.0185004397 0.0648497865
181300.0000000000 0.0185011290 0.0648032650
181400.0000000000 0.0185593224 0.0664587766
181500.0000000000 0.0184809213 0.0647013187
181600.0000000000 0.0184692761 0.0646475330
181700.0000000000 0.0184620747 0.0645994321
181800.0000000000 0.0184539464 0.0645470098
181900.0000000000 0.0184445257 0.0644952655
182000.0000000000 0.0184347030 0.0644420832
182100.0000000000 0.0184272429 0.0643842444
182200.0000000000 0.0184186112 0.0643229261
182300.0000000000 0.0252725603 1.8173770905
182400.0000000000 0.0183915751 0.0642577335
182500.0000000000 0.0183958793 0.0641769096
182600.0000000000 0.0183878066 0.0641456023
182700.0000000000 0.0183803239 0.0641104132
182800.0000000000 0.0183744739 0.0640748665
182900.0000000000 0.0183691845 0.0640319586
183000.0000000000 0.0183610146 0.0639880896
183100.0000000000 0.0183548876 0.0639407337
183200.0000000000 0.0183482808 0.0638862327
183300.0000000000 0.0183394630 0.0638325885
183400.0000000000 0.0183303361 0.0637772083
183500.0000000000 0.0183218648 0.0637118071
183600.0000000000 0.0225260566 9.2161302567
183700.0000000000 0.0183480947 0.0641331673
183800.0000000000 0.0182986736 0.0635663643
183900.0000000000 0.0182887973 0.0635124668
184000.0000000000 0.0182819013 0.0634593740
184100.0000000000 0.0182745958 0.0634073392
184200.0000000000 0.0182632709 0.0633518100
184300.0000000000 0.0182571982 0.0632953122
184400.0000000000 0.0182475790 0.0632364154
184500.0000000000 0.0182365825 0.0631714761
184600.0000000000 0.0186710036 0.0925667733
184700.0000000000 0.0182286846 0.0630794764
184800.0000000000 0.0182220227 0.0630379692
184900.0000000000 0.0182114583 0.0629975796
185000.0000000000 0.0182039690 0.0629559979
185100.0000000000 0.0181993566 0.0629181638
185200.0000000000 0.0181915277 0.0628769025
185300.0000000000 0.0181835544 0.0628305748
185400.0000000000 0.0181766873 0.0627833903
185500.0000000000 0.0181690603 0.0627305508
185600.0000000000 0.0181629049 0.0626782849
185700.0000000000 0.0181528305 0.0626210570
185800.0000000000 0.0181446468 0.0625571832
185900.0000000000 0.0181335873 0.0624919310
186000.0000000000 0.0184349664 0.1731045544
186100.0000000000 0.0181207355 0.0624145158
186200.0000000000 0.0181139922 0.0623663850
186300.0000000000 0.0181023726 0.0623190776
186400.0000000000 0.0180952694 0.0622792505
186500.0000000000 0.0180897782 0.0622352473
186600.0000000000 0.0180817526 0.0621881932
186700.0000000000 0.0180735784 0.0621397384
186800.0000000000 0.0180647391 0.0620898567
186900.0000000000 0.0180548571 0.0620320067
187000.0000000000 0.0194310784 0.8092322946
187100.0000000000 0.0180383217 0.0629241168
187200.0000000000 0.0180407012 0.0618684962
187300.0000000000 0.0180321303 0.0618383400
187400.0000000000 0.0180235024 0.0618075654
187500.0000000000 0.0180154767 0.0617733859
187600.0000000000 0.0180095647 0.0617361404
187700.0000000000 0.0180036950 0.0616958812
187800.0000000000 0.0179973458 0.0616474040
187900.0000000000 0.0179883824 0.0616017990
188000.0000000000 0.0179823109 0.0615490563
188100.0000000000 0.0179744498 0.0614951551
188200.0000000000 0.0179664383 0.0614376329
188300.0000000000 0.0187776476 0.0789301172
188400.0000000000 0.0179469603 0.0613422580
188500.0000000000 0.0179365377 0.0612817928
188600.0000000000 0.0179281061 0.0612307824
188700.0000000000 0.0179190152 0.0611748956
188800.0000000000 0.0179096793 0.0611161590
188900.0000000000 0.0179021105 0.0610547066
189000.0000000000 0.0178923774 0.0609887876
189100.0000000000 0.0177630836 0.0623656623
189200.0000000000 0.0179644416 0.0614058562
189300.0000000000 0.0178643954 0.0608029440
189400.0000000000 0.0178543244 0.0607681535
189500.0000000000 0.0178476663 0.0607266836
189600.0000000000 0.0178394012 0.0606811978
189700.0000000000 0.0178324115 0.0606335811
189800.0000000000 0.0178236596 0.0605810881
189900.0000000000 0.0226596533 1.2146105766
190000.0000000000 0.0178316541 0.0606009811
190100.0000000000 0.0178113172 0.0604768023
190200.0000000000 0.0178006873 0.0604342930
190300.0000000000 0.0177923934 0.0603925399
190400.0000000000 0.0177859723 0.0603548996
190500.0000000000 0.0177798126 0.0603152551
190600.0000000000 0.0177752683 0.0602720901
190700.0000000000 0.0177655136 0.0602271557
190800.0000000000 0.0177585781 0.0601821505
190900.0000000000 0.0177488922 0.0601312332
191000.0000000000 0.0177404493 0.0600799732
191100.0000000000 0.0177316787 0.0600255094
191200.0000000000 0.0177227899 0.0599654838
191300.0000000000 0.0174589437 0.0634655356
191400.0000000000 0.0177101503 0.0598915294
191500.0000000000 0.0177050865 0.0598564744
191600.0000000000 0.0176975975 0.0598239787
191700.0000000000 0.0176916380 0.0597910695
191800.0000000000 0.0176851985 0.0597569495
191900.0000000000 0.0176810328 0.0597175211
192000.0000000000 0.0176738329 0.0596762262
192100.0000000000 0.0176678491 0.0596310124
192200.0000000000 0.0176596012 0.0595840067
192300.0000000000 0.0176542851 0.0595367625
192400.0000000000 0.0176443881 0.0594820715
192500.0000000000 0.0176359989 0.0594273917
192600.0000000000 0.0174443650 0.0983103067
192700.0000000000 0.0176258287 0.0593516044
192800.0000000000 0.0176142722 0.0593088530
192900.0000000000 0.0176044827 0.0592664480
193000.0000000000 0.0175977273 0.0592258908
193100.0000000000 0.0175909295 0.0591843165
193200.0000000000 0.0175868319 0.0591434650
193300.0000000000 0.0175789440 0.0590994544
193400.0000000000 0.0175704630 0.0590537190
193500.0000000000 0.0175631178 0.0590031706
193600.0000000000 0.0175552002 0.0589493066
193700.0000000000 0.0175464975 0.0588915572
193800.0000000000 0.0210257579 0.2815968692
193900.0000000000 0.0175542777 0.0588371642
194000.0000000000 0.0175340475 0.0587777458
194100.0000000000 0.0175263598 0.0587533750
194200.0000000000 0.0175192849 0.0587296560
194300.0000000000 0.0175146626 0.0587035939
194400.0000000000 0.0175106761 0.0586741641
194500.0000000000 0.0175053987 0.0586398877
194600.0000000000 0.0175008172 0.0586056039
194700.0000000000 0.0174956411 0.0585643761
194800.0000000000 0.0174905575 0.0585255325
194900.0000000000 0.0174832836 0.0584796779
195000.0000000000 0.0174754777 0.0584320389
195100.0000000000 0.0174688925 0.0583900809
195200.0000000000 0.0174631194 0.0583428182
195300.0000000000 0.0174558307 0.0582933947
195400.0000000000 0.0174476849 0.0582423769
195500.0000000000 0.0173947328 0.0675431564
195600.0000000000 0.0174372971 0.0581586473
195700.0000000000 0.0174319773 0.0581206009
195800.0000000000 0.0174248225 0.0580876134
195900.0000000000 0.0174187958 0.0580500960
196000.0000000000 0.0174127019 0.0580102466
196100.0000000000 0.0174045313 0.0579670332
196200.0000000000 0.0173978982 0.0579248033
196300.0000000000 0.0173893804 0.0578786358
196400.0000000000 0.0173807877 0.0578298569
196500.0000000000 0.0227477335 1.2376123667
196600.0000000000 0.0173737264 0.0577694587
196700.0000000000 0.0173578594 0.0577020757
196800.0000000000 0.0173499809 0.0576801561
196900.0000000000 0.0173430230 0.0576514341
197000.0000000000 0.0173389534 0.0576228686
197100.0000000000 0.0173343564 0.0575917102
197200.0000000000 0.0173268524 0.0575552732
197300.0000000000 0.0173213914 0.0575161241
197400.0000000000 0.0173153409 0.0574759580
197500.0000000000 0.0173095545 0.0574330203
197600.0000000000 0.0173022438 0.0573867373
197700.0000000000 0.0172950665 0.0573346205
197800.0000000000 0.0172869696 0.0572817996
197900.0000000000 0.0172787639 0.0572272763
198000.0000000000 0.0171384247 0.0645049438
198100.0000000000 0.0172686621 0.0571564101
198200.0000000000 0.0172584284 0.0571168475
198300.0000000000 0.0172515958 0.0570826940
198400.0000000000 0.0172460414 0.0570467934
198500.0000000000 0.0172395407 0.0570092648
198600.0000000000 0.0172335045 0.0569707081
198700.0000000000 0.0172269104 0.0569296554
198800.0000000000 0.0172186459 0.0568885207
198900.0000000000 0.0172133670 0.0568395518
199000.0000000000 0.0172052121 0.0567908101
199100.0000000000 0.0171962587 0.0567413308
199200.0000000000 0.0171821779 0.0567629896
199300.0000000000 0.0170916702 0.0574316680
199400.0000000000 0.0171849967 0.0566410534
199500.0000000000 0.0171803369 0.0566108786
199600.0000000000 0.0171766378 0.0565835461
199700.0000000000 0.0171712045 0.0565568730
199800.0000000000 0.0171647078 0.0565277375
199900.0000000000 0.0171603216 0.0564982481
200000.0000000000 0.0171549441 0.0564634465
200100.0000000000 0.0171506675 0.0564315841
200200.0000000000 0.0171447592 0.0563984290
200300.0000000000 0.0171381858 0.0563633367
200400.0000000000 0.0171326046 0.0563261770
200500.0000000000 0.0171255078 0.0562854670
200600.0000000000 0.0171188532 0.0562430285
200700.0000000000 0.0171125863 0.0561979376
200800.0000000000 0.0171048169 0.0561513379
200900.0000000000 0.0170985448 0.0561025031
201000.0000000000 0.0171056103 0.0570689365
201100.0000000000 0.0170868749 0.0560260527
201200.0000000000 0.0170805467 0.0559939072
201300.0000000000 0.0170733369 0.0559626296
201400.0000000000 0.0170682617 0.0559296422
201500.0000000000 0.0170614628 0.0558941551
201600.0000000000 0.0170551097 0.0558577701
201700.0000000000 0.0170479780 0.0558177941
201800.0000000000 0.0170409395 0.0557768084
201900.0000000000 0.0170324201 0.0557322353
202000.0000000000 0.0175104142 0.1404967904
202100.0000000000 0.0170186678 0.0556582436
202200.0000000000 0.0170111618 0.0556292981
202300.0000000000 0.0170057590 0.0556026921
202400.0000000000 0.0169999993 0.0555768274
202500.0000000000 0.0169957274 0.0555480607
202600.0000000000 0.0169902060 0.0555171557
202700.0000000000 0.0169855770 0.0554826818
202800.0000000000 0.0169787015 0.0554465093
202900.0000000000 0.0169738376 0.0554121919
203000.0000000000 0.0169670981 0.0553686172
203100.0000000000 0.0169619699 0.0553262979
203200.0000000000 0.0169543733 0.0552791208
203300.0000000000 0.0169482243 0.0552339256
203400.0000000000 0.0169396833 0.0551797748
203500.0000000000 0.0168628322 0.0664661899
203600.0000000000 0.0169250632 0.0550969988
203700.0000000000 0.0169210699 0.0550712794
203800.0000000000 0.0169167411 0.0550439246
203900.0000000000 0.0169114595 0.0550124571
204000.0000000000 0.0169063269 0.0549813174
204100.0000000000 0.0168994143 0.0549474806
204200.0000000000 0.0168933682 0.0549106188
204300.0000000000 0.0168875850 0.0548699424
204400.0000000000 0.0168798105 0.0548284315
204500.0000000000 0.0168728450 0.0547818094
204600.0000000000 0.0168654462 0.0547362976
204700.0000000000 0.0168577210 0.0546871759
204800.0000000000 0.0168487909 0.2882904410
204900.0000000000 0.0169210312 0.0552192628
205000.0000000000 0.0168427277 0.0545803048
205100.0000000000 0.0168371352 0.0545640439
205200.0000000000 0.0168318924 0.0545454361
205300.0000000000 0.0168279251 0.0545256324
205400.0000000000 0.0168234258 0.0545025282
205500.0000000000 0.0168207976 0.0544816777
205600.0000000000 0.0168163923 0.0544564314
205700.0000000000 0.0168128431 0.0544266105
205800.0000000000 0.0168084136 0.0543961413
205900.0000000000 0.0168036044 0.0543633550
206000.0000000000 0.0167986149 0.0543284416
206100.0000000000 0.0167941946 0.0542933345
206200.0000000000 0.0167866120 0.0542539544
206300.0000000000 0.0167826056 0.0542151444
206400.0000000000 0.0168303694 0.0552521124
206500.0000000000 0.0167717500 0.0541595258
206600.0000000000 0.0167638016 0.0541267097
206700.0000000000 0.0167573858 0.0540965274
206800.0000000000 0.0167511071 0.0540663339
206900.0000000000 0.0167459945 0.0540344417
207000.0000000000 0.0167390293 0.0539991260
207100.0000000000 0.0167360697 0.0539637730
207200.0000000000 0.0167281680 0.0539280027
207300.0000000000 0.0167225626 0.0538859814
207400.0000000000 0.0167142186 0.0538437925
207500.0000000000 0.0167076219 0.0538011454
207600.0000000000 0.0166959656 0.0537526011
207700.0000000000 0.0165677483 0.0809920654
207800.0000000000 0.0166906101 0.0536911674
207900.0000000000 0.0166844944 0.0536620542
208000.0000000000 0.0166797455 0.0536374748
208100.0000000000 0.0166750804 0.0536131188
208200.0000000000 0.0166701724 0.0535861440
208300.0000000000 0.0166655580 0.0535558872
208400.0000000000 0.0166589926 0.0535264201
208500.0000000000 0.0166539746 0.0534940176
208600.0000000000 0.0166487909 0.0534568578
208700.0000000000 0.0166417397 0.0534195416
208800.0000000000 0.0166340128 0.0533783883
208900.0000000000 0.0166280180 0.0533369146
209000.0000000000 0.0166193740 0.0532928258
209100.0000000000 0.0166127441 0.0532469451
209200.0000000000 0.0165246084 0.0587362163
209300.0000000000 0.0166016503 0.0531867966
209400.0000000000 0.0165972015 0.0531587526
209500.0000000000 0.0165912351 0.0531288534
209600.0000000000 0.0165844240 0.0531011522
209700.0000000000 0.0165787945 0.0530690290
209800.0000000000 0.0165707892 0.0530334562
209900.0000000000 0.0165681955 0.0530024022
210000.0000000000 0.0165590495 0.0529639423
210100.0000000000 0.0165544198 0.0529279597
210200.0000000000 0.0165483408 0.0528922975
210300.0000000000 0.0165414405 0.0528524704
210400.0000000000 0.0165332352 0.0528105907
210500.0000000000 0.0165251344 0.0527681820
210600.0000000000 0.0166865117 0.0564606860
210700.0000000000 0.0165116900 0.0526941270
210800.0000000000 0.0165058816 0.0526791699
210900.0000000000 0.0165011226 0.0526607558
211000.0000000000 0.0164967470 0.0526388250
211100.0000000000 0.0164918591 0.0526132286
211200.0000000000 0.0164882264 0.0525883622
211300.0000000000 0.0164827906 0.0525624417
211400.0000000000 0.0164789420 0.0525294095
211500.0000000000 0.0164725108 0.0524989292
211600.0000000000 0.0164697968 0.0524628200
211700.0000000000 0.0164625178 0.0524268486
211800.0000000000 0.0164581161 0.0523873642
211900.0000000000 0.0164496324 0.0523441397
212000.0000000000 0.0164421367 0.0523007177
212100.0000000000 0.0164415013 0.0996852443
212200.0000000000 0.0164332313 0.0522438101
212300.0000000000 0.0164262258 0.0522036143
212400.0000000000 0.0164205932 0.0521735735
212500.0000000000 0.0164155214 0.0521402955
212600.0000000000 0.0164096105 0.0521075241
212700.0000000000 0.0164053636 0.0520722419
212800.0000000000 0.0163967936 0.0520336851
212900.0000000000 0.0163904552 0.0519942641
213000.0000000000 0.0163835219 0.0519537739
213100.0000000000 0.0163752014 0.0519102179
213200.0000000000 0.0163690277 0.0518629439
213300.0000000000 0.0163394627 0.0555502325
213400.0000000000 0.0163609696 0.0517981388
213500.0000000000 0.0163582156 0.0517764837
213600.0000000000 0.0163533040 0.0517536327
213700.0000000000 0.0163478941 0.0517312028
213800.0000000000 0.0163415849 0.0517044142
213900.0000000000 0.0163368440 0.0516767018
214000.0000000000 0.0163310351 0.0516473204
214100.0000000000 0.0163256400 0.0516164117
214200.0000000000 0.0163197679 0.0515827723
214300.0000000000 0.0163132708 0.0515460819
214400.0000000000 0.0163066267 0.0515086539
214500.0000000000 0.0162985586 0.0514670759
214600.0000000000 0.0162924444 0.0514253974
214700.0000000000 0.0162248501 0.0583625026
214800.0000000000 0.0162815027 0.0513767712
214900.0000000000 0.0162761852 0.0513492748
215000.0000000000 0.0162726955 0.0513250045
215100.0000000000 0.0162686112 0.0513020270
215200.0000000000 0.0162660130 0.0512788743
215300.0000000000 0.0162603819 0.0512547716
215400.0000000000 0.0162552784 0.0512281246
215500.0000000000 0.0162502541 0.0511979274
215600.0000000000 0.0162442603 0.0511712842
215700.0000000000 0.0162388718 0.0511392206
215800.0000000000 0.0162316381 0.0511063375
215900.0000000000 0.0162268662 0.0510713942
216000.0000000000 0.0162192617 0.0510325134
216100.0000000000 0.0162129557 0.0509926006
216200.0000000000 0.0162966879 0.0581356362
216300.0000000000 0.0162005624 0.0509074740
216400.0000000000 0.0161970793 0.0508907512
216500.0000000000 0.0161894863 0.0508756377
216600.0000000000 0.0161855724 0.0508563891
216700.0000000000 0.0161811574 0.0508337803
216800.0000000000 0.0161768091 0.0508104786
216900.0000000000 0.0161727700 0.0507850870
217000.0000000000 0.0161678509 0.0507561862
217100.0000000000 0.0161616263 0.0507252477
217200.0000000000 0.0161573978 0.0506924130
217300.0000000000 0.0161503481 0.0506561361
217400.0000000000 0.0161420669 0.0506179035
217500.0000000000 0.0162303011 0.0520504080
217600.0000000000 0.0161286371 0.0505449027
217700.0000000000 0.0161246458 0.0505065769
217800.0000000000 0.0161165045 0.0504690334
217900.0000000000 0.0161096340 0.0504295528
218000.0000000000 0.0161024638 0.0503854454
218100.0000000000 0.0160950255 0.0503426641
218200.0000000000 0.0161658945 0.0508097447
218300.0000000000 0.0160824578 0.0502557904
218400.0000000000 0.0160754418 0.0502202548
218500.0000000000 0.0160684910 0.0501809530
218600.0000000000 0.0160622312 0.0501397364
218700.0000000000 0.0185119772 0.4271082580
218800.0000000000 0.0160457619 0.0500779040
218900.0000000000 0.0160449821 0.0500562452
219000.0000000000 0.0160383751 0.0500339344
219100.0000000000 0.0160340788 0.0500065945
219200.0000000000 0.0160285757 0.0499809831
219300.0000000000 0.0160240410 0.0499555022
219400.0000000000 0.0160189688 0.0499269031
219500.0000000000 0.0160124391 0.0498947985
219600.0000000000 0.0160074621 0.0498641655
219700.0000000000 0.0160011731 0.0498311222
219800.0000000000 0.0159966903 0.0497956201
219900.0000000000 0.0175955366 0.2366797179
220000.0000000000 0.0159687400 0.0497150421
220100.0000000000 0.0159843909 0.0497069359
220200.0000000000 0.0159813461 0.0496944040
220300.0000000000 0.0159778257 0.0496794134
220400.0000000000 0.0159737161 0.0496611297
220500.0000000000 0.0159694222 0.0496425629
220600.0000000000 0.0159645948 0.0496199131
220700.0000000000 0.0159609032 0.0495990701
220800.0000000000 0.0159555987 0.0495735221
220900.0000000000 0.0159516045 0.0495458171
221000.0000000000 0.0159464685 0.0495183729
221100.0000000000 0.0159413333 0.0494873896
221200.0000000000 0.0159356722 0.0494540147
221300.0000000000 0.0159301928 0.0494193882
221400.0000000000 0.0159234478 0.0493826270
221500.0000000000 0.0159167199 0.0493452884
221600.0000000000 0.0210458333 6.8338212967
221700.0000000000 0.0158853710 0.0494450182
221800.0000000000 0.0159017161 0.0492672287
221900.0000000000 0.0158986646 0.0492420197
222000.0000000000 0.0158932009 0.0492179096
222100.0000000000 0.0158890038 0.0491944477
222200.0000000000 0.0158853930 0.0491688997
222300.0000000000 0.0158810324 0.0491433069
222400.0000000000 0.0158757747 0.0491152555
222500.0000000000 0.0158708923 0.0490840040
222600.0000000000 0.0158648641 0.0490546785
222700.0000000000 0.0158573275 0.0490214825
222800.0000000000 0.0158507372 0.0489874929
222900.0000000000 0.0158436684 0.0489497073
223000.0000000000 0.0158383066 0.0489131883
223100.0000000000 0.0160847506 0.0641225800
223200.0000000000 0.0158270879 0.0488496087
223300.0000000000 0.0158239710 0.0488326363
223400.0000000000 0.0158202227 0.0488169752
223500.0000000000 0.0158165252 0.0487994663
223600.0000000000 0.0158126355 0.0487797931
223700.0000000000 0.0158082330 0.0487583615
223800.0000000000 0.0158052608 0.0487361476
223900.0000000000 0.0158005236 0.0487120487
224000.0000000000 0.0157962091 0.0486850739
224100.0000000000 0.0157917060 0.0486580208
224200.0000000000 0.0157868772 0.0486268662
224300.0000000000 0.0157825679 0.0485945679
224400.0000000000 0.0157770281 0.0485635363
224500.0000000000 0.0157689525 0.0485289767
224600.0000000000 0.0157640203 0.0484910868
224700.0000000000 0.0166602885 0.0732069835
224800.0000000000 0.0157525759 0.0484305695
224900.0000000000 0.0157519636 0.0484049320
225000.0000000000 0.0157481982 0.0483844280
225100.0000000000 0.0157443502 0.0483644009
225200.0000000000 0.0157405514 0.0483450219
225300.0000000000 0.0157352552 0.0483209975
225400.0000000000 0.0157301021 0.0482975394
225500.0000000000 0.0157254151 0.0482700802
225600.0000000000 0.0157217263 0.0482430458
225700.0000000000 0.0157154358 0.0482132994
225800.0000000000 0.0157105215 0.0481811054
225900.0000000000 0.0157035736 0.0481492318
226000.0000000000 0.0156963533 0.0481140763
226100.0000000000 0.0156886859 0.0480787568
226200.0000000000 0.0159875997 0.0533532798
226300.0000000000 0.0156744743 0.0480156876
226400.0000000000 0.0156721811 0.0479990467
226500.0000000000 0.0156700136 0.0479823388
226600.0000000000 0.0156651505 0.0479647070
226700.0000000000 0.0156615339 0.0479434393
226800.0000000000 0.0156574107 0.0479205251
226900.0000000000 0.0156529228 0.0478967763
227000.0000000000 0.0156477942 0.0478710793
227100.0000000000 0.0156430943 0.0478418730
227200.0000000000 0.0156374424 0.0478123985
227300.0000000000 0.0156310015 0.0477819107
227400.0000000000 0.0156259782 0.0477477312
227500.0000000000 0.0156189311 0.0477125309
227600.0000000000 0.0156110214 0.0476745702
227700.0000000000 0.0205894371 0.3914120495
227800.0000000000 0.0156037309 0.0476157553
227900.0000000000 0.0155978417 0.0475876592
228000.0000000000 0.0155961981 0.0475708917
228100.0000000000 0.0155921915 0.0475498661
228200.0000000000 0.0155888237 0.0475285724
228300.0000000000 0.0155846659 0.0475054830
228400.0000000000 0.0155790266 0.0474807024
228500.0000000000 0.0155733303 0.0474540517
228600.0000000000 0.0155685288 0.0474254638
228700.0000000000 0.0155630957 0.0473946668
228800.0000000000 0.0155571163 0.0473630577
228900.0000000000 0.0155510829 0.0473294333
229000.0000000000 0.0155458645 0.0472939387
229100.0000000000 0.0155783162 0.0477882773
229200.0000000000 0.0155317322 0.0472460017
229300.0000000000 0.0155302406 0.0472340472
229400.0000000000 0.0155265768 0.0472215638
229500.0000000000 0.0155242545 0.0472069532
229600.0000000000 0.0155210660 0.0471903421
229700.0000000000 0.0155164560 0.0471709110
229800.0000000000 0.0155126228 0.0471512415
229900.0000000000 0.0155085815 0.0471288562
230000.0000000000 0.0155050002 0.0471041203
230100.0000000000 0.0155007893 0.0470815264
230200.0000000000 0.0154958063 0.0470579378
230300.0000000000 0.0154921931 0.0470324941
230400.0000000000 0.0154877825 0.0470045954
230500.0000000000 0.0154829649 0.0469735712
230600.0000000000 0.0154778476 0.0469431952
230700.0000000000 0.0154729172 0.0469108485
230800.0000000000 0.0154727789 0.0468810871
230900.0000000000 0.0154081489 0.0473239645
231000.0000000000 0.0154594116 0.0468297265
231100.0000000000 0.0154558681 0.0468077846
231200.0000000000 0.0154520597 0.0467860922
231300.0000000000 0.0154485694 0.0467626527
231400.0000000000 0.0154437900 0.0467383154
231500.0000000000 0.0154399243 0.0467120260
231600.0000000000 0.0154340868 0.0466857627
231700.0000000000 0.0154304029 0.0466563255
231800.0000000000 0.0154240423 0.0466270521
231900.0000000000 0.0154184223 0.0465948917
232000.0000000000 0.0154126383 0.0465606116
232100.0000000000 0.0154044909 0.0465255529
232200.0000000000 0.0154267393 0.0468911789
232300.0000000000 0.0153963963 0.0464755148
232400.0000000000 0.0153942119 0.0464635417
232500.0000000000 0.0153915974 0.0464508720
232600.0000000000 0.0153884982 0.0464346148
232700.0000000000 0.0153839610 0.0464177318
232800.0000000000 0.0153785201 0.0463977531
232900.0000000000 0.0153746575 0.0463755503
233000.0000000000 0.0153702904 0.0463536829
233100.0000000000 0.0153652374 0.0463308990
233200.0000000000 0.0153616682 0.0463028438
233300.0000000000 0.0153563284 0.0462746993
233400.0000000000 0.0153510258 0.0462461375
233500.0000000000 0.0153451179 0.0462140180
233600.0000000000 0.0153386693 0.0461802185
233700.0000000000 0.0153331678 0.0461471751
233800.0000000000 0.0155136614 0.0622823425
233900.0000000000 0.0153224240 0.0460989848
234000.0000000000 0.0153192036 0.0460787192
234100.0000000000 0.0153157556 0.0460582525
234200.0000000000 0.0153124984 0.0460380726
234300.0000000000 0.0153080342 0.0460156426
234400.0000000000 0.0153028160 0.0459930710
234500.0000000000 0.0152987587 0.0459700711
234600.0000000000 0.0152922420 0.0459445640
234700.0000000000 0.0152889116 0.0459168144
234800.0000000000 0.0152835359 0.0458874553
234900.0000000000 0.0152774186 0.0458570123
235000.0000000000 0.0152691829 0.0458569787
235100.0000000000 0.0152894254 0.0458625592
235200.0000000000 0.0152586641 0.0457675867
235300.0000000000 0.0152558368 0.0457480885
235400.0000000000 0.0152509967 0.0457279198
235500.0000000000 0.0152476714 0.0457055382
235600.0000000000 0.0152415427 0.0456825569
235700.0000000000 0.0152368426 0.0456572585
235800.0000000000 0.0152313761 0.0456318744
235900.0000000000 0.0152254607 0.0456022210
236000.0000000000 0.0152195589 0.0455767997
236100.0000000000 0.0152158614 0.0455445237
236200.0000000000 0.0152101291 0.0455097556
236300.0000000000 0.0156064232 0.1170752048
236400.0000000000 0.0151922606 0.0454562791
236500.0000000000 0.0151909423 0.0454143323
236600.0000000000 0.0151846192 0.0453879721
236700.0000000000 0.0151817765 0.0453571752
236800.0000000000 0.0151741441 0.0453258455
236900.0000000000 0.0151674490 0.0452918820
237000.0000000000 0.0151600192 0.0452572107
237100.0000000000 0.0154835707 0.0780400336
237200.0000000000 0.0151569815 0.0451952256
237300.0000000000 0.0151453830 0.0451725759
237400.0000000000 0.0151424390 0.0451571457
237500.0000000000 0.0151374936 0.0451350696
237600.0000000000 0.0151341638 0.0451112352
237700.0000000000 0.0151292469 0.0450886525
237800.0000000000 0.0151249150 0.0450633429
237900.0000000000 0.0151211903 0.0450375155
238000.0000000000 0.0151177572 0.0450105704
238100.0000000000 0.0151106440 0.0449773222
238200.0000000000 0.0151035744 0.0449455194
238300.0000000000 0.0153743578 0.0478601940
238400.0000000000 0.0150927353 0.0448890962
238500.0000000000 0.0150928821 0.0448745340
238600.0000000000 0.0150914400 0.0448570736
238700.0000000000 0.0150874436 0.0448396206
238800.0000000000 0.0150844354 0.0448206179
238900.0000000000 0.0150798967 0.0448000617
239000.0000000000 0.0150749898 0.0447770581
239100.0000000000 0.0150721886 0.0447525345
239200.0000000000 0.0150673424 0.0447288975
239300.0000000000 0.0150617111 0.0447009690
239400.0000000000 0.0150555614 0.0446719639
239500.0000000000 0.0150513636 0.0446404628
239600.0000000000 0.0151660088 0.1253708452
239700.0000000000 0.0150342080 0.0445874482
239800.0000000000 0.0150312459 0.0445726663
239900.0000000000 0.0150291235 0.0445598699
240000.0000000000 0.0150255027 0.0445438325
240100.0000000000 0.0150212427 0.0445279889
240200.0000000000 0.0150199248 0.0445104167
240300.0000000000 0.0150165152 0.0444928817
240400.0000000000 0.0150137667 0.0444727801
240500.0000000000 0.0150104856 0.0444526486
240600.0000000000 0.0150059385 0.0444305465
240700.0000000000 0.0150009492 0.0444063693
240800.0000000000 0.0149952110 0.0443811081
240900.0000000000 0.0149902807 0.0443559922
241000.0000000000 0.0149857889 0.0443295985
241100.0000000000 0.0149797628 0.0443011448
241200.0000000000 0.0149769807 0.0442679673
241300.0000000000 0.0149820684 0.0442423001
241400.0000000000 0.0149560127 0.0443251133
241500.0000000000 0.0149616876 0.0441870093
241600.0000000000 0.0149586688 0.0441703796
241700.0000000000 0.0149571410 0.0441532545
241800.0000000000 0.0149535123 0.0441358164
241900.0000000000 0.0149490148 0.0441167727
242000.0000000000 0.0149463971 0.0440929458
242100.0000000000 0.0149411580 0.0440707207
242200.0000000000 0.0149367676 0.0440454334
242300.0000000000 0.0149311485 0.0440185629
242400.0000000000 0.0149261369 0.0439916328
242500.0000000000 0.0149195405 0.0439609811
242600.0000000000 0.0149162919 0.0439331569
242700.0000000000 0.0149076180 0.0438982472
242800.0000000000 0.0147368098 0.0468726233
242900.0000000000 0.0148966885 0.0438510403
243000.0000000000 0.0148944474 0.0438404493
243100.0000000000 0.0148933254 0.0438312329
243200.0000000000 0.0148921246 0.0438206680
243300.0000000000 0.0148898048 0.0438074470
243400.0000000000 0.0148868610 0.0437926203
243500.0000000000 0.0148835693 0.0437765680
243600.0000000000 0.0148806330 0.0437591076
243700.0000000000 0.0148766811 0.0437387265
243800.0000000000 0.0148728064 0.0437174179
243900.0000000000 0.0148682971 0.0436939038
244000.0000000000 0.0148626790 0.0436690599
244100.0000000000 0.0148595727 0.0436431356
244200.0000000000 0.0148547131 0.0436161757
244300.0000000000 0.0148495569 0.0435859747
244400.0000000000 0.0148420679 0.0436474122
244500.0000000000 0.0148415840 0.0435416102
244600.0000000000 0.0148401997 0.0435248166
244700.0000000000 0.0148365651 0.0435071588
244800.0000000000 0.0148324844 0.0434862264
244900.0000000000 0.0148283010 0.0434685424
245000.0000000000 0.0148238381 0.0434454195
245100.0000000000 0.0148196096 0.0434252098
245200.0000000000 0.0148151295 0.0434045866
245300.0000000000 0.0148111346 0.0433816463
245400.0000000000 0.0148073285 0.0433583334
245500.0000000000 0.0148016384 0.0433318093
245600.0000000000 0.0147947696 0.0433038883
245700.0000000000 0.0147348611 0.0489551537
245800.0000000000 0.0147820412 0.0432542898
245900.0000000000 0.0147809525 0.0432412438
246000.0000000000 0.0147766263 0.0432269648
246100.0000000000 0.0147725159 0.0432107821
246200.0000000000 0.0147684732 0.0431917086
246300.0000000000 0.0147648022 0.0431729555
246400.0000000000 0.0147615464 0.0431518070
246500.0000000000 0.0147583479 0.0431300141
246600.0000000000 0.0147540175 0.0431057066
246700.0000000000 0.0147473372 0.0430804119
246800.0000000000 0.0147445037 0.0430547222
246900.0000000000 0.0147380279 0.0430280007
247000.0000000000 0.0147322536 0.0429969952
247100.0000000000 0.0147260124 0.0429661497
247200.0000000000 0.0147205860 0.0429314040
247300.0000000000 0.0148727437 0.0451502688
247400.0000000000 0.0147101124 0.0428878292
247500.0000000000 0.0147102527 0.0428710729
247600.0000000000 0.0147075632 0.0428581424
247700.0000000000 0.0147054404 0.0428422354
247800.0000000000 0.0147043737 0.0428252108
247900.0000000000 0.0147008919 0.0428081974
248000.0000000000 0.0146980695 0.0427880771
248100.0000000000 0.0146928689 0.0427662544
248200.0000000000 0.0146886553 0.0427434854
248300.0000000000 0.0146843795 0.0427201316
248400.0000000000 0.0146787643 0.0426972397
248500.0000000000 0.0146738357 0.0426694229
248600.0000000000 0.0146698829 0.0426427722
248700.0000000000 0.0146181703 0.1444581151
248800.0000000000 0.0146441936 0.0425880179
248900.0000000000 0.0146520898 0.0425843336
249000.0000000000 0.0146516204 0.0425754078
249100.0000000000 0.0146492331 0.0425656699
249200.0000000000 0.0146464786 0.0425540768
249300.0000000000 0.0146443538 0.0425419845
249400.0000000000 0.0146418121 0.0425286479
249500.0000000000 0.0146381527 0.0425116159
249600.0000000000 0.0146340683 0.0424931869
249700.0000000000 0.0146304812 0.0424747653
249800.0000000000 0.0146262684 0.0424555689
249900.0000000000 0.0146222417 0.0424339287
250000.0000000000 0.0146189274 0.0424085781
250100.0000000000 0.0146141745 0.0423881561
250200.0000000000 0.0146108267 0.0423641205
250300.0000000000 0.0146061649 0.0423385389
250400.0000000000 0.0146018307 0.0423139669
250500.0000000000 0.0145967663 0.0422891043
250600.0000000000 0.0152875162 0.0659606382
250700.0000000000 0.0145864866 0.0422459394
250800.0000000000 0.0145874450 0.0422253944
250900.0000000000 0.0145861803 0.0422080979
251000.0000000000 0.0145823161 0.0421907306
251100.0000000000 0.0145784568 0.0421717241
251200.0000000000 0.0145748724 0.0421543121
251300.0000000000 0.0145701221 0.0421333387
251400.0000000000 0.0145662129 0.0421126485
251500.0000000000 0.0145622931 0.0420878753
251600.0000000000 0.0145565075 0.0420637503
251700.0000000000 0.0145533084 0.0420358554
251800.0000000000 0.0145474542 0.0420098677
251900.0000000000 0.0145442384 0.0419800803
252000.0000000000 0.0145675779 0.0424773172
252100.0000000000 0.0145345958 0.0419398211
252200.0000000000 0.0145314861 0.0419316776
252300.0000000000 0.0145297587 0.0419193059
252400.0000000000 0.0145271091 0.0419083685
252500.0000000000 0.0145250440 0.0418927819
252600.0000000000 0.0145219856 0.0418769941
252700.0000000000 0.0145176049 0.0418619253
252800.0000000000 0.0145128443 0.0418434627
252900.0000000000 0.0145096146 0.0418231376
253000.0000000000 0.0145050002 0.0418027975
253100.0000000000 0.0145006175 0.0417804606
253200.0000000000 0.0144963121 0.0417585000
253300.0000000000 0.0144918606 0.0417340659
253400.0000000000 0.0144863700 0.0417101867
253500.0000000000 0.0144826921 0.0416821614
253600.0000000000 0.0144775164 0.0416525006
253700.0000000000 0.0155668726 0.1187625304
253800.0000000000 0.0144735298 0.0416059755
253900.0000000000 0.0144659559 0.0415911190
254000.0000000000 0.0144629284 0.0415745154
254100.0000000000 0.0144599700 0.0415610559
254200.0000000000 0.0144566088 0.0415444933
254300.0000000000 0.0144517042 0.0415294059
254400.0000000000 0.0144472004 0.0415121168
254500.0000000000 0.0144444323 0.0414935760
254600.0000000000 0.0144405343 0.0414727740
254700.0000000000 0.0144340052 0.0414523445
254800.0000000000 0.0144310842 0.0414262526
254900.0000000000 0.0144260616 0.0414042175
255000.0000000000 0.0144220119 0.0413796306
255100.0000000000 0.0144161497 0.0413557626
255200.0000000000 0.0144119234 0.0413286574
255300.0000000000 0.0144210447 0.0414127335
255400.0000000000 0.0144027892 0.0412838347
255500.0000000000 0.0143993514 0.0412745513
255600.0000000000 0.0143952851 0.0412621759
255700.0000000000 0.0143921270 0.0412495807
255800.0000000000 0.0143881011 0.0412352122
255900.0000000000 0.0143867253 0.0412199534
256000.0000000000 0.0143820156 0.0412035361
256100.0000000000 0.0143786990 0.0411839560
256200.0000000000 0.0143750784 0.0411650836
256300.0000000000 0.0143699506 0.0411431342
256400.0000000000 0.0143661482 0.0411207341
256500.0000000000 0.0143618050 0.0410977788
256600.0000000000 0.0143572889 0.0410720482
256700.0000000000 0.0143522891 0.0410445482
256800.0000000000 0.0143480343 0.0410181284
256900.0000000000 0.0143141099 0.0423161127
257000.0000000000 0.0143371489 0.0409761183
257100.0000000000 0.0143356196 0.0409610793
257200.0000000000 0.0143334388 0.0409475081
257300.0000000000 0.0143320922 0.0409318358
257400.0000000000 0.0143278787 0.0409131050
257500.0000000000 0.0143253787 0.0408939049
257600.0000000000 0.0143205051 0.0408756025
257700.0000000000 0.0143161304 0.0408529267
257800.0000000000 0.0143126608 0.0408308692
257900.0000000000 0.0143079309 0.0408051684
258000.0000000000 0.0143031962 0.0407791138
258100.0000000000 0.0142964068 0.0407544859
258200.0000000000 0.0142915629 0.0407261997
258300.0000000000 0.0142898434 0.0407841280
258400.0000000000 0.0142667868 0.0407650359
258500.0000000000 0.0142737377 0.0406573489
258600.0000000000 0.0142733809 0.0406481065
258700.0000000000 0.0142717792 0.0406413823
258800.0000000000 0.0142692841 0.0406299531
258900.0000000000 0.0142677425 0.0406182297
259000.0000000000 0.0142654448 0.0406045318
259100.0000000000 0.0142628069 0.0405885912
259200.0000000000 0.0142589597 0.0405709259
259300.0000000000 0.0142557936 0.0405539796
259400.0000000000 0.0142520117 0.0405331515
259500.0000000000 0.0142485913 0.0405149944
259600.0000000000 0.0142443555 0.0404926538
259700.0000000000 0.0141571542 0.0439441688
259800.0000000000 0.0142343728 0.0404555947
259900.0000000000 0.0142336270 0.0404406413
260000.0000000000 0.0142313752 0.0404266492
260100.0000000000 0.0142288555 0.0404126905
260200.0000000000 0.0142266553 0.0403995700
260300.0000000000 0.0142241289 0.0403829291
260400.0000000000 0.0142199208 0.0403667353
260500.0000000000 0.0142166870 0.0403497405
260600.0000000000 0.0142127511 0.0403317921
260700.0000000000 0.0142094397 0.0403123498
260800.0000000000 0.0142058995 0.0402921773
260900.0000000000 0.0141997952 0.0402695350
261000.0000000000 0.0141979812 0.0402474217
261100.0000000000 0.0141933486 0.0402217843
261200.0000000000 0.0141885080 0.0401955694
261300.0000000000 0.0141797744 0.0401685424
261400.0000000000 0.0141597900 0.0406792052
261500.0000000000 0.0141758276 0.0401312150
261600.0000000000 0.0141737162 0.0401191004
261700.0000000000 0.0141694967 0.0401032679
261800.0000000000 0.0141648151 0.0400903784
261900.0000000000 0.0141609830 0.0400728323
262000.0000000000 0.0141604173 0.0400577076
262100.0000000000 0.0141561070 0.0400378108
262200.0000000000 0.0141513571 0.0400183909
262300.0000000000 0.0141477253 0.0399982706
262400.0000000000 0.0141445622 0.0399784371
262500.0000000000 0.0141403030 0.0399554037
262600.0000000000 0.0141364899 0.0399329402
262700.0000000000 0.0141314529 0.0399059840
262800.0000000000 0.0141267489 0.0398780257
262900.0000000000 0.0139108911 0.0450974926
263000.0000000000 0.0141193418 0.0398417599
263100.0000000000 0.0141156834 0.0398268886
263200.0000000000 0.0141129285 0.0398130901
263300.0000000000 0.0141104903 0.0398013853
263400.0000000000 0.0141068922 0.0397860073
263500.0000000000 0.0141039628 0.0397689417
263600.0000000000 0.0140994464 0.0397526622
263700.0000000000 0.0140956747 0.0397332273
263800.0000000000 0.0140914333 0.0397137925
263900.0000000000 0.0140867851 0.0396947525
264000.0000000000 0.0140821900 0.0396726802
264100.0000000000 0.0140758389 0.0396495499
264200.0000000000 0.0140710421 0.0396247730
264300.0000000000 0.0140969709 0.0401147082
264400.0000000000 0.0140653370 0.0395820625
264500.0000000000 0.0140621659 0.0395756587
264600.0000000000 0.0140594655 0.0395658612
264700.0000000000 0.0140563760 0.0395552777
264800.0000000000 0.0140540367 0.0395430624
264900.0000000000 0.0140508247 0.0395276770
265000.0000000000 0.0140470883 0.0395145826
265100.0000000000 0.0140452230 0.0395010188
265200.0000000000 0.0140420712 0.0394872054
265300.0000000000 0.0140383355 0.0394690037
265400.0000000000 0.0140352949 0.0394517258
265500.0000000000 0.0140310858 0.0394320413
265600.0000000000 0.0140269920 0.0394134857
265700.0000000000 0.0140237818 0.0393922701
265800.0000000000 0.0140187791 0.0393687747
265900.0000000000 0.0140137044 0.0393470414
266000.0000000000 0.0140352255 0.0393546037
266100.0000000000 0.0139429906 0.0393135063
266200.0000000000 0.0139991808 0.0392852537
266300.0000000000 0.0139969175 0.0392693542
266400.0000000000 0.0139925328 0.0392536595
266500.0000000000 0.0139897962 0.0392361507
266600.0000000000 0.0139859737 0.0392195247
266700.0000000000 0.0139831968 0.0391976833
266800.0000000000 0.0139783751 0.0391773805
266900.0000000000 0.0139761766 0.0391538851
267000.0000000000 0.0139710643 0.0391310975
267100.0000000000 0.0139677143 0.0391058587
267200.0000000000 0.0139597444 0.0390807576
267300.0000000000 0.0139557081 0.0390528664
267400.0000000000 0.0139689230 0.0392413959
267500.0000000000 0.0139479866 0.0390198417
267600.0000000000 0.0139464298 0.0390106849
267700.0000000000 0.0139447002 0.0390008166
267800.0000000000 0.0139424399 0.0389915034
267900.0000000000 0.0139399365 0.0389796421
268000.0000000000 0.0139372868 0.0389678702
268100.0000000000 0.0139361155 0.0389515646
268200.0000000000 0.0139331966 0.0389389209
268300.0000000000 0.0139290297 0.0389216766
268400.0000000000 0.0139270926 0.0389038958
268500.0000000000 0.0139221952 0.0388848931
268600.0000000000 0.0139177502 0.0388647392
268700.0000000000 0.0139133887 0.0388441458
268800.0000000000 0.0139096731 0.0388231277
268900.0000000000 0.0141394679 0.0431371592
269000.0000000000 0.0139015698 0.0387849174
269100.0000000000 0.0138990481 0.0387692787
269200.0000000000 0.0138979279 0.0387571603
269300.0000000000 0.0138956372 0.0387433581
269400.0000000000 0.0138931800 0.0387289748
269500.0000000000 0.0138897081 0.0387143753
269600.0000000000 0.0138870723 0.0386965834
269700.0000000000 0.0138829167 0.0386783555
269800.0000000000 0.0138774372 0.0386603810
269900.0000000000 0.0138737047 0.0386419557
270000.0000000000 0.0138691058 0.0386190936
270100.0000000000 0.0138651725 0.0385993384
270200.0000000000 0.0138624094 0.0385816582
270300.0000000000 0.0139686668 0.0451959744
270400.0000000000 0.0138534488 0.0385402367
270500.0000000000 0.0138489884 0.0385300033
270600.0000000000 0.0138463860 0.0385151990
270700.0000000000 0.0138440118 0.0385034233
270800.0000000000 0.0138410976 0.0384931453
270900.0000000000 0.0138366884 0.0384756364
271000.0000000000 0.0138346679 0.0384608619
271100.0000000000 0.0138314183 0.0384441130
271200.0000000000 0.0138259509 0.0384254307
271300.0000000000 0.0138232488 0.0384074487
271400.0000000000 0.0138179575 0.0383894183
271500.0000000000 0.0138149259 0.0383673236
271600.0000000000 0.0138087284 0.0383457616
271700.0000000000 0.0138052189 0.0383220203
271800.0000000000 0.0138004104 0.0382972881
271900.0000000000 0.0142271600 0.0423455909
272000.0000000000 0.0137893510 0.0382570587
272100.0000000000 0.0137897201 0.0382429287
272200.0000000000 0.0137876576 0.0382317156
272300.0000000000 0.0137861545 0.0382193848
272400.0000000000 0.0137836438 0.0382059254
272500.0000000000 0.0137820805 0.0381931663
272600.0000000000 0.0137773060 0.0381766595
272700.0000000000 0.0137757083 0.0381605551
272800.0000000000 0.0137717988 0.0381414965
272900.0000000000 0.0137681398 0.0381236896
273000.0000000000 0.0137642923 0.0381026603
273100.0000000000 0.0137581265 0.0380812883
273200.0000000000 0.0137545543 0.0380602218
273300.0000000000 0.0137723670 0.0392254665
273400.0000000000 0.0137192973 0.0380220152
273500.0000000000 0.0137396408 0.0380071253
273600.0000000000 0.0137378361 0.0380009636
273700.0000000000 0.0137377301 0.0379946716
273800.0000000000 0.0137347457 0.0379846655
273900.0000000000 0.0137327733 0.0379768983
274000.0000000000 0.0137315223 0.0379659086
274100.0000000000 0.0137282447 0.0379526354
274200.0000000000 0.0137230703 0.0379395932
274300.0000000000 0.0137219442 0.0379260182
274400.0000000000 0.0137166567 0.0379115343
274500.0000000000 0.0137155086 0.0378947482
274600.0000000000 0.0137099466 0.0378769115
274700.0000000000 0.0137081625 0.0378607064
274800.0000000000 0.0137037212 0.0378405005
274900.0000000000 0.0137001080 0.0378202461
275000.0000000000 0.0136919207 0.0377955958
275100.0000000000 0.0136919009 0.0377772190
275200.0000000000 0.0136897543 0.0377580449
275300.0000000000 0.0136816092 0.0377794690
275400.0000000000 0.0136792357 0.0377247259
275500.0000000000 0.0136788590 0.0377117246
275600.0000000000 0.0136784574 0.0376979075
275700.0000000000 0.0136758853 0.0376852304
275800.0000000000 0.0136752422 0.0376716331
275900.0000000000 0.0136722552 0.0376585387
276000.0000000000 0.0136677393 0.0376419947
276100.0000000000 0.0136643571 0.0376264267
276200.0000000000 0.0136610246 0.0376065373
276300.0000000000 0.0136590017 0.0375873744
276400.0000000000 0.0136543827 0.0375687405
276500.0000000000 0.0136498794 0.0375467725
276600.0000000000 0.0136465047 0.0375223011
276700.0000000000 0.0136251702 0.0374983549
276800.0000000000 0.0136129221 0.0375092253
276900.0000000000 0.0136345515 0.0374665409
277000.0000000000 0.0136315517 0.0374600217
277100.0000000000 0.0136300803 0.0374511443
277200.0000000000 0.0136281760 0.0374399908
277300.0000000000 0.0136254721 0.0374293253
277400.0000000000 0.0136238648 0.0374172479
277500.0000000000 0.0136207698 0.0374042727
277600.0000000000 0.0136183294 0.0373899974
277700.0000000000 0.0136144939 0.0373744592
277800.0000000000 0.0136118820 0.0373589732
277900.0000000000 0.0136069757 0.0373419970
278000.0000000000 0.0136037823 0.0373218842
278100.0000000000 0.0135977415 0.0372997150
278200.0000000000 0.0135954180 0.0372821353
278300.0000000000 0.0135898676 0.0372602828
278400.0000000000 0.0136538697 0.0461657047
278500.0000000000 0.0135835126 0.0372237377
278600.0000000000 0.0135789959 0.0372104868
278700.0000000000 0.0135780363 0.0371989496
278800.0000000000 0.0135751809 0.0371876247
278900.0000000000 0.0135737302 0.0371759608
279000.0000000000 0.0135714163 0.0371642783
279100.0000000000 0.0135677924 0.0371509604
279200.0000000000 0.0135655918 0.0371373929
279300.0000000000 0.0135616407 0.0371210724
279400.0000000000 0.0135579792 0.0371044055
279500.0000000000 0.0135552626 0.0370872319
279600.0000000000 0.0135495018 0.0370678306
279700.0000000000 0.0135470213 0.0370486416
279800.0000000000 0.0135425110 0.0370265394
279900.0000000000 0.0134945776 0.0383032113
280000.0000000000 0.0135331514 0.0369957350
280100.0000000000 0.0135333873 0.0369912721
280200.0000000000 0.0135317280 0.0369831547
280300.0000000000 0.0135303217 0.0369751006
280400.0000000000 0.0135283481 0.0369656086
280500.0000000000 0.0135258686 0.0369558632
280600.0000000000 0.0135232684 0.0369446538
280700.0000000000 0.0135218656 0.0369329154
280800.0000000000 0.0135179247 0.0369179435
280900.0000000000 0.0135152000 0.0369049013
281000.0000000000 0.0135116489 0.0368898399
281100.0000000000 0.0135085739 0.0368746184
281200.0000000000 0.0135052300 0.0368577950
281300.0000000000 0.0135021058 0.0368387923
281400.0000000000 0.0134989953 0.0368213467
281500.0000000000 0.0134941237 0.0367998779
281600.0000000000 0.0137179692 0.0805112943
281700.0000000000 0.0134888501 0.0367649607
281800.0000000000 0.0134873740 0.0367483385
281900.0000000000 0.0134843741 0.0367336422
282000.0000000000 0.0134815146 0.0367183164
282100.0000000000 0.0134777561 0.0367046557
282200.0000000000 0.0134739894 0.0366872735
282300.0000000000 0.0134701690 0.0366690159
282400.0000000000 0.0134646921 0.0366516821
282500.0000000000 0.0134624927 0.0366310291
282600.0000000000 0.0134575818 0.0366113409
282700.0000000000 0.0134536449 0.0365898572
282800.0000000000 0.0131956025 0.2233989537
282900.0000000000 0.0134455210 0.0365641750
283000.0000000000 0.0134429992 0.0365438946
283100.0000000000 0.0134416198 0.0365368389
283200.0000000000 0.0134400023 0.0365280509
283300.0000000000 0.0134375062 0.0365206823
283400.0000000000 0.0134357060 0.0365110151
283500.0000000000 0.0134332207 0.0365000889
283600.0000000000 0.0134318261 0.0364884697
283700.0000000000 0.0134285332 0.0364745744
283800.0000000000 0.0134269135 0.0364611931
283900.0000000000 0.0134249470 0.0364465527
284000.0000000000 0.0134206732 0.0364307500
284100.0000000000 0.0134171390 0.0364153273
284200.0000000000 0.0134135347 0.0363969356
284300.0000000000 0.0134076149 0.0363803655
284400.0000000000 0.0134030550 0.0363592654
284500.0000000000 0.0133989918 0.0363396704
284600.0000000000 0.0137273268 0.1482125223
284700.0000000000 0.0133859840 0.0363049023
284800.0000000000 0.0133912413 0.0362947024
284900.0000000000 0.0133908352 0.0362843685
285000.0000000000 0.0133884136 0.0362732075
285100.0000000000 0.0133874634 0.0362639651
285200.0000000000 0.0133857433 0.0362537913
285300.0000000000 0.0133841620 0.0362433009
285400.0000000000 0.0133809357 0.0362326577
285500.0000000000 0.0133781365 0.0362196565
285600.0000000000 0.0133764282 0.0362063162
285700.0000000000 0.0133725285 0.0361909829
285800.0000000000 0.0133678155 0.0361749344
285900.0000000000 0.0133638619 0.0361600295
286000.0000000000 0.0133609581 0.0361439511
286100.0000000000 0.0133561074 0.0361254364
286200.0000000000 0.0133514720 0.0361048393
286300.0000000000 0.0133492356 0.0360851176
286400.0000000000 0.0133892250 0.0365720019
286500.0000000000 0.0133400988 0.0360590219
286600.0000000000 0.0133412533 0.0360534117
286700.0000000000 0.0133387625 0.0360457748
286800.0000000000 0.0133369744 0.0360386968
286900.0000000000 0.0133341854 0.0360300615
287000.0000000000 0.0133325736 0.0360186175
287100.0000000000 0.0133296666 0.0360065512
287200.0000000000 0.0133276822 0.0359963924
287300.0000000000 0.0133247234 0.0359821729
287400.0000000000 0.0133206970 0.0359687693
287500.0000000000 0.0133197584 0.0359538533
287600.0000000000 0.0133148562 0.0359403454
287700.0000000000 0.0133114947 0.0359239578
287800.0000000000 0.0133083132 0.0359049365
287900.0000000000 0.0133028751 0.0358866416
288000.0000000000 0.0132981927 0.0358851627
288100.0000000000 0.0132990590 0.0358535647
288200.0000000000 0.0132982187 0.0358424038
288300.0000000000 0.0132940522 0.0358288102
288400.0000000000 0.0132923053 0.0358144455
288500.0000000000 0.0132885675 0.0357991531
288600.0000000000 0.0132858046 0.0357837044
288700.0000000000 0.0132812818 0.0357663818
288800.0000000000 0.0132790834 0.0357486755
288900.0000000000 0.0132759101 0.0357300714
289000.0000000000 0.0132715436 0.0357084498
289100.0000000000 0.0132614560 0.0356870368
289200.0000000000 0.0133106567 0.0357104950
289300.0000000000 0.0132579343 0.0356562212
289400.0000000000 0.0132567304 0.0356481075
289500.0000000000 0.0132536419 0.0356381536
289600.0000000000 0.0132506455 0.0356294774
289700.0000000000 0.0132486577 0.0356165580
289800.0000000000 0.0132457209 0.0356029086
289900.0000000000 0.0132421969 0.0355887376
290000.0000000000 0.0132396049 0.0355758034
290100.0000000000 0.0132369073 0.0355620272
290200.0000000000 0.0132327168 0.0355469175
290300.0000000000 0.0132296603 0.0355317555
290400.0000000000 0.0132255450 0.0355166383
290500.0000000000 0.0132206324 0.0354976282
290600.0000000000 0.0132168547 0.0354784727
290700.0000000000 0.0132137996 0.0354585387
290800.0000000000 0.0133954783 0.0450205468
290900.0000000000 0.0131880060 0.0354327299
291000.0000000000 0.0132015754 0.0354125686
291100.0000000000 0.0132008537 0.0354030542
291200.0000000000 0.0132006858 0.0353915878
291300.0000000000 0.0131975278 0.0353820287
291400.0000000000 0.0131955602 0.0353699923
291500.0000000000 0.0131937687 0.0353583805
291600.0000000000 0.0131910750 0.0353450105
291700.0000000000 0.0131890991 0.0353301913
291800.0000000000 0.0131860446 0.0353159606
291900.0000000000 0.0131819111 0.0353012793
292000.0000000000 0.0131786106 0.0352837779
292100.0000000000 0.0131743989 0.0352663398
292200.0000000000 0.0131696827 0.0352474824
292300.0000000000 0.0131397623 0.0357130170
292400.0000000000 0.0131629961 0.0352184586
292500.0000000000 0.0131618772 0.0352100879
292600.0000000000 0.0131593769 0.0352039933
292700.0000000000 0.0131576302 0.0351940431
292800.0000000000 0.0131561381 0.0351838432
292900.0000000000 0.0131532999 0.0351735391
293000.0000000000 0.0131501238 0.0351607539
293100.0000000000 0.0131471320 0.0351490118
293200.0000000000 0.0131438461 0.0351342447
293300.0000000000 0.0131406202 0.0351204723
293400.0000000000 0.0131387871 0.0351048112
293500.0000000000 0.0131357250 0.0350876898
293600.0000000000 0.0131314912 0.0350697674
293700.0000000000 0.0131293408 0.0350520574
293800.0000000000 0.0131221861 0.0350328051
293900.0000000000 0.0131216182 0.0350126512
294000.0000000000 0.0131008934 0.0350449756
294100.0000000000 0.0131151058 0.0349841043
294200.0000000000 0.0131121846 0.0349757038
294300.0000000000 0.0131120597 0.0349666812
294400.0000000000 0.0131103464 0.0349572115
294500.0000000000 0.0131082280 0.0349467285
294600.0000000000 0.0131038186 0.0349355228
294700.0000000000 0.0131021488 0.0349236429
294800.0000000000 0.0130995602 0.0349090248
294900.0000000000 0.0130975097 0.0348964520
295000.0000000000 0.0130937457 0.0348801240
295100.0000000000 0.0130911062 0.0348661095
295200.0000000000 0.0130875500 0.0348503813
295300.0000000000 0.0130845391 0.0348353200
295400.0000000000 0.0130785779 0.0348175019
295500.0000000000 0.0130769277 0.0347995050
295600.0000000000 0.0130726298 0.0347823575
295700.0000000000 0.0130710860 0.0347608849
295800.0000000000 0.0131832221 0.0397994667
295900.0000000000 0.0130636504 0.0347389355
296000.0000000000 0.0130607372 0.0347304195
296100.0000000000 0.0130593130 0.0347222053
296200.0000000000 0.0130570685 0.0347147211
296300.0000000000 0.0130556875 0.0347058028
296400.0000000000 0.0130540319 0.0346977338
296500.0000000000 0.0130526908 0.0346841477
296600.0000000000 0.0130529650 0.0346758701
296700.0000000000 0.0130505944 0.0346644111
296800.0000000000 0.0130476674 0.0346516781
296900.0000000000 0.0130455229 0.0346382558
297000.0000000000 0.0130433994 0.0346243195
297100.0000000000 0.0130396267 0.0346095078
297200.0000000000 0.0130349233 0.0345947482
297300.0000000000 0.0130322881 0.0345782973
297400.0000000000 0.0130284818 0.0345630385
297500.0000000000 0.0130045634 0.0465856716
297600.0000000000 0.0130200499 0.0345313922
297700.0000000000 0.0130189622 0.0345229842
297800.0000000000 0.0130193639 0.0345179141
297900.0000000000 0.0130162049 0.0345079601
298000.0000000000 0.0130131017 0.0344996862
298100.0000000000 0.0130118867 0.0344900116
298200.0000000000 0.0130091578 0.0344799832
298300.0000000000 0.0130080397 0.0344690830
298400.0000000000 0.0130046474 0.0344574153
298500.0000000000 0.0130032575 0.0344460085
298600.0000000000 0.0129996121 0.0344319567
298700.0000000000 0.0129952458 0.0344184265
298800.0000000000 0.0129934652 0.0344038308
298900.0000000000 0.0129891622 0.0343869999
299000.0000000000 0.0129857804 0.0343694091
299100.0000000000 0.0129833877 0.0343529657
299200.0000000000 0.0128934930 0.0352615379
299300.0000000000 0.0129741032 0.0343262106
299400.0000000000 0.0129717593 0.0343175754
299500.0000000000 0.0129702033 0.0343084931
299600.0000000000 0.0129690726 0.0342962891
299700.0000000000 0.0129659641 0.0342847705
299800.0000000000 0.0129638182 0.0342706069
299900.0000000000 0.0129608674 0.0342573971
