Epoch,Layer,Mean,Std,L2
2,layers.layer_0.weight,0.0008085811277851462,0.0008133671944960952,2.0449182987213135
2,layers.layer_1.weight,0.0008085811277851462,0.0008133671944960952,11.327651977539062
2,layers.layer_2.weight,0.0008085811277851462,0.0008133671944960952,11.319685935974121
2,layers.layer_3.weight,0.0008085811277851462,0.0008133671944960952,11.197486877441406
2,layers.layer_4.weight,0.0008085811277851462,0.0008133671944960952,11.326454162597656
2,layers.layer_5.weight,0.0008085811277851462,0.0008133671944960952,11.225807189941406
2,layers.layer_6.weight,0.0008085811277851462,0.0008133671944960952,1.2998623847961426
4,layers.layer_0.weight,0.00161588448099792,0.0016254475340247154,2.0492160320281982
4,layers.layer_1.weight,0.00161588448099792,0.0016254475340247154,11.327044486999512
4,layers.layer_2.weight,0.00161588448099792,0.0016254475340247154,11.317790985107422
4,layers.layer_3.weight,0.00161588448099792,0.0016254475340247154,11.194884300231934
4,layers.layer_4.weight,0.00161588448099792,0.0016254475340247154,11.324840545654297
4,layers.layer_5.weight,0.00161588448099792,0.0016254475340247154,11.224096298217773
4,layers.layer_6.weight,0.00161588448099792,0.0016254475340247154,1.295714259147644
6,layers.layer_0.weight,0.0024210766423493624,0.002435403410345316,2.0550403594970703
6,layers.layer_1.weight,0.0024210766423493624,0.002435403410345316,11.326022148132324
6,layers.layer_2.weight,0.0024210766423493624,0.002435403410345316,11.315231323242188
6,layers.layer_3.weight,0.0024210766423493624,0.002435403410345316,11.192255020141602
6,layers.layer_4.weight,0.0024210766423493624,0.002435403410345316,11.322885513305664
6,layers.layer_5.weight,0.0024210766423493624,0.002435403410345316,11.220518112182617
6,layers.layer_6.weight,0.0024210766423493624,0.002435403410345316,1.2912276983261108
8,layers.layer_0.weight,0.0032251370139420033,0.0032442212104797363,2.0599870681762695
8,layers.layer_1.weight,0.0032251370139420033,0.0032442212104797363,11.32589340209961
8,layers.layer_2.weight,0.0032251370139420033,0.0032442212104797363,11.313775062561035
8,layers.layer_3.weight,0.0032251370139420033,0.0032442212104797363,11.191006660461426
8,layers.layer_4.weight,0.0032251370139420033,0.0032442212104797363,11.322129249572754
8,layers.layer_5.weight,0.0032251370139420033,0.0032442212104797363,11.217911720275879
8,layers.layer_6.weight,0.0032251370139420033,0.0032442212104797363,1.2875443696975708
10,layers.layer_0.weight,0.004027943592518568,0.004051779862493277,2.0644397735595703
10,layers.layer_1.weight,0.004027943592518568,0.004051779862493277,11.326245307922363
10,layers.layer_2.weight,0.004027943592518568,0.004051779862493277,11.31248950958252
10,layers.layer_3.weight,0.004027943592518568,0.004051779862493277,11.189532279968262
10,layers.layer_4.weight,0.004027943592518568,0.004051779862493277,11.321322441101074
10,layers.layer_5.weight,0.004027943592518568,0.004051779862493277,11.216561317443848
10,layers.layer_6.weight,0.004027943592518568,0.004051779862493277,1.284443974494934
12,layers.layer_0.weight,0.004829132463783026,0.004857711493968964,2.0690789222717285
12,layers.layer_1.weight,0.004829132463783026,0.004857711493968964,11.326587677001953
12,layers.layer_2.weight,0.004829132463783026,0.004857711493968964,11.311137199401855
12,layers.layer_3.weight,0.004829132463783026,0.004857711493968964,11.187779426574707
12,layers.layer_4.weight,0.004829132463783026,0.004857711493968964,11.32041072845459
12,layers.layer_5.weight,0.004829132463783026,0.004857711493968964,11.216019630432129
12,layers.layer_6.weight,0.004829132463783026,0.004857711493968964,1.281562089920044
14,layers.layer_0.weight,0.005628480110317469,0.005661789793521166,2.07299542427063
14,layers.layer_1.weight,0.005628480110317469,0.005661789793521166,11.327128410339355
14,layers.layer_2.weight,0.005628480110317469,0.005661789793521166,11.310293197631836
14,layers.layer_3.weight,0.005628480110317469,0.005661789793521166,11.186497688293457
14,layers.layer_4.weight,0.005628480110317469,0.005661789793521166,11.320040702819824
14,layers.layer_5.weight,0.005628480110317469,0.005661789793521166,11.2161283493042
14,layers.layer_6.weight,0.005628480110317469,0.005661789793521166,1.2791285514831543
16,layers.layer_0.weight,0.006425968371331692,0.006463995669037104,2.0759503841400146
16,layers.layer_1.weight,0.006425968371331692,0.006463995669037104,11.327398300170898
16,layers.layer_2.weight,0.006425968371331692,0.006463995669037104,11.309120178222656
16,layers.layer_3.weight,0.006425968371331692,0.006463995669037104,11.184983253479004
16,layers.layer_4.weight,0.006425968371331692,0.006463995669037104,11.319353103637695
16,layers.layer_5.weight,0.006425968371331692,0.006463995669037104,11.215834617614746
16,layers.layer_6.weight,0.006425968371331692,0.006463995669037104,1.2770267724990845
18,layers.layer_0.weight,0.007221840787678957,0.007264578714966774,2.078415632247925
18,layers.layer_1.weight,0.007221840787678957,0.007264578714966774,11.327214241027832
18,layers.layer_2.weight,0.007221840787678957,0.007264578714966774,11.30741024017334
18,layers.layer_3.weight,0.007221840787678957,0.007264578714966774,11.183097839355469
18,layers.layer_4.weight,0.007221840787678957,0.007264578714966774,11.318078994750977
18,layers.layer_5.weight,0.007221840787678957,0.007264578714966774,11.214727401733398
18,layers.layer_6.weight,0.007221840787678957,0.007264578714966774,1.2751034498214722
20,layers.layer_0.weight,0.008016292005777359,0.008063731715083122,2.080456495285034
20,layers.layer_1.weight,0.008016292005777359,0.008063731715083122,11.326958656311035
20,layers.layer_2.weight,0.008016292005777359,0.008063731715083122,11.305769920349121
20,layers.layer_3.weight,0.008016292005777359,0.008063731715083122,11.18144416809082
20,layers.layer_4.weight,0.008016292005777359,0.008063731715083122,11.316835403442383
20,layers.layer_5.weight,0.008016292005777359,0.008063731715083122,11.213485717773438
20,layers.layer_6.weight,0.008016292005777359,0.008063731715083122,1.2734553813934326
22,layers.layer_0.weight,0.008809338323771954,0.00886147003620863,2.0821239948272705
22,layers.layer_1.weight,0.008809338323771954,0.00886147003620863,11.326844215393066
22,layers.layer_2.weight,0.008809338323771954,0.00886147003620863,11.30448055267334
22,layers.layer_3.weight,0.008809338323771954,0.00886147003620863,11.180203437805176
22,layers.layer_4.weight,0.008809338323771954,0.00886147003620863,11.31589126586914
22,layers.layer_5.weight,0.008809338323771954,0.00886147003620863,11.212571144104004
22,layers.layer_6.weight,0.008809338323771954,0.00886147003620863,1.2720813751220703
24,layers.layer_0.weight,0.009600874967873096,0.009657692164182663,2.0836355686187744
24,layers.layer_1.weight,0.009600874967873096,0.009657692164182663,11.326864242553711
24,layers.layer_2.weight,0.009600874967873096,0.009657692164182663,11.303421020507812
24,layers.layer_3.weight,0.009600874967873096,0.009657692164182663,11.17917537689209
24,layers.layer_4.weight,0.009600874967873096,0.009657692164182663,11.315118789672852
24,layers.layer_5.weight,0.009600874967873096,0.009657692164182663,11.211992263793945
24,layers.layer_6.weight,0.009600874967873096,0.009657692164182663,1.270855188369751
26,layers.layer_0.weight,0.010390808805823326,0.010452300310134888,2.085114002227783
26,layers.layer_1.weight,0.010390808805823326,0.010452300310134888,11.326993942260742
26,layers.layer_2.weight,0.010390808805823326,0.010452300310134888,11.302556037902832
26,layers.layer_3.weight,0.010390808805823326,0.010452300310134888,11.17829704284668
26,layers.layer_4.weight,0.010390808805823326,0.010452300310134888,11.314474105834961
26,layers.layer_5.weight,0.010390808805823326,0.010452300310134888,11.211677551269531
26,layers.layer_6.weight,0.010390808805823326,0.010452300310134888,1.2697358131408691
28,layers.layer_0.weight,0.011179081164300442,0.011245238594710827,2.0864901542663574
28,layers.layer_1.weight,0.011179081164300442,0.011245238594710827,11.327216148376465
28,layers.layer_2.weight,0.011179081164300442,0.011245238594710827,11.301918983459473
28,layers.layer_3.weight,0.011179081164300442,0.011245238594710827,11.177635192871094
28,layers.layer_4.weight,0.011179081164300442,0.011245238594710827,11.314007759094238
28,layers.layer_5.weight,0.011179081164300442,0.011245238594710827,11.211569786071777
28,layers.layer_6.weight,0.011179081164300442,0.011245238594710827,1.2687703371047974
30,layers.layer_0.weight,0.011965678073465824,0.012036489322781563,2.087620258331299
30,layers.layer_1.weight,0.011965678073465824,0.012036489322781563,11.327435493469238
30,layers.layer_2.weight,0.011965678073465824,0.012036489322781563,11.301424980163574
30,layers.layer_3.weight,0.011965678073465824,0.012036489322781563,11.177139282226562
30,layers.layer_4.weight,0.011965678073465824,0.012036489322781563,11.313675880432129
30,layers.layer_5.weight,0.011965678073465824,0.012036489322781563,11.211538314819336
30,layers.layer_6.weight,0.011965678073465824,0.012036489322781563,1.2679705619812012
32,layers.layer_0.weight,0.012750624679028988,0.012826082296669483,2.088405132293701
32,layers.layer_1.weight,0.012750624679028988,0.012826082296669483,11.327529907226562
32,layers.layer_2.weight,0.012750624679028988,0.012826082296669483,11.30091381072998
32,layers.layer_3.weight,0.012750624679028988,0.012826082296669483,11.176656723022461
32,layers.layer_4.weight,0.012750624679028988,0.012826082296669483,11.313345909118652
32,layers.layer_5.weight,0.012750624679028988,0.012826082296669483,11.21142578125
32,layers.layer_6.weight,0.012750624679028988,0.012826082296669483,1.2672885656356812
34,layers.layer_0.weight,0.013533985242247581,0.013614079914987087,2.0888328552246094
34,layers.layer_1.weight,0.013533985242247581,0.013614079914987087,11.327455520629883
34,layers.layer_2.weight,0.013533985242247581,0.013614079914987087,11.300305366516113
34,layers.layer_3.weight,0.013533985242247581,0.013614079914987087,11.176107406616211
34,layers.layer_4.weight,0.013533985242247581,0.013614079914987087,11.312950134277344
34,layers.layer_5.weight,0.013533985242247581,0.013614079914987087,11.211169242858887
34,layers.layer_6.weight,0.013533985242247581,0.013614079914987087,1.2666826248168945
36,layers.layer_0.weight,0.014315802603960037,0.014400525018572807,2.08896803855896
36,layers.layer_1.weight,0.014315802603960037,0.014400525018572807,11.327271461486816
36,layers.layer_2.weight,0.014315802603960037,0.014400525018572807,11.299654006958008
36,layers.layer_3.weight,0.014315802603960037,0.014400525018572807,11.175540924072266
36,layers.layer_4.weight,0.014315802603960037,0.014400525018572807,11.312532424926758
36,layers.layer_5.weight,0.014315802603960037,0.014400525018572807,11.21083927154541
36,layers.layer_6.weight,0.014315802603960037,0.014400525018572807,1.2661497592926025
38,layers.layer_0.weight,0.015096106566488743,0.015185444615781307,2.0889358520507812
38,layers.layer_1.weight,0.015096106566488743,0.015185444615781307,11.327073097229004
38,layers.layer_2.weight,0.015096106566488743,0.015185444615781307,11.299060821533203
38,layers.layer_3.weight,0.015096106566488743,0.015185444615781307,11.175037384033203
38,layers.layer_4.weight,0.015096106566488743,0.015185444615781307,11.312170028686523
38,layers.layer_5.weight,0.015096106566488743,0.015185444615781307,11.210542678833008
38,layers.layer_6.weight,0.015096106566488743,0.015185444615781307,1.265698790550232
40,layers.layer_0.weight,0.015874890610575676,0.015968838706612587,2.0888826847076416
40,layers.layer_1.weight,0.015874890610575676,0.015968838706612587,11.326926231384277
40,layers.layer_2.weight,0.015874890610575676,0.015968838706612587,11.29858112335205
40,layers.layer_3.weight,0.015874890610575676,0.015968838706612587,11.17463493347168
40,layers.layer_4.weight,0.015874890610575676,0.015968838706612587,11.31189250946045
40,layers.layer_5.weight,0.015874890610575676,0.015968838706612587,11.210334777832031
40,layers.layer_6.weight,0.015874890610575676,0.015968838706612587,1.265320062637329
42,layers.layer_0.weight,0.01665216125547886,0.01675071008503437,2.088909864425659
42,layers.layer_1.weight,0.01665216125547886,0.01675071008503437,11.32685375213623
42,layers.layer_2.weight,0.01665216125547886,0.01675071008503437,11.2982177734375
42,layers.layer_3.weight,0.01665216125547886,0.01675071008503437,11.174323081970215
42,layers.layer_4.weight,0.01665216125547886,0.01675071008503437,11.311685562133789
42,layers.layer_5.weight,0.01665216125547886,0.01675071008503437,11.210219383239746
42,layers.layer_6.weight,0.01665216125547886,0.01675071008503437,1.2649916410446167
44,layers.layer_0.weight,0.01742788963019848,0.017531028017401695,2.0890369415283203
44,layers.layer_1.weight,0.01742788963019848,0.017531028017401695,11.32684326171875
44,layers.layer_2.weight,0.01742788963019848,0.017531028017401695,11.297945022583008
44,layers.layer_3.weight,0.01742788963019848,0.017531028017401695,11.17408561706543
44,layers.layer_4.weight,0.01742788963019848,0.017531028017401695,11.311517715454102
44,layers.layer_5.weight,0.01742788963019848,0.017531028017401695,11.210163116455078
44,layers.layer_6.weight,0.01742788963019848,0.017531028017401695,1.2646993398666382
46,layers.layer_0.weight,0.01820203848183155,0.018309755250811577,2.089224100112915
46,layers.layer_1.weight,0.01820203848183155,0.018309755250811577,11.326870918273926
46,layers.layer_2.weight,0.01820203848183155,0.018309755250811577,11.297737121582031
46,layers.layer_3.weight,0.01820203848183155,0.018309755250811577,11.173911094665527
46,layers.layer_4.weight,0.01820203848183155,0.018309755250811577,11.311370849609375
46,layers.layer_5.weight,0.01820203848183155,0.018309755250811577,11.21013355255127
46,layers.layer_6.weight,0.01820203848183155,0.018309755250811577,1.2644418478012085
48,layers.layer_0.weight,0.018974626436829567,0.019086919724941254,2.0894198417663574
48,layers.layer_1.weight,0.018974626436829567,0.019086919724941254,11.32690715789795
48,layers.layer_2.weight,0.018974626436829567,0.019086919724941254,11.297574043273926
48,layers.layer_3.weight,0.018974626436829567,0.019086919724941254,11.173787117004395
48,layers.layer_4.weight,0.018974626436829567,0.019086919724941254,11.311232566833496
48,layers.layer_5.weight,0.018974626436829567,0.019086919724941254,11.210098266601562
48,layers.layer_6.weight,0.018974626436829567,0.019086919724941254,1.2642223834991455
50,layers.layer_0.weight,0.019745653495192528,0.01986250840127468,2.0895843505859375
50,layers.layer_1.weight,0.019745653495192528,0.01986250840127468,11.326927185058594
50,layers.layer_2.weight,0.019745653495192528,0.01986250840127468,11.297432899475098
50,layers.layer_3.weight,0.019745653495192528,0.01986250840127468,11.17369556427002
50,layers.layer_4.weight,0.019745653495192528,0.01986250840127468,11.3110933303833
50,layers.layer_5.weight,0.019745653495192528,0.01986250840127468,11.210036277770996
50,layers.layer_6.weight,0.019745653495192528,0.01986250840127468,1.2640398740768433
52,layers.layer_0.weight,0.020515110343694687,0.02063651941716671,2.0896799564361572
52,layers.layer_1.weight,0.020515110343694687,0.02063651941716671,11.326912879943848
52,layers.layer_2.weight,0.020515110343694687,0.02063651941716671,11.297297477722168
52,layers.layer_3.weight,0.020515110343694687,0.02063651941716671,11.173613548278809
52,layers.layer_4.weight,0.020515110343694687,0.02063651941716671,11.310953140258789
52,layers.layer_5.weight,0.020515110343694687,0.02063651941716671,11.209945678710938
52,layers.layer_6.weight,0.020515110343694687,0.02063651941716671,1.2638888359069824
54,layers.layer_0.weight,0.021283019334077835,0.02140897512435913,2.089665412902832
54,layers.layer_1.weight,0.021283019334077835,0.02140897512435913,11.326860427856445
54,layers.layer_2.weight,0.021283019334077835,0.02140897512435913,11.29715347290039
54,layers.layer_3.weight,0.021283019334077835,0.02140897512435913,11.173523902893066
54,layers.layer_4.weight,0.021283019334077835,0.02140897512435913,11.310822486877441
54,layers.layer_5.weight,0.021283019334077835,0.02140897512435913,11.209845542907715
54,layers.layer_6.weight,0.021283019334077835,0.02140897512435913,1.2637633085250854
56,layers.layer_0.weight,0.02204941213130951,0.022179899737238884,2.0895192623138428
56,layers.layer_1.weight,0.02204941213130951,0.022179899737238884,11.326773643493652
56,layers.layer_2.weight,0.02204941213130951,0.022179899737238884,11.29699993133545
56,layers.layer_3.weight,0.02204941213130951,0.022179899737238884,11.173419952392578
56,layers.layer_4.weight,0.02204941213130951,0.022179899737238884,11.31071662902832
56,layers.layer_5.weight,0.02204941213130951,0.022179899737238884,11.209759712219238
56,layers.layer_6.weight,0.02204941213130951,0.022179899737238884,1.2636587619781494
58,layers.layer_0.weight,0.022814279422163963,0.022949298843741417,2.089266538619995
58,layers.layer_1.weight,0.022814279422163963,0.022949298843741417,11.326668739318848
58,layers.layer_2.weight,0.022814279422163963,0.022949298843741417,11.296844482421875
58,layers.layer_3.weight,0.022814279422163963,0.022949298843741417,11.173306465148926
58,layers.layer_4.weight,0.022814279422163963,0.022949298843741417,11.31064510345459
58,layers.layer_5.weight,0.022814279422163963,0.022949298843741417,11.209712982177734
58,layers.layer_6.weight,0.022814279422163963,0.022949298843741417,1.2635712623596191
60,layers.layer_0.weight,0.02357763797044754,0.02371717058122158,2.088972330093384
60,layers.layer_1.weight,0.02357763797044754,0.02371717058122158,11.326569557189941
60,layers.layer_2.weight,0.02357763797044754,0.02371717058122158,11.296703338623047
60,layers.layer_3.weight,0.02357763797044754,0.02371717058122158,11.173198699951172
60,layers.layer_4.weight,0.02357763797044754,0.02371717058122158,11.3106107711792
60,layers.layer_5.weight,0.02357763797044754,0.02371717058122158,11.209705352783203
60,layers.layer_6.weight,0.02357763797044754,0.02371717058122158,1.2634974718093872
62,layers.layer_0.weight,0.024339472874999046,0.024483516812324524,2.088701009750366
62,layers.layer_1.weight,0.024339472874999046,0.024483516812324524,11.32649040222168
62,layers.layer_2.weight,0.024339472874999046,0.024483516812324524,11.296586990356445
62,layers.layer_3.weight,0.024339472874999046,0.024483516812324524,11.173111915588379
62,layers.layer_4.weight,0.024339472874999046,0.024483516812324524,11.310599327087402
62,layers.layer_5.weight,0.024339472874999046,0.024483516812324524,11.209724426269531
62,layers.layer_6.weight,0.024339472874999046,0.024483516812324524,1.2634341716766357
64,layers.layer_0.weight,0.025099802762269974,0.025248344987630844,2.0884859561920166
64,layers.layer_1.weight,0.025099802762269974,0.025248344987630844,11.326434135437012
64,layers.layer_2.weight,0.025099802762269974,0.025248344987630844,11.296496391296387
64,layers.layer_3.weight,0.025099802762269974,0.025248344987630844,11.173054695129395
64,layers.layer_4.weight,0.025099802762269974,0.025248344987630844,11.310588836669922
64,layers.layer_5.weight,0.025099802762269974,0.025248344987630844,11.209745407104492
64,layers.layer_6.weight,0.025099802762269974,0.025248344987630844,1.2633779048919678
66,layers.layer_0.weight,0.02585860900580883,0.026011643931269646,2.0883309841156006
66,layers.layer_1.weight,0.02585860900580883,0.026011643931269646,11.326395034790039
66,layers.layer_2.weight,0.02585860900580883,0.026011643931269646,11.296425819396973
66,layers.layer_3.weight,0.02585860900580883,0.026011643931269646,11.173022270202637
66,layers.layer_4.weight,0.02585860900580883,0.026011643931269646,11.310564994812012
66,layers.layer_5.weight,0.02585860900580883,0.026011643931269646,11.209746360778809
66,layers.layer_6.weight,0.02585860900580883,0.026011643931269646,1.2633260488510132
68,layers.layer_0.weight,0.026615893468260765,0.02677340991795063,2.088226318359375
68,layers.layer_1.weight,0.026615893468260765,0.02677340991795063,11.32636547088623
68,layers.layer_2.weight,0.026615893468260765,0.02677340991795063,11.296371459960938
68,layers.layer_3.weight,0.026615893468260765,0.02677340991795063,11.173012733459473
68,layers.layer_4.weight,0.026615893468260765,0.02677340991795063,11.31052303314209
68,layers.layer_5.weight,0.026615893468260765,0.02677340991795063,11.209724426269531
68,layers.layer_6.weight,0.026615893468260765,0.02677340991795063,1.2632782459259033
70,layers.layer_0.weight,0.02737165428698063,0.02753364108502865,2.0881564617156982
70,layers.layer_1.weight,0.02737165428698063,0.02753364108502865,11.326347351074219
70,layers.layer_2.weight,0.02737165428698063,0.02753364108502865,11.296332359313965
70,layers.layer_3.weight,0.02737165428698063,0.02753364108502865,11.173018455505371
70,layers.layer_4.weight,0.02737165428698063,0.02753364108502865,11.310476303100586
70,layers.layer_5.weight,0.02737165428698063,0.02753364108502865,11.209687232971191
70,layers.layer_6.weight,0.02737165428698063,0.02753364108502865,1.2632360458374023
72,layers.layer_0.weight,0.028125906363129616,0.028292354196310043,2.0880956649780273
72,layers.layer_1.weight,0.028125906363129616,0.028292354196310043,11.326333045959473
72,layers.layer_2.weight,0.028125906363129616,0.028292354196310043,11.296305656433105
72,layers.layer_3.weight,0.028125906363129616,0.028292354196310043,11.173033714294434
72,layers.layer_4.weight,0.028125906363129616,0.028292354196310043,11.310443878173828
72,layers.layer_5.weight,0.028125906363129616,0.028292354196310043,11.209654808044434
72,layers.layer_6.weight,0.028125906363129616,0.028292354196310043,1.2632005214691162
74,layers.layer_0.weight,0.028878647834062576,0.029049554839730263,2.0880143642425537
74,layers.layer_1.weight,0.028878647834062576,0.029049554839730263,11.326321601867676
74,layers.layer_2.weight,0.028878647834062576,0.029049554839730263,11.296283721923828
74,layers.layer_3.weight,0.028878647834062576,0.029049554839730263,11.173048973083496
74,layers.layer_4.weight,0.028878647834062576,0.029049554839730263,11.31043529510498
74,layers.layer_5.weight,0.028878647834062576,0.029049554839730263,11.209640502929688
74,layers.layer_6.weight,0.028878647834062576,0.029049554839730263,1.2631715536117554
76,layers.layer_0.weight,0.029629891738295555,0.029805243015289307,2.0878958702087402
76,layers.layer_1.weight,0.029629891738295555,0.029805243015289307,11.32630729675293
76,layers.layer_2.weight,0.029629891738295555,0.029805243015289307,11.296265602111816
76,layers.layer_3.weight,0.029629891738295555,0.029805243015289307,11.17305850982666
76,layers.layer_4.weight,0.029629891738295555,0.029805243015289307,11.310453414916992
76,layers.layer_5.weight,0.029629891738295555,0.029805243015289307,11.209646224975586
76,layers.layer_6.weight,0.029629891738295555,0.029805243015289307,1.2631479501724243
78,layers.layer_0.weight,0.030379634350538254,0.030559422448277473,2.0877482891082764
78,layers.layer_1.weight,0.030379634350538254,0.030559422448277473,11.326292037963867
78,layers.layer_2.weight,0.030379634350538254,0.030559422448277473,11.296249389648438
78,layers.layer_3.weight,0.030379634350538254,0.030559422448277473,11.173064231872559
78,layers.layer_4.weight,0.030379634350538254,0.030559422448277473,11.310492515563965
78,layers.layer_5.weight,0.030379634350538254,0.030559422448277473,11.20966625213623
78,layers.layer_6.weight,0.030379634350538254,0.030559422448277473,1.2631280422210693
80,layers.layer_0.weight,0.03112788498401642,0.03131210058927536,2.087597608566284
80,layers.layer_1.weight,0.03112788498401642,0.03131210058927536,11.32628059387207
80,layers.layer_2.weight,0.03112788498401642,0.03131210058927536,11.296241760253906
80,layers.layer_3.weight,0.03112788498401642,0.03131210058927536,11.173073768615723
80,layers.layer_4.weight,0.03112788498401642,0.03131210058927536,11.31054401397705
80,layers.layer_5.weight,0.03112788498401642,0.03131210058927536,11.209686279296875
80,layers.layer_6.weight,0.03112788498401642,0.03131210058927536,1.2631107568740845
82,layers.layer_0.weight,0.0318746417760849,0.03206327557563782,2.0874714851379395
82,layers.layer_1.weight,0.0318746417760849,0.03206327557563782,11.326277732849121
82,layers.layer_2.weight,0.0318746417760849,0.03206327557563782,11.296245574951172
82,layers.layer_3.weight,0.0318746417760849,0.03206327557563782,11.173090934753418
82,layers.layer_4.weight,0.0318746417760849,0.03206327557563782,11.310596466064453
82,layers.layer_5.weight,0.0318746417760849,0.03206327557563782,11.209697723388672
82,layers.layer_6.weight,0.0318746417760849,0.03206327557563782,1.2630945444107056
84,layers.layer_0.weight,0.0326199047267437,0.032812949270009995,2.0873897075653076
84,layers.layer_1.weight,0.0326199047267437,0.032812949270009995,11.326290130615234
84,layers.layer_2.weight,0.0326199047267437,0.032812949270009995,11.296265602111816
84,layers.layer_3.weight,0.0326199047267437,0.032812949270009995,11.173123359680176
84,layers.layer_4.weight,0.0326199047267437,0.032812949270009995,11.310649871826172
84,layers.layer_5.weight,0.0326199047267437,0.032812949270009995,11.209699630737305
84,layers.layer_6.weight,0.0326199047267437,0.032812949270009995,1.2630786895751953
86,layers.layer_0.weight,0.03336367756128311,0.03356112539768219,2.087362766265869
86,layers.layer_1.weight,0.03336367756128311,0.03356112539768219,11.326321601867676
86,layers.layer_2.weight,0.03336367756128311,0.03356112539768219,11.296302795410156
86,layers.layer_3.weight,0.03336367756128311,0.03356112539768219,11.173171997070312
86,layers.layer_4.weight,0.03336367756128311,0.03356112539768219,11.310704231262207
86,layers.layer_5.weight,0.03336367756128311,0.03356112539768219,11.209697723388672
86,layers.layer_6.weight,0.03336367756128311,0.03356112539768219,1.2630635499954224
88,layers.layer_0.weight,0.034105971455574036,0.034307811409235,2.087392807006836
88,layers.layer_1.weight,0.034105971455574036,0.034307811409235,11.326376914978027
88,layers.layer_2.weight,0.034105971455574036,0.034307811409235,11.296359062194824
88,layers.layer_3.weight,0.034105971455574036,0.034307811409235,11.173239707946777
88,layers.layer_4.weight,0.034105971455574036,0.034307811409235,11.310771942138672
88,layers.layer_5.weight,0.034105971455574036,0.034307811409235,11.209702491760254
88,layers.layer_6.weight,0.034105971455574036,0.034307811409235,1.2630494832992554
90,layers.layer_0.weight,0.03484678268432617,0.035053007304668427,2.0874741077423096
90,layers.layer_1.weight,0.03484678268432617,0.035053007304668427,11.32645320892334
90,layers.layer_2.weight,0.03484678268432617,0.035053007304668427,11.29643726348877
90,layers.layer_3.weight,0.03484678268432617,0.035053007304668427,11.173322677612305
90,layers.layer_4.weight,0.03484678268432617,0.035053007304668427,11.310858726501465
90,layers.layer_5.weight,0.03484678268432617,0.035053007304668427,11.209721565246582
90,layers.layer_6.weight,0.03484678268432617,0.035053007304668427,1.2630372047424316
92,layers.layer_0.weight,0.03558611497282982,0.03579671308398247,2.0875983238220215
92,layers.layer_1.weight,0.03558611497282982,0.03579671308398247,11.32655143737793
92,layers.layer_2.weight,0.03558611497282982,0.03579671308398247,11.29653263092041
92,layers.layer_3.weight,0.03558611497282982,0.03579671308398247,11.173420906066895
92,layers.layer_4.weight,0.03558611497282982,0.03579671308398247,11.310964584350586
92,layers.layer_5.weight,0.03558611497282982,0.03579671308398247,11.209750175476074
92,layers.layer_6.weight,0.03558611497282982,0.03579671308398247,1.2630268335342407
94,layers.layer_0.weight,0.03632396087050438,0.036538928747177124,2.087759494781494
94,layers.layer_1.weight,0.03632396087050438,0.036538928747177124,11.326668739318848
94,layers.layer_2.weight,0.03632396087050438,0.036538928747177124,11.296648025512695
94,layers.layer_3.weight,0.03632396087050438,0.036538928747177124,11.173531532287598
94,layers.layer_4.weight,0.03632396087050438,0.036538928747177124,11.311090469360352
94,layers.layer_5.weight,0.03632396087050438,0.036538928747177124,11.209783554077148
94,layers.layer_6.weight,0.03632396087050438,0.036538928747177124,1.263018012046814
96,layers.layer_0.weight,0.03706033155322075,0.037279658019542694,2.087955951690674
96,layers.layer_1.weight,0.03706033155322075,0.037279658019542694,11.326803207397461
96,layers.layer_2.weight,0.03706033155322075,0.037279658019542694,11.296783447265625
96,layers.layer_3.weight,0.03706033155322075,0.037279658019542694,11.173652648925781
96,layers.layer_4.weight,0.03706033155322075,0.037279658019542694,11.311229705810547
96,layers.layer_5.weight,0.03706033155322075,0.037279658019542694,11.209813117980957
96,layers.layer_6.weight,0.03706033155322075,0.037279658019542694,1.2630099058151245
98,layers.layer_0.weight,0.03779522329568863,0.03801890090107918,2.088193416595459
98,layers.layer_1.weight,0.03779522329568863,0.03801890090107918,11.326957702636719
98,layers.layer_2.weight,0.03779522329568863,0.03801890090107918,11.296939849853516
98,layers.layer_3.weight,0.03779522329568863,0.03801890090107918,11.173786163330078
98,layers.layer_4.weight,0.03779522329568863,0.03801890090107918,11.311384201049805
98,layers.layer_5.weight,0.03779522329568863,0.03801890090107918,11.209835052490234
98,layers.layer_6.weight,0.03779522329568863,0.03801890090107918,1.2630025148391724
100,layers.layer_0.weight,0.03852863609790802,0.03875664994120598,2.0884835720062256
100,layers.layer_1.weight,0.03852863609790802,0.03875664994120598,11.32713794708252
100,layers.layer_2.weight,0.03852863609790802,0.03875664994120598,11.297121047973633
100,layers.layer_3.weight,0.03852863609790802,0.03875664994120598,11.173935890197754
100,layers.layer_4.weight,0.03852863609790802,0.03875664994120598,11.31155776977539
100,layers.layer_5.weight,0.03852863609790802,0.03875664994120598,11.209856033325195
100,layers.layer_6.weight,0.03852863609790802,0.03875664994120598,1.262995719909668
102,layers.layer_0.weight,0.03926058113574982,0.039492931216955185,2.0888442993164062
102,layers.layer_1.weight,0.03926058113574982,0.039492931216955185,11.327348709106445
102,layers.layer_2.weight,0.03926058113574982,0.039492931216955185,11.297332763671875
102,layers.layer_3.weight,0.03926058113574982,0.039492931216955185,11.174107551574707
102,layers.layer_4.weight,0.03926058113574982,0.039492931216955185,11.311758041381836
102,layers.layer_5.weight,0.03926058113574982,0.039492931216955185,11.209882736206055
102,layers.layer_6.weight,0.03926058113574982,0.039492931216955185,1.2629905939102173
104,layers.layer_0.weight,0.03999106585979462,0.0402277410030365,2.0892953872680664
104,layers.layer_1.weight,0.03999106585979462,0.0402277410030365,11.32760238647461
104,layers.layer_2.weight,0.03999106585979462,0.0402277410030365,11.297581672668457
104,layers.layer_3.weight,0.03999106585979462,0.0402277410030365,11.174306869506836
104,layers.layer_4.weight,0.03999106585979462,0.0402277410030365,11.311988830566406
104,layers.layer_5.weight,0.03999106585979462,0.0402277410030365,11.209919929504395
104,layers.layer_6.weight,0.03999106585979462,0.0402277410030365,1.2629876136779785
106,layers.layer_0.weight,0.04072009399533272,0.04096108302474022,2.089857816696167
106,layers.layer_1.weight,0.04072009399533272,0.04096108302474022,11.327902793884277
106,layers.layer_2.weight,0.04072009399533272,0.04096108302474022,11.297871589660645
106,layers.layer_3.weight,0.04072009399533272,0.04096108302474022,11.174540519714355
106,layers.layer_4.weight,0.04072009399533272,0.04096108302474022,11.312253952026367
106,layers.layer_5.weight,0.04072009399533272,0.04096108302474022,11.209967613220215
106,layers.layer_6.weight,0.04072009399533272,0.04096108302474022,1.2629867792129517
108,layers.layer_0.weight,0.04144768416881561,0.041692979633808136,2.090548515319824
108,layers.layer_1.weight,0.04144768416881561,0.041692979633808136,11.32825756072998
108,layers.layer_2.weight,0.04144768416881561,0.041692979633808136,11.298210144042969
108,layers.layer_3.weight,0.04144768416881561,0.041692979633808136,11.174811363220215
108,layers.layer_4.weight,0.04144768416881561,0.041692979633808136,11.312552452087402
108,layers.layer_5.weight,0.04144768416881561,0.041692979633808136,11.21002197265625
108,layers.layer_6.weight,0.04144768416881561,0.041692979633808136,1.2629880905151367
110,layers.layer_0.weight,0.04217381775379181,0.04242341220378876,2.0913803577423096
110,layers.layer_1.weight,0.04217381775379181,0.04242341220378876,11.3286714553833
110,layers.layer_2.weight,0.04217381775379181,0.04242341220378876,11.298602104187012
110,layers.layer_3.weight,0.04217381775379181,0.04242341220378876,11.17512321472168
110,layers.layer_4.weight,0.04217381775379181,0.04242341220378876,11.312884330749512
110,layers.layer_5.weight,0.04217381775379181,0.04242341220378876,11.210079193115234
110,layers.layer_6.weight,0.04217381775379181,0.04242341220378876,1.262991189956665
112,layers.layer_0.weight,0.0428985171020031,0.04315239191055298,2.092362880706787
112,layers.layer_1.weight,0.0428985171020031,0.04315239191055298,11.32914924621582
112,layers.layer_2.weight,0.0428985171020031,0.04315239191055298,11.299052238464355
112,layers.layer_3.weight,0.0428985171020031,0.04315239191055298,11.175479888916016
112,layers.layer_4.weight,0.0428985171020031,0.04315239191055298,11.31325912475586
112,layers.layer_5.weight,0.0428985171020031,0.04315239191055298,11.210138320922852
112,layers.layer_6.weight,0.0428985171020031,0.04315239191055298,1.2629969120025635
114,layers.layer_0.weight,0.04362175613641739,0.0438799187541008,2.0935065746307373
114,layers.layer_1.weight,0.04362175613641739,0.0438799187541008,11.32970142364502
114,layers.layer_2.weight,0.04362175613641739,0.0438799187541008,11.299570083618164
114,layers.layer_3.weight,0.04362175613641739,0.0438799187541008,11.175889015197754
114,layers.layer_4.weight,0.04362175613641739,0.0438799187541008,11.313687324523926
114,layers.layer_5.weight,0.04362175613641739,0.0438799187541008,11.210204124450684
114,layers.layer_6.weight,0.04362175613641739,0.0438799187541008,1.2630062103271484
116,layers.layer_0.weight,0.04434353858232498,0.04460597410798073,2.094827890396118
116,layers.layer_1.weight,0.04434353858232498,0.04460597410798073,11.330336570739746
116,layers.layer_2.weight,0.04434353858232498,0.04460597410798073,11.300164222717285
116,layers.layer_3.weight,0.04434353858232498,0.04460597410798073,11.17635726928711
116,layers.layer_4.weight,0.04434353858232498,0.04460597410798073,11.314180374145508
116,layers.layer_5.weight,0.04434353858232498,0.04460597410798073,11.210280418395996
116,layers.layer_6.weight,0.04434353858232498,0.04460597410798073,1.2630200386047363
118,layers.layer_0.weight,0.04506390541791916,0.045330602675676346,2.096355438232422
118,layers.layer_1.weight,0.04506390541791916,0.045330602675676346,11.331068992614746
118,layers.layer_2.weight,0.04506390541791916,0.045330602675676346,11.300847053527832
118,layers.layer_3.weight,0.04506390541791916,0.045330602675676346,11.176896095275879
118,layers.layer_4.weight,0.04506390541791916,0.045330602675676346,11.314751625061035
118,layers.layer_5.weight,0.04506390541791916,0.045330602675676346,11.210369110107422
118,layers.layer_6.weight,0.04506390541791916,0.045330602675676346,1.263039231300354
120,layers.layer_0.weight,0.045782819390296936,0.046053774654865265,2.098130941390991
120,layers.layer_1.weight,0.045782819390296936,0.046053774654865265,11.331915855407715
120,layers.layer_2.weight,0.045782819390296936,0.046053774654865265,11.3016357421875
120,layers.layer_3.weight,0.045782819390296936,0.046053774654865265,11.177518844604492
120,layers.layer_4.weight,0.045782819390296936,0.046053774654865265,11.315411567687988
120,layers.layer_5.weight,0.045782819390296936,0.046053774654865265,11.210470199584961
120,layers.layer_6.weight,0.045782819390296936,0.046053774654865265,1.2630646228790283
122,layers.layer_0.weight,0.046500250697135925,0.0467754527926445,2.1002063751220703
122,layers.layer_1.weight,0.046500250697135925,0.0467754527926445,11.332901954650879
122,layers.layer_2.weight,0.046500250697135925,0.0467754527926445,11.302549362182617
122,layers.layer_3.weight,0.046500250697135925,0.0467754527926445,11.178243637084961
122,layers.layer_4.weight,0.046500250697135925,0.0467754527926445,11.316169738769531
122,layers.layer_5.weight,0.046500250697135925,0.0467754527926445,11.210579872131348
122,layers.layer_6.weight,0.046500250697135925,0.0467754527926445,1.2630969285964966
124,layers.layer_0.weight,0.04721624776721001,0.047495681792497635,2.102640390396118
124,layers.layer_1.weight,0.04721624776721001,0.047495681792497635,11.334050178527832
124,layers.layer_2.weight,0.04721624776721001,0.047495681792497635,11.303613662719727
124,layers.layer_3.weight,0.04721624776721001,0.047495681792497635,11.179094314575195
124,layers.layer_4.weight,0.04721624776721001,0.047495681792497635,11.31705379486084
124,layers.layer_5.weight,0.04721624776721001,0.047495681792497635,11.210707664489746
124,layers.layer_6.weight,0.04721624776721001,0.047495681792497635,1.263137936592102
126,layers.layer_0.weight,0.04793078824877739,0.04821446165442467,2.1054937839508057
126,layers.layer_1.weight,0.04793078824877739,0.04821446165442467,11.335393905639648
126,layers.layer_2.weight,0.04793078824877739,0.04821446165442467,11.30485725402832
126,layers.layer_3.weight,0.04793078824877739,0.04821446165442467,11.180097579956055
126,layers.layer_4.weight,0.04793078824877739,0.04821446165442467,11.318095207214355
126,layers.layer_5.weight,0.04793078824877739,0.04821446165442467,11.210857391357422
126,layers.layer_6.weight,0.04793078824877739,0.04821446165442467,1.2631906270980835
128,layers.layer_0.weight,0.048643890768289566,0.0489317812025547,2.108832597732544
128,layers.layer_1.weight,0.048643890768289566,0.0489317812025547,11.336968421936035
128,layers.layer_2.weight,0.048643890768289566,0.0489317812025547,11.306317329406738
128,layers.layer_3.weight,0.048643890768289566,0.0489317812025547,11.18128490447998
128,layers.layer_4.weight,0.048643890768289566,0.0489317812025547,11.319334983825684
128,layers.layer_5.weight,0.048643890768289566,0.0489317812025547,11.211036682128906
128,layers.layer_6.weight,0.048643890768289566,0.0489317812025547,1.2632580995559692
130,layers.layer_0.weight,0.04935552552342415,0.049647632986307144,2.1127374172210693
130,layers.layer_1.weight,0.04935552552342415,0.049647632986307144,11.33881664276123
130,layers.layer_2.weight,0.04935552552342415,0.049647632986307144,11.308038711547852
130,layers.layer_3.weight,0.04935552552342415,0.049647632986307144,11.182700157165527
130,layers.layer_4.weight,0.04935552552342415,0.049647632986307144,11.320816993713379
130,layers.layer_5.weight,0.04935552552342415,0.049647632986307144,11.211248397827148
130,layers.layer_6.weight,0.04935552552342415,0.049647632986307144,1.2633432149887085
132,layers.layer_0.weight,0.05006570369005203,0.050362005829811096,2.117316961288452
132,layers.layer_1.weight,0.05006570369005203,0.050362005829811096,11.340991020202637
132,layers.layer_2.weight,0.05006570369005203,0.050362005829811096,11.310079574584961
132,layers.layer_3.weight,0.05006570369005203,0.050362005829811096,11.184395790100098
132,layers.layer_4.weight,0.05006570369005203,0.050362005829811096,11.322599411010742
132,layers.layer_5.weight,0.05006570369005203,0.050362005829811096,11.211496353149414
132,layers.layer_6.weight,0.05006570369005203,0.050362005829811096,1.263450026512146
134,layers.layer_0.weight,0.05077445134520531,0.051074959337711334,2.122720718383789
134,layers.layer_1.weight,0.05077445134520531,0.051074959337711334,11.343570709228516
134,layers.layer_2.weight,0.05077445134520531,0.051074959337711334,11.312520027160645
134,layers.layer_3.weight,0.05077445134520531,0.051074959337711334,11.186443328857422
134,layers.layer_4.weight,0.05077445134520531,0.051074959337711334,11.3247652053833
134,layers.layer_5.weight,0.05077445134520531,0.051074959337711334,11.21178913116455
134,layers.layer_6.weight,0.05077445134520531,0.051074959337711334,1.2635843753814697
136,layers.layer_0.weight,0.051481787115335464,0.051786478608846664,2.129135847091675
136,layers.layer_1.weight,0.051481787115335464,0.051786478608846664,11.346641540527344
136,layers.layer_2.weight,0.051481787115335464,0.051786478608846664,11.315449714660645
136,layers.layer_3.weight,0.051481787115335464,0.051786478608846664,11.18892765045166
136,layers.layer_4.weight,0.051481787115335464,0.051786478608846664,11.327407836914062
136,layers.layer_5.weight,0.051481787115335464,0.051786478608846664,11.21214485168457
136,layers.layer_6.weight,0.051481787115335464,0.051786478608846664,1.2637543678283691
138,layers.layer_0.weight,0.052187614142894745,0.05249647796154022,2.136730432510376
138,layers.layer_1.weight,0.052187614142894745,0.05249647796154022,11.350292205810547
138,layers.layer_2.weight,0.052187614142894745,0.05249647796154022,11.318957328796387
138,layers.layer_3.weight,0.052187614142894745,0.05249647796154022,11.191927909851074
138,layers.layer_4.weight,0.052187614142894745,0.05249647796154022,11.330610275268555
138,layers.layer_5.weight,0.052187614142894745,0.05249647796154022,11.21257495880127
138,layers.layer_6.weight,0.052187614142894745,0.05249647796154022,1.263968825340271
140,layers.layer_0.weight,0.05289187282323837,0.053204912692308426,2.145498037338257
140,layers.layer_1.weight,0.05289187282323837,0.053204912692308426,11.354544639587402
140,layers.layer_2.weight,0.05289187282323837,0.053204912692308426,11.32305908203125
140,layers.layer_3.weight,0.05289187282323837,0.053204912692308426,11.19548225402832
140,layers.layer_4.weight,0.05289187282323837,0.053204912692308426,11.334389686584473
140,layers.layer_5.weight,0.05289187282323837,0.053204912692308426,11.213086128234863
140,layers.layer_6.weight,0.05289187282323837,0.053204912692308426,1.2642362117767334
142,layers.layer_0.weight,0.053594447672367096,0.053911641240119934,2.1550705432891846
142,layers.layer_1.weight,0.053594447672367096,0.053911641240119934,11.359272003173828
142,layers.layer_2.weight,0.053594447672367096,0.053911641240119934,11.32763671875
142,layers.layer_3.weight,0.053594447672367096,0.053911641240119934,11.199522018432617
142,layers.layer_4.weight,0.053594447672367096,0.053911641240119934,11.338616371154785
142,layers.layer_5.weight,0.053594447672367096,0.053911641240119934,11.213669776916504
142,layers.layer_6.weight,0.053594447672367096,0.053911641240119934,1.2645632028579712
144,layers.layer_0.weight,0.05429528281092644,0.05461662635207176,2.164783000946045
144,layers.layer_1.weight,0.05429528281092644,0.05461662635207176,11.364221572875977
144,layers.layer_2.weight,0.05429528281092644,0.05461662635207176,11.33243179321289
144,layers.layer_3.weight,0.05429528281092644,0.05461662635207176,11.20388126373291
144,layers.layer_4.weight,0.05429528281092644,0.05461662635207176,11.343005180358887
144,layers.layer_5.weight,0.05429528281092644,0.05461662635207176,11.214326858520508
144,layers.layer_6.weight,0.05429528281092644,0.05461662635207176,1.2649526596069336
146,layers.layer_0.weight,0.05499441921710968,0.055319905281066895,2.1744651794433594
146,layers.layer_1.weight,0.05499441921710968,0.055319905281066895,11.369322776794434
146,layers.layer_2.weight,0.05499441921710968,0.055319905281066895,11.337343215942383
146,layers.layer_3.weight,0.05499441921710968,0.055319905281066895,11.208523750305176
146,layers.layer_4.weight,0.05499441921710968,0.055319905281066895,11.34737491607666
146,layers.layer_5.weight,0.05499441921710968,0.055319905281066895,11.215086936950684
146,layers.layer_6.weight,0.05499441921710968,0.055319905281066895,1.2654093503952026
148,layers.layer_0.weight,0.05569178983569145,0.05602141469717026,2.1855828762054443
148,layers.layer_1.weight,0.05569178983569145,0.05602141469717026,11.375171661376953
148,layers.layer_2.weight,0.05569178983569145,0.05602141469717026,11.342903137207031
148,layers.layer_3.weight,0.05569178983569145,0.05602141469717026,11.21389102935791
148,layers.layer_4.weight,0.05569178983569145,0.05602141469717026,11.352226257324219
148,layers.layer_5.weight,0.05569178983569145,0.05602141469717026,11.216046333312988
148,layers.layer_6.weight,0.05569178983569145,0.05602141469717026,1.2659592628479004
150,layers.layer_0.weight,0.056387368589639664,0.05672111362218857,2.1991231441497803
150,layers.layer_1.weight,0.056387368589639664,0.05672111362218857,11.382494926452637
150,layers.layer_2.weight,0.056387368589639664,0.05672111362218857,11.350156784057617
150,layers.layer_3.weight,0.056387368589639664,0.05672111362218857,11.220819473266602
150,layers.layer_4.weight,0.056387368589639664,0.05672111362218857,11.358783721923828
150,layers.layer_5.weight,0.056387368589639664,0.05672111362218857,11.217329025268555
150,layers.layer_6.weight,0.056387368589639664,0.05672111362218857,1.2666525840759277
152,layers.layer_0.weight,0.05708129703998566,0.057419151067733765,2.2164535522460938
152,layers.layer_1.weight,0.05708129703998566,0.057419151067733765,11.392014503479004
152,layers.layer_2.weight,0.05708129703998566,0.057419151067733765,11.36010456085205
152,layers.layer_3.weight,0.05708129703998566,0.057419151067733765,11.229899406433105
152,layers.layer_4.weight,0.05708129703998566,0.057419151067733765,11.367997169494629
152,layers.layer_5.weight,0.05708129703998566,0.057419151067733765,11.219047546386719
152,layers.layer_6.weight,0.05708129703998566,0.057419151067733765,1.2675334215164185
154,layers.layer_0.weight,0.057772718369960785,0.0581146739423275,2.2367162704467773
154,layers.layer_1.weight,0.057772718369960785,0.0581146739423275,11.403841972351074
154,layers.layer_2.weight,0.057772718369960785,0.0581146739423275,11.373174667358398
154,layers.layer_3.weight,0.057772718369960785,0.0581146739423275,11.242045402526855
154,layers.layer_4.weight,0.057772718369960785,0.0581146739423275,11.380168914794922
154,layers.layer_5.weight,0.057772718369960785,0.0581146739423275,11.221421241760254
154,layers.layer_6.weight,0.057772718369960785,0.0581146739423275,1.2686439752578735
156,layers.layer_0.weight,0.05846187472343445,0.05880793184041977,2.2517566680908203
156,layers.layer_1.weight,0.05846187472343445,0.05880793184041977,11.415196418762207
156,layers.layer_2.weight,0.05846187472343445,0.05880793184041977,11.38894271850586
156,layers.layer_3.weight,0.05846187472343445,0.05880793184041977,11.257568359375
156,layers.layer_4.weight,0.05846187472343445,0.05880793184041977,11.395519256591797
156,layers.layer_5.weight,0.05846187472343445,0.05880793184041977,11.2244873046875
156,layers.layer_6.weight,0.05846187472343445,0.05880793184041977,1.2700037956237793
158,layers.layer_0.weight,0.05914728716015816,0.059497397392988205,2.2691755294799805
158,layers.layer_1.weight,0.05914728716015816,0.059497397392988205,11.424132347106934
158,layers.layer_2.weight,0.05914728716015816,0.059497397392988205,11.399545669555664
158,layers.layer_3.weight,0.05914728716015816,0.059497397392988205,11.26870059967041
158,layers.layer_4.weight,0.05914728716015816,0.059497397392988205,11.406492233276367
158,layers.layer_5.weight,0.05914728716015816,0.059497397392988205,11.227157592773438
158,layers.layer_6.weight,0.05914728716015816,0.059497397392988205,1.2711790800094604
160,layers.layer_0.weight,0.059828244149684906,0.06018238887190819,2.2721898555755615
160,layers.layer_1.weight,0.059828244149684906,0.06018238887190819,11.428590774536133
160,layers.layer_2.weight,0.059828244149684906,0.06018238887190819,11.399398803710938
160,layers.layer_3.weight,0.059828244149684906,0.06018238887190819,11.26884937286377
160,layers.layer_4.weight,0.059828244149684906,0.06018238887190819,11.40573787689209
160,layers.layer_5.weight,0.059828244149684906,0.06018238887190819,11.22702407836914
160,layers.layer_6.weight,0.059828244149684906,0.06018238887190819,1.2708606719970703
162,layers.layer_0.weight,0.06051434949040413,0.06087256222963333,2.2646846771240234
162,layers.layer_1.weight,0.06051434949040413,0.06087256222963333,11.429817199707031
162,layers.layer_2.weight,0.06051434949040413,0.06087256222963333,11.395903587341309
162,layers.layer_3.weight,0.06051434949040413,0.06087256222963333,11.266382217407227
162,layers.layer_4.weight,0.06051434949040413,0.06087256222963333,11.4011869430542
162,layers.layer_5.weight,0.06051434949040413,0.06087256222963333,11.225625038146973
162,layers.layer_6.weight,0.06051434949040413,0.06087256222963333,1.2695478200912476
164,layers.layer_0.weight,0.061202071607112885,0.0615643635392189,2.2605504989624023
164,layers.layer_1.weight,0.061202071607112885,0.0615643635392189,11.432129859924316
164,layers.layer_2.weight,0.061202071607112885,0.0615643635392189,11.394956588745117
164,layers.layer_3.weight,0.061202071607112885,0.0615643635392189,11.26574420928955
164,layers.layer_4.weight,0.061202071607112885,0.0615643635392189,11.398967742919922
164,layers.layer_5.weight,0.061202071607112885,0.0615643635392189,11.225940704345703
164,layers.layer_6.weight,0.061202071607112885,0.0615643635392189,1.2686982154846191
166,layers.layer_0.weight,0.0618886798620224,0.06225502863526344,2.2577755451202393
166,layers.layer_1.weight,0.0618886798620224,0.06225502863526344,11.434565544128418
166,layers.layer_2.weight,0.0618886798620224,0.06225502863526344,11.394512176513672
166,layers.layer_3.weight,0.0618886798620224,0.06225502863526344,11.2649507522583
166,layers.layer_4.weight,0.0618886798620224,0.06225502863526344,11.396797180175781
166,layers.layer_5.weight,0.0618886798620224,0.06225502863526344,11.224627494812012
166,layers.layer_6.weight,0.0618886798620224,0.06225502863526344,1.267322301864624
168,layers.layer_0.weight,0.06257408857345581,0.06294448673725128,2.2555835247039795
168,layers.layer_1.weight,0.06257408857345581,0.06294448673725128,11.437002182006836
168,layers.layer_2.weight,0.06257408857345581,0.06294448673725128,11.394542694091797
168,layers.layer_3.weight,0.06257408857345581,0.06294448673725128,11.264698028564453
168,layers.layer_4.weight,0.06257408857345581,0.06294448673725128,11.39600658416748
168,layers.layer_5.weight,0.06257408857345581,0.06294448673725128,11.224268913269043
168,layers.layer_6.weight,0.06257408857345581,0.06294448673725128,1.2660126686096191
170,layers.layer_0.weight,0.06325792521238327,0.06363237649202347,2.25402569770813
170,layers.layer_1.weight,0.06325792521238327,0.06363237649202347,11.439382553100586
170,layers.layer_2.weight,0.06325792521238327,0.06363237649202347,11.395020484924316
170,layers.layer_3.weight,0.06325792521238327,0.06363237649202347,11.264994621276855
170,layers.layer_4.weight,0.06325792521238327,0.06363237649202347,11.396408081054688
170,layers.layer_5.weight,0.06325792521238327,0.06363237649202347,11.225043296813965
170,layers.layer_6.weight,0.06325792521238327,0.06363237649202347,1.2649770975112915
172,layers.layer_0.weight,0.06394016742706299,0.06431864202022552,2.2532801628112793
172,layers.layer_1.weight,0.06394016742706299,0.06431864202022552,11.44150161743164
172,layers.layer_2.weight,0.06394016742706299,0.06431864202022552,11.395578384399414
172,layers.layer_3.weight,0.06394016742706299,0.06431864202022552,11.26504135131836
172,layers.layer_4.weight,0.06394016742706299,0.06431864202022552,11.396302223205566
172,layers.layer_5.weight,0.06394016742706299,0.06431864202022552,11.224591255187988
172,layers.layer_6.weight,0.06394016742706299,0.06431864202022552,1.263922929763794
174,layers.layer_0.weight,0.06462094187736511,0.06500344723463058,2.253389835357666
174,layers.layer_1.weight,0.06462094187736511,0.06500344723463058,11.443546295166016
174,layers.layer_2.weight,0.06462094187736511,0.06500344723463058,11.39635944366455
174,layers.layer_3.weight,0.06462094187736511,0.06500344723463058,11.265264511108398
174,layers.layer_4.weight,0.06462094187736511,0.06500344723463058,11.396620750427246
174,layers.layer_5.weight,0.06462094187736511,0.06500344723463058,11.225128173828125
174,layers.layer_6.weight,0.06462094187736511,0.06500344723463058,1.2632205486297607
176,layers.layer_0.weight,0.06529983878135681,0.06568635255098343,2.2540905475616455
176,layers.layer_1.weight,0.06529983878135681,0.06568635255098343,11.445525169372559
176,layers.layer_2.weight,0.06529983878135681,0.06568635255098343,11.397379875183105
176,layers.layer_3.weight,0.06529983878135681,0.06568635255098343,11.265677452087402
176,layers.layer_4.weight,0.06529983878135681,0.06568635255098343,11.39703369140625
176,layers.layer_5.weight,0.06529983878135681,0.06568635255098343,11.225553512573242
176,layers.layer_6.weight,0.06529983878135681,0.06568635255098343,1.262696623802185
178,layers.layer_0.weight,0.06597711145877838,0.06636764109134674,2.255164384841919
178,layers.layer_1.weight,0.06597711145877838,0.06636764109134674,11.447526931762695
178,layers.layer_2.weight,0.06597711145877838,0.06636764109134674,11.398727416992188
178,layers.layer_3.weight,0.06597711145877838,0.06636764109134674,11.266501426696777
178,layers.layer_4.weight,0.06597711145877838,0.06636764109134674,11.397738456726074
178,layers.layer_5.weight,0.06597711145877838,0.06636764109134674,11.225821495056152
178,layers.layer_6.weight,0.06597711145877838,0.06636764109134674,1.2622817754745483
180,layers.layer_0.weight,0.06665274500846863,0.06704727560281754,2.2569191455841064
180,layers.layer_1.weight,0.06665274500846863,0.06704727560281754,11.449746131896973
180,layers.layer_2.weight,0.06665274500846863,0.06704727560281754,11.400507926940918
180,layers.layer_3.weight,0.06665274500846863,0.06704727560281754,11.267868041992188
180,layers.layer_4.weight,0.06665274500846863,0.06704727560281754,11.399069786071777
180,layers.layer_5.weight,0.06665274500846863,0.06704727560281754,11.226971626281738
180,layers.layer_6.weight,0.06665274500846863,0.06704727560281754,1.2620548009872437
182,layers.layer_0.weight,0.06732646375894547,0.06772498041391373,2.259222984313965
182,layers.layer_1.weight,0.06732646375894547,0.06772498041391373,11.452288627624512
182,layers.layer_2.weight,0.06732646375894547,0.06772498041391373,11.402999877929688
182,layers.layer_3.weight,0.06732646375894547,0.06772498041391373,11.270039558410645
182,layers.layer_4.weight,0.06732646375894547,0.06772498041391373,11.40086555480957
182,layers.layer_5.weight,0.06732646375894547,0.06772498041391373,11.22803783416748
182,layers.layer_6.weight,0.06732646375894547,0.06772498041391373,1.2619211673736572
184,layers.layer_0.weight,0.06799819320440292,0.06840068101882935,2.2634084224700928
184,layers.layer_1.weight,0.06799819320440292,0.06840068101882935,11.455689430236816
184,layers.layer_2.weight,0.06799819320440292,0.06840068101882935,11.40684700012207
184,layers.layer_3.weight,0.06799819320440292,0.06840068101882935,11.273317337036133
184,layers.layer_4.weight,0.06799819320440292,0.06840068101882935,11.403374671936035
184,layers.layer_5.weight,0.06799819320440292,0.06840068101882935,11.229472160339355
184,layers.layer_6.weight,0.06799819320440292,0.06840068101882935,1.2620837688446045
186,layers.layer_0.weight,0.06866655498743057,0.06907300651073456,2.268374443054199
186,layers.layer_1.weight,0.06866655498743057,0.06907300651073456,11.460504531860352
186,layers.layer_2.weight,0.06866655498743057,0.06907300651073456,11.412344932556152
186,layers.layer_3.weight,0.06866655498743057,0.06907300651073456,11.278449058532715
186,layers.layer_4.weight,0.06866655498743057,0.06907300651073456,11.407373428344727
186,layers.layer_5.weight,0.06866655498743057,0.06907300651073456,11.23172378540039
186,layers.layer_6.weight,0.06866655498743057,0.06907300651073456,1.2626900672912598
188,layers.layer_0.weight,0.0693311095237732,0.06974148750305176,2.276341676712036
188,layers.layer_1.weight,0.0693311095237732,0.06974148750305176,11.467604637145996
188,layers.layer_2.weight,0.0693311095237732,0.06974148750305176,11.420435905456543
188,layers.layer_3.weight,0.0693311095237732,0.06974148750305176,11.286020278930664
188,layers.layer_4.weight,0.0693311095237732,0.06974148750305176,11.413274765014648
188,layers.layer_5.weight,0.0693311095237732,0.06974148750305176,11.234580993652344
188,layers.layer_6.weight,0.0693311095237732,0.06974148750305176,1.263899803161621
190,layers.layer_0.weight,0.06998977065086365,0.0704040452837944,2.280762195587158
190,layers.layer_1.weight,0.06998977065086365,0.0704040452837944,11.474706649780273
190,layers.layer_2.weight,0.06998977065086365,0.0704040452837944,11.427406311035156
190,layers.layer_3.weight,0.06998977065086365,0.0704040452837944,11.29345989227295
190,layers.layer_4.weight,0.06998977065086365,0.0704040452837944,11.419356346130371
190,layers.layer_5.weight,0.06998977065086365,0.0704040452837944,11.23759651184082
190,layers.layer_6.weight,0.06998977065086365,0.0704040452837944,1.2655727863311768
192,layers.layer_0.weight,0.07064057886600494,0.07105870544910431,2.284074544906616
192,layers.layer_1.weight,0.07064057886600494,0.07105870544910431,11.482041358947754
192,layers.layer_2.weight,0.07064057886600494,0.07105870544910431,11.434163093566895
192,layers.layer_3.weight,0.07064057886600494,0.07105870544910431,11.300975799560547
192,layers.layer_4.weight,0.07064057886600494,0.07105870544910431,11.42581844329834
192,layers.layer_5.weight,0.07064057886600494,0.07105870544910431,11.241250038146973
192,layers.layer_6.weight,0.07064057886600494,0.07105870544910431,1.2674723863601685
194,layers.layer_0.weight,0.07129082828760147,0.07171281427145004,2.2903072834014893
194,layers.layer_1.weight,0.07129082828760147,0.07171281427145004,11.489060401916504
194,layers.layer_2.weight,0.07129082828760147,0.07171281427145004,11.440654754638672
194,layers.layer_3.weight,0.07129082828760147,0.07171281427145004,11.30774211883545
194,layers.layer_4.weight,0.07129082828760147,0.07171281427145004,11.432147026062012
194,layers.layer_5.weight,0.07129082828760147,0.07171281427145004,11.246277809143066
194,layers.layer_6.weight,0.07129082828760147,0.07171281427145004,1.2699646949768066
196,layers.layer_0.weight,0.07193377614021301,0.07235955446958542,2.2900352478027344
196,layers.layer_1.weight,0.07193377614021301,0.07235955446958542,11.495171546936035
196,layers.layer_2.weight,0.07193377614021301,0.07235955446958542,11.445579528808594
196,layers.layer_3.weight,0.07193377614021301,0.07235955446958542,11.313976287841797
196,layers.layer_4.weight,0.07193377614021301,0.07235955446958542,11.437108993530273
196,layers.layer_5.weight,0.07193377614021301,0.07235955446958542,11.250792503356934
196,layers.layer_6.weight,0.07193377614021301,0.07235955446958542,1.2720052003860474
198,layers.layer_0.weight,0.07257132977247238,0.07300086319446564,2.2939743995666504
198,layers.layer_1.weight,0.07257132977247238,0.07300086319446564,11.500349998474121
198,layers.layer_2.weight,0.07257132977247238,0.07300086319446564,11.449238777160645
198,layers.layer_3.weight,0.07257132977247238,0.07300086319446564,11.317123413085938
198,layers.layer_4.weight,0.07257132977247238,0.07300086319446564,11.439498901367188
198,layers.layer_5.weight,0.07257132977247238,0.07300086319446564,11.253963470458984
198,layers.layer_6.weight,0.07257132977247238,0.07300086319446564,1.2734495401382446
200,layers.layer_0.weight,0.0732017233967781,0.07363498210906982,2.2979938983917236
200,layers.layer_1.weight,0.0732017233967781,0.07363498210906982,11.50555419921875
200,layers.layer_2.weight,0.0732017233967781,0.07363498210906982,11.454553604125977
200,layers.layer_3.weight,0.0732017233967781,0.07363498210906982,11.322710037231445
200,layers.layer_4.weight,0.0732017233967781,0.07363498210906982,11.443727493286133
200,layers.layer_5.weight,0.0732017233967781,0.07363498210906982,11.258002281188965
200,layers.layer_6.weight,0.0732017233967781,0.07363498210906982,1.275146484375
202,layers.layer_0.weight,0.07382581382989883,0.07426276803016663,2.302647113800049
202,layers.layer_1.weight,0.07382581382989883,0.07426276803016663,11.511277198791504
202,layers.layer_2.weight,0.07382581382989883,0.07426276803016663,11.462841033935547
202,layers.layer_3.weight,0.07382581382989883,0.07426276803016663,11.332121849060059
202,layers.layer_4.weight,0.07382581382989883,0.07426276803016663,11.450450897216797
202,layers.layer_5.weight,0.07382581382989883,0.07426276803016663,11.262472152709961
202,layers.layer_6.weight,0.07382581382989883,0.07426276803016663,1.2771813869476318
204,layers.layer_0.weight,0.07442892342805862,0.07486945390701294,2.311077833175659
204,layers.layer_1.weight,0.07442892342805862,0.07486945390701294,11.519726753234863
204,layers.layer_2.weight,0.07442892342805862,0.07486945390701294,11.472297668457031
204,layers.layer_3.weight,0.07442892342805862,0.07486945390701294,11.344090461730957
204,layers.layer_4.weight,0.07442892342805862,0.07486945390701294,11.459023475646973
204,layers.layer_5.weight,0.07442892342805862,0.07486945390701294,11.266024589538574
204,layers.layer_6.weight,0.07442892342805862,0.07486945390701294,1.2782647609710693
206,layers.layer_0.weight,0.07504649460315704,0.07549070566892624,2.311574697494507
206,layers.layer_1.weight,0.07504649460315704,0.07549070566892624,11.523632049560547
206,layers.layer_2.weight,0.07504649460315704,0.07549070566892624,11.469966888427734
206,layers.layer_3.weight,0.07504649460315704,0.07549070566892624,11.342740058898926
206,layers.layer_4.weight,0.07504649460315704,0.07549070566892624,11.458115577697754
206,layers.layer_5.weight,0.07504649460315704,0.07549070566892624,11.259943962097168
206,layers.layer_6.weight,0.07504649460315704,0.07549070566892624,1.2684522867202759
208,layers.layer_0.weight,0.07569463551044464,0.07614266127347946,2.311138153076172
208,layers.layer_1.weight,0.07569463551044464,0.07614266127347946,11.527366638183594
208,layers.layer_2.weight,0.07569463551044464,0.07614266127347946,11.469931602478027
208,layers.layer_3.weight,0.07569463551044464,0.07614266127347946,11.34395694732666
208,layers.layer_4.weight,0.07569463551044464,0.07614266127347946,11.461615562438965
208,layers.layer_5.weight,0.07569463551044464,0.07614266127347946,11.256976127624512
208,layers.layer_6.weight,0.07569463551044464,0.07614266127347946,1.2582072019577026
210,layers.layer_0.weight,0.07634948939085007,0.07680138200521469,2.3110575675964355
210,layers.layer_1.weight,0.07634948939085007,0.07680138200521469,11.531560897827148
210,layers.layer_2.weight,0.07634948939085007,0.07680138200521469,11.47221565246582
210,layers.layer_3.weight,0.07634948939085007,0.07680138200521469,11.348382949829102
210,layers.layer_4.weight,0.07634948939085007,0.07680138200521469,11.467591285705566
210,layers.layer_5.weight,0.07634948939085007,0.07680138200521469,11.257448196411133
210,layers.layer_6.weight,0.07634948939085007,0.07680138200521469,1.2502408027648926
212,layers.layer_0.weight,0.07700403034687042,0.07745978236198425,2.3109467029571533
212,layers.layer_1.weight,0.07700403034687042,0.07745978236198425,11.535550117492676
212,layers.layer_2.weight,0.07700403034687042,0.07745978236198425,11.475011825561523
212,layers.layer_3.weight,0.07700403034687042,0.07745978236198425,11.353931427001953
212,layers.layer_4.weight,0.07700403034687042,0.07745978236198425,11.474076271057129
212,layers.layer_5.weight,0.07700403034687042,0.07745978236198425,11.258012771606445
212,layers.layer_6.weight,0.07700403034687042,0.07745978236198425,1.243195652961731
214,layers.layer_0.weight,0.07765814661979675,0.07811778038740158,2.310926675796509
214,layers.layer_1.weight,0.07765814661979675,0.07811778038740158,11.539216995239258
214,layers.layer_2.weight,0.07765814661979675,0.07811778038740158,11.478071212768555
214,layers.layer_3.weight,0.07765814661979675,0.07811778038740158,11.359841346740723
214,layers.layer_4.weight,0.07765814661979675,0.07811778038740158,11.480663299560547
214,layers.layer_5.weight,0.07765814661979675,0.07811778038740158,11.25904369354248
214,layers.layer_6.weight,0.07765814661979675,0.07811778038740158,1.2371220588684082
216,layers.layer_0.weight,0.07831154018640518,0.07877504825592041,2.310971260070801
216,layers.layer_1.weight,0.07831154018640518,0.07877504825592041,11.542491912841797
216,layers.layer_2.weight,0.07831154018640518,0.07877504825592041,11.48108196258545
216,layers.layer_3.weight,0.07831154018640518,0.07877504825592041,11.365425109863281
216,layers.layer_4.weight,0.07831154018640518,0.07877504825592041,11.487293243408203
216,layers.layer_5.weight,0.07831154018640518,0.07877504825592041,11.26144790649414
216,layers.layer_6.weight,0.07831154018640518,0.07877504825592041,1.2326416969299316
218,layers.layer_0.weight,0.07896415889263153,0.07943152636289597,2.311056613922119
218,layers.layer_1.weight,0.07896415889263153,0.07943152636289597,11.5453462600708
218,layers.layer_2.weight,0.07896415889263153,0.07943152636289597,11.48382568359375
218,layers.layer_3.weight,0.07896415889263153,0.07943152636289597,11.370453834533691
218,layers.layer_4.weight,0.07896415889263153,0.07943152636289597,11.49350357055664
218,layers.layer_5.weight,0.07896415889263153,0.07943152636289597,11.264313697814941
218,layers.layer_6.weight,0.07896415889263153,0.07943152636289597,1.229077696800232
220,layers.layer_0.weight,0.07961538434028625,0.0800866037607193,2.3111793994903564
220,layers.layer_1.weight,0.07961538434028625,0.0800866037607193,11.54780101776123
220,layers.layer_2.weight,0.07961538434028625,0.0800866037607193,11.486233711242676
220,layers.layer_3.weight,0.07961538434028625,0.0800866037607193,11.374931335449219
220,layers.layer_4.weight,0.07961538434028625,0.0800866037607193,11.498993873596191
220,layers.layer_5.weight,0.07961538434028625,0.0800866037607193,11.266946792602539
220,layers.layer_6.weight,0.07961538434028625,0.0800866037607193,1.225804328918457
222,layers.layer_0.weight,0.08026526123285294,0.08074032515287399,2.311316967010498
222,layers.layer_1.weight,0.08026526123285294,0.08074032515287399,11.549894332885742
222,layers.layer_2.weight,0.08026526123285294,0.08074032515287399,11.488360404968262
222,layers.layer_3.weight,0.08026526123285294,0.08074032515287399,11.378864288330078
222,layers.layer_4.weight,0.08026526123285294,0.08074032515287399,11.503870010375977
222,layers.layer_5.weight,0.08026526123285294,0.08074032515287399,11.269651412963867
222,layers.layer_6.weight,0.08026526123285294,0.08074032515287399,1.2233636379241943
224,layers.layer_0.weight,0.08091367036104202,0.0813925638794899,2.3114659786224365
224,layers.layer_1.weight,0.08091367036104202,0.0813925638794899,11.551665306091309
224,layers.layer_2.weight,0.08091367036104202,0.0813925638794899,11.490234375
224,layers.layer_3.weight,0.08091367036104202,0.0813925638794899,11.38231086730957
224,layers.layer_4.weight,0.08091367036104202,0.0813925638794899,11.5081205368042
224,layers.layer_5.weight,0.08091367036104202,0.0813925638794899,11.272297859191895
224,layers.layer_6.weight,0.08091367036104202,0.0813925638794899,1.2217458486557007
226,layers.layer_0.weight,0.08156047016382217,0.08204320073127747,2.311631679534912
226,layers.layer_1.weight,0.08156047016382217,0.08204320073127747,11.553168296813965
226,layers.layer_2.weight,0.08156047016382217,0.08204320073127747,11.491866111755371
226,layers.layer_3.weight,0.08156047016382217,0.08204320073127747,11.385368347167969
226,layers.layer_4.weight,0.08156047016382217,0.08204320073127747,11.511734962463379
226,layers.layer_5.weight,0.08156047016382217,0.08204320073127747,11.274657249450684
226,layers.layer_6.weight,0.08156047016382217,0.08204320073127747,1.2202775478363037
228,layers.layer_0.weight,0.0822058692574501,0.08269241452217102,2.311817169189453
228,layers.layer_1.weight,0.0822058692574501,0.08269241452217102,11.554444313049316
228,layers.layer_2.weight,0.0822058692574501,0.08269241452217102,11.493300437927246
228,layers.layer_3.weight,0.0822058692574501,0.08269241452217102,11.388099670410156
228,layers.layer_4.weight,0.0822058692574501,0.08269241452217102,11.514851570129395
228,layers.layer_5.weight,0.0822058692574501,0.08269241452217102,11.276806831359863
228,layers.layer_6.weight,0.0822058692574501,0.08269241452217102,1.2190518379211426
230,layers.layer_0.weight,0.0828498899936676,0.08334025740623474,2.312028169631958
230,layers.layer_1.weight,0.0828498899936676,0.08334025740623474,11.555525779724121
230,layers.layer_2.weight,0.0828498899936676,0.08334025740623474,11.494586944580078
230,layers.layer_3.weight,0.0828498899936676,0.08334025740623474,11.390544891357422
230,layers.layer_4.weight,0.0828498899936676,0.08334025740623474,11.517585754394531
230,layers.layer_5.weight,0.0828498899936676,0.08334025740623474,11.27890682220459
230,layers.layer_6.weight,0.0828498899936676,0.08334025740623474,1.2184553146362305
232,layers.layer_0.weight,0.08349232375621796,0.08398647606372833,2.312262535095215
232,layers.layer_1.weight,0.08349232375621796,0.08398647606372833,11.5564546585083
232,layers.layer_2.weight,0.08349232375621796,0.08398647606372833,11.495759010314941
232,layers.layer_3.weight,0.08349232375621796,0.08398647606372833,11.392801284790039
232,layers.layer_4.weight,0.08349232375621796,0.08398647606372833,11.520088195800781
232,layers.layer_5.weight,0.08349232375621796,0.08398647606372833,11.2811279296875
232,layers.layer_6.weight,0.08349232375621796,0.08398647606372833,1.21816885471344
234,layers.layer_0.weight,0.08413329720497131,0.08463123440742493,2.312516450881958
234,layers.layer_1.weight,0.08413329720497131,0.08463123440742493,11.557257652282715
234,layers.layer_2.weight,0.08413329720497131,0.08463123440742493,11.49685001373291
234,layers.layer_3.weight,0.08413329720497131,0.08463123440742493,11.394942283630371
234,layers.layer_4.weight,0.08413329720497131,0.08463123440742493,11.522526741027832
234,layers.layer_5.weight,0.08413329720497131,0.08463123440742493,11.28353214263916
234,layers.layer_6.weight,0.08413329720497131,0.08463123440742493,1.2180086374282837
236,layers.layer_0.weight,0.08477281779050827,0.08527453243732452,2.312795400619507
236,layers.layer_1.weight,0.08477281779050827,0.08527453243732452,11.557962417602539
236,layers.layer_2.weight,0.08477281779050827,0.08527453243732452,11.497912406921387
236,layers.layer_3.weight,0.08477281779050827,0.08527453243732452,11.396988868713379
236,layers.layer_4.weight,0.08477281779050827,0.08527453243732452,11.524982452392578
236,layers.layer_5.weight,0.08477281779050827,0.08527453243732452,11.286168098449707
236,layers.layer_6.weight,0.08477281779050827,0.08527453243732452,1.2183330059051514
238,layers.layer_0.weight,0.08541072905063629,0.08591622114181519,2.313094139099121
238,layers.layer_1.weight,0.08541072905063629,0.08591622114181519,11.558592796325684
238,layers.layer_2.weight,0.08541072905063629,0.08591622114181519,11.498985290527344
238,layers.layer_3.weight,0.08541072905063629,0.08591622114181519,11.399015426635742
238,layers.layer_4.weight,0.08541072905063629,0.08591622114181519,11.527580261230469
238,layers.layer_5.weight,0.08541072905063629,0.08591622114181519,11.289170265197754
238,layers.layer_6.weight,0.08541072905063629,0.08591622114181519,1.219041109085083
240,layers.layer_0.weight,0.08604700863361359,0.08655627816915512,2.3134045600891113
240,layers.layer_1.weight,0.08604700863361359,0.08655627816915512,11.559171676635742
240,layers.layer_2.weight,0.08604700863361359,0.08655627816915512,11.500102996826172
240,layers.layer_3.weight,0.08604700863361359,0.08655627816915512,11.40112590789795
240,layers.layer_4.weight,0.08604700863361359,0.08655627816915512,11.530468940734863
240,layers.layer_5.weight,0.08604700863361359,0.08655627816915512,11.292630195617676
240,layers.layer_6.weight,0.08604700863361359,0.08655627816915512,1.2199095487594604
242,layers.layer_0.weight,0.08668170869350433,0.08719472587108612,2.3137423992156982
242,layers.layer_1.weight,0.08668170869350433,0.08719472587108612,11.55971622467041
242,layers.layer_2.weight,0.08668170869350433,0.08719472587108612,11.501313209533691
242,layers.layer_3.weight,0.08668170869350433,0.08719472587108612,11.403348922729492
242,layers.layer_4.weight,0.08668170869350433,0.08719472587108612,11.533638954162598
242,layers.layer_5.weight,0.08668170869350433,0.08719472587108612,11.296610832214355
242,layers.layer_6.weight,0.08668170869350433,0.08719472587108612,1.2212133407592773
244,layers.layer_0.weight,0.0873146504163742,0.08783142268657684,2.314115047454834
244,layers.layer_1.weight,0.0873146504163742,0.08783142268657684,11.560247421264648
244,layers.layer_2.weight,0.0873146504163742,0.08783142268657684,11.502659797668457
244,layers.layer_3.weight,0.0873146504163742,0.08783142268657684,11.405779838562012
244,layers.layer_4.weight,0.0873146504163742,0.08783142268657684,11.537109375
244,layers.layer_5.weight,0.0873146504163742,0.08783142268657684,11.301201820373535
244,layers.layer_6.weight,0.0873146504163742,0.08783142268657684,1.222947597503662
246,layers.layer_0.weight,0.08794573694467545,0.08846623450517654,2.3145220279693604
246,layers.layer_1.weight,0.08794573694467545,0.08846623450517654,11.56078052520752
246,layers.layer_2.weight,0.08794573694467545,0.08846623450517654,11.504189491271973
246,layers.layer_3.weight,0.08794573694467545,0.08846623450517654,11.40854263305664
246,layers.layer_4.weight,0.08794573694467545,0.08846623450517654,11.540970802307129
246,layers.layer_5.weight,0.08794573694467545,0.08846623450517654,11.306418418884277
246,layers.layer_6.weight,0.08794573694467545,0.08846623450517654,1.2249422073364258
248,layers.layer_0.weight,0.08857493102550507,0.08909913897514343,2.3149795532226562
248,layers.layer_1.weight,0.08857493102550507,0.08909913897514343,11.561327934265137
248,layers.layer_2.weight,0.08857493102550507,0.08909913897514343,11.505949020385742
248,layers.layer_3.weight,0.08857493102550507,0.08909913897514343,11.411691665649414
248,layers.layer_4.weight,0.08857493102550507,0.08909913897514343,11.54519271850586
248,layers.layer_5.weight,0.08857493102550507,0.08909913897514343,11.312332153320312
248,layers.layer_6.weight,0.08857493102550507,0.08909913897514343,1.227415919303894
250,layers.layer_0.weight,0.08920188248157501,0.08972977846860886,2.315476417541504
250,layers.layer_1.weight,0.08920188248157501,0.08972977846860886,11.561903953552246
250,layers.layer_2.weight,0.08920188248157501,0.08972977846860886,11.507983207702637
250,layers.layer_3.weight,0.08920188248157501,0.08972977846860886,11.415332794189453
250,layers.layer_4.weight,0.08920188248157501,0.08972977846860886,11.5499267578125
250,layers.layer_5.weight,0.08920188248157501,0.08972977846860886,11.319066047668457
250,layers.layer_6.weight,0.08920188248157501,0.08972977846860886,1.230358362197876
252,layers.layer_0.weight,0.0898263156414032,0.09035790711641312,2.3159871101379395
252,layers.layer_1.weight,0.0898263156414032,0.09035790711641312,11.562518119812012
252,layers.layer_2.weight,0.0898263156414032,0.09035790711641312,11.51032543182373
252,layers.layer_3.weight,0.0898263156414032,0.09035790711641312,11.419546127319336
252,layers.layer_4.weight,0.0898263156414032,0.09035790711641312,11.555411338806152
252,layers.layer_5.weight,0.0898263156414032,0.09035790711641312,11.326786994934082
252,layers.layer_6.weight,0.0898263156414032,0.09035790711641312,1.2337214946746826
254,layers.layer_0.weight,0.09044801443815231,0.09098326414823532,2.316537380218506
254,layers.layer_1.weight,0.09044801443815231,0.09098326414823532,11.563199043273926
254,layers.layer_2.weight,0.09044801443815231,0.09098326414823532,11.51305103302002
254,layers.layer_3.weight,0.09044801443815231,0.09098326414823532,11.424381256103516
254,layers.layer_4.weight,0.09044801443815231,0.09098326414823532,11.561758995056152
254,layers.layer_5.weight,0.09044801443815231,0.09098326414823532,11.33573055267334
254,layers.layer_6.weight,0.09044801443815231,0.09098326414823532,1.2377021312713623
256,layers.layer_0.weight,0.09106649458408356,0.09160538762807846,2.31718111038208
256,layers.layer_1.weight,0.09106649458408356,0.09160538762807846,11.564003944396973
256,layers.layer_2.weight,0.09106649458408356,0.09160538762807846,11.516312599182129
256,layers.layer_3.weight,0.09106649458408356,0.09160538762807846,11.430014610290527
256,layers.layer_4.weight,0.09106649458408356,0.09160538762807846,11.569121360778809
256,layers.layer_5.weight,0.09106649458408356,0.09160538762807846,11.346073150634766
256,layers.layer_6.weight,0.09106649458408356,0.09160538762807846,1.2422510385513306
258,layers.layer_0.weight,0.09168139100074768,0.09222391247749329,2.3180956840515137
258,layers.layer_1.weight,0.09168139100074768,0.09222391247749329,11.565070152282715
258,layers.layer_2.weight,0.09168139100074768,0.09222391247749329,11.520478248596191
258,layers.layer_3.weight,0.09168139100074768,0.09222391247749329,11.436820030212402
258,layers.layer_4.weight,0.09168139100074768,0.09222391247749329,11.57755184173584
258,layers.layer_5.weight,0.09168139100074768,0.09222391247749329,11.358077049255371
258,layers.layer_6.weight,0.09168139100074768,0.09222391247749329,1.2475063800811768
260,layers.layer_0.weight,0.09229175746440887,0.09283788502216339,2.3193626403808594
260,layers.layer_1.weight,0.09229175746440887,0.09283788502216339,11.566637992858887
260,layers.layer_2.weight,0.09229175746440887,0.09283788502216339,11.526185989379883
260,layers.layer_3.weight,0.09229175746440887,0.09283788502216339,11.445291519165039
260,layers.layer_4.weight,0.09229175746440887,0.09283788502216339,11.587455749511719
260,layers.layer_5.weight,0.09229175746440887,0.09283788502216339,11.372199058532715
260,layers.layer_6.weight,0.09229175746440887,0.09283788502216339,1.2537566423416138
262,layers.layer_0.weight,0.09289619326591492,0.09344588220119476,2.3205721378326416
262,layers.layer_1.weight,0.09289619326591492,0.09344588220119476,11.568851470947266
262,layers.layer_2.weight,0.09289619326591492,0.09344588220119476,11.533991813659668
262,layers.layer_3.weight,0.09289619326591492,0.09344588220119476,11.455689430236816
262,layers.layer_4.weight,0.09289619326591492,0.09344588220119476,11.599430084228516
262,layers.layer_5.weight,0.09289619326591492,0.09344588220119476,11.388693809509277
262,layers.layer_6.weight,0.09289619326591492,0.09344588220119476,1.2612991333007812
264,layers.layer_0.weight,0.09349199384450912,0.0940452367067337,2.32139253616333
264,layers.layer_1.weight,0.09349199384450912,0.0940452367067337,11.57177448272705
264,layers.layer_2.weight,0.09349199384450912,0.0940452367067337,11.544243812561035
264,layers.layer_3.weight,0.09349199384450912,0.0940452367067337,11.468673706054688
264,layers.layer_4.weight,0.09349199384450912,0.0940452367067337,11.614154815673828
264,layers.layer_5.weight,0.09349199384450912,0.0940452367067337,11.407492637634277
264,layers.layer_6.weight,0.09349199384450912,0.0940452367067337,1.2703157663345337
266,layers.layer_0.weight,0.09407812356948853,0.09463485330343246,2.3227524757385254
266,layers.layer_1.weight,0.09407812356948853,0.09463485330343246,11.576021194458008
266,layers.layer_2.weight,0.09407812356948853,0.09463485330343246,11.557809829711914
266,layers.layer_3.weight,0.09407812356948853,0.09463485330343246,11.485499382019043
266,layers.layer_4.weight,0.09407812356948853,0.09463485330343246,11.632225036621094
266,layers.layer_5.weight,0.09407812356948853,0.09463485330343246,11.428359031677246
266,layers.layer_6.weight,0.09407812356948853,0.09463485330343246,1.280591368675232
268,layers.layer_0.weight,0.0946497991681099,0.09520993381738663,2.321897506713867
268,layers.layer_1.weight,0.0946497991681099,0.09520993381738663,11.580472946166992
268,layers.layer_2.weight,0.0946497991681099,0.09520993381738663,11.568690299987793
268,layers.layer_3.weight,0.0946497991681099,0.09520993381738663,11.499985694885254
268,layers.layer_4.weight,0.0946497991681099,0.09520993381738663,11.648557662963867
268,layers.layer_5.weight,0.0946497991681099,0.09520993381738663,11.443778991699219
268,layers.layer_6.weight,0.0946497991681099,0.09520993381738663,1.2881346940994263
270,layers.layer_0.weight,0.09522967040538788,0.09579318016767502,2.322580337524414
270,layers.layer_1.weight,0.09522967040538788,0.09579318016767502,11.582655906677246
270,layers.layer_2.weight,0.09522967040538788,0.09579318016767502,11.572525024414062
270,layers.layer_3.weight,0.09522967040538788,0.09579318016767502,11.50604248046875
270,layers.layer_4.weight,0.09522967040538788,0.09579318016767502,11.658047676086426
270,layers.layer_5.weight,0.09522967040538788,0.09579318016767502,11.448421478271484
270,layers.layer_6.weight,0.09522967040538788,0.09579318016767502,1.2893630266189575
272,layers.layer_0.weight,0.09583137184381485,0.09639840573072433,2.3259708881378174
272,layers.layer_1.weight,0.09583137184381485,0.09639840573072433,11.585823059082031
272,layers.layer_2.weight,0.09583137184381485,0.09639840573072433,11.579254150390625
272,layers.layer_3.weight,0.09583137184381485,0.09639840573072433,11.51506519317627
272,layers.layer_4.weight,0.09583137184381485,0.09639840573072433,11.66756534576416
272,layers.layer_5.weight,0.09583137184381485,0.09639840573072433,11.451863288879395
272,layers.layer_6.weight,0.09583137184381485,0.09639840573072433,1.2922617197036743
274,layers.layer_0.weight,0.09643078595399857,0.09700137376785278,2.327249765396118
274,layers.layer_1.weight,0.09643078595399857,0.09700137376785278,11.589200973510742
274,layers.layer_2.weight,0.09643078595399857,0.09700137376785278,11.585721015930176
274,layers.layer_3.weight,0.09643078595399857,0.09700137376785278,11.524961471557617
274,layers.layer_4.weight,0.09643078595399857,0.09700137376785278,11.677653312683105
274,layers.layer_5.weight,0.09643078595399857,0.09700137376785278,11.457475662231445
274,layers.layer_6.weight,0.09643078595399857,0.09700137376785278,1.297865390777588
276,layers.layer_0.weight,0.09702420979738235,0.09759829193353653,2.3259222507476807
276,layers.layer_1.weight,0.09702420979738235,0.09759829193353653,11.59327220916748
276,layers.layer_2.weight,0.09702420979738235,0.09759829193353653,11.592761993408203
276,layers.layer_3.weight,0.09702420979738235,0.09759829193353653,11.536598205566406
276,layers.layer_4.weight,0.09702420979738235,0.09759829193353653,11.688692092895508
276,layers.layer_5.weight,0.09702420979738235,0.09759829193353653,11.467232704162598
276,layers.layer_6.weight,0.09702420979738235,0.09759829193353653,1.3073829412460327
278,layers.layer_0.weight,0.09761595726013184,0.09819351136684418,2.329784870147705
278,layers.layer_1.weight,0.09761595726013184,0.09819351136684418,11.59830379486084
278,layers.layer_2.weight,0.09761595726013184,0.09819351136684418,11.603043556213379
278,layers.layer_3.weight,0.09761595726013184,0.09819351136684418,11.550203323364258
278,layers.layer_4.weight,0.09761595726013184,0.09819351136684418,11.699450492858887
278,layers.layer_5.weight,0.09761595726013184,0.09819351136684418,11.477458000183105
278,layers.layer_6.weight,0.09761595726013184,0.09819351136684418,1.3187272548675537
280,layers.layer_0.weight,0.09819977730512619,0.09878077358007431,2.3333425521850586
280,layers.layer_1.weight,0.09819977730512619,0.09878077358007431,11.604049682617188
280,layers.layer_2.weight,0.09819977730512619,0.09878077358007431,11.613605499267578
280,layers.layer_3.weight,0.09819977730512619,0.09878077358007431,11.564162254333496
280,layers.layer_4.weight,0.09819977730512619,0.09878077358007431,11.710217475891113
280,layers.layer_5.weight,0.09819977730512619,0.09878077358007431,11.488988876342773
280,layers.layer_6.weight,0.09819977730512619,0.09878077358007431,1.3304884433746338
282,layers.layer_0.weight,0.0987754762172699,0.09935986250638962,2.3333401679992676
282,layers.layer_1.weight,0.0987754762172699,0.09935986250638962,11.609635353088379
282,layers.layer_2.weight,0.0987754762172699,0.09935986250638962,11.623616218566895
282,layers.layer_3.weight,0.0987754762172699,0.09935986250638962,11.577627182006836
282,layers.layer_4.weight,0.0987754762172699,0.09935986250638962,11.72199535369873
282,layers.layer_5.weight,0.0987754762172699,0.09935986250638962,11.502099990844727
282,layers.layer_6.weight,0.0987754762172699,0.09935986250638962,1.3413103818893433
284,layers.layer_0.weight,0.0993412658572197,0.09992898255586624,2.3349990844726562
284,layers.layer_1.weight,0.0993412658572197,0.09992898255586624,11.615962982177734
284,layers.layer_2.weight,0.0993412658572197,0.09992898255586624,11.636322975158691
284,layers.layer_3.weight,0.0993412658572197,0.09992898255586624,11.59448528289795
284,layers.layer_4.weight,0.0993412658572197,0.09992898255586624,11.734421730041504
284,layers.layer_5.weight,0.0993412658572197,0.09992898255586624,11.515073776245117
284,layers.layer_6.weight,0.0993412658572197,0.09992898255586624,1.3525187969207764
286,layers.layer_0.weight,0.09990659356117249,0.10049755126237869,2.338308811187744
286,layers.layer_1.weight,0.09990659356117249,0.10049755126237869,11.62158203125
286,layers.layer_2.weight,0.09990659356117249,0.10049755126237869,11.64398193359375
286,layers.layer_3.weight,0.09990659356117249,0.10049755126237869,11.60566520690918
286,layers.layer_4.weight,0.09990659356117249,0.10049755126237869,11.74357795715332
286,layers.layer_5.weight,0.09990659356117249,0.10049755126237869,11.52425479888916
286,layers.layer_6.weight,0.09990659356117249,0.10049755126237869,1.3503663539886475
288,layers.layer_0.weight,0.10047955811023712,0.10107379406690598,2.3356947898864746
288,layers.layer_1.weight,0.10047955811023712,0.10107379406690598,11.623088836669922
288,layers.layer_2.weight,0.10047955811023712,0.10107379406690598,11.644403457641602
288,layers.layer_3.weight,0.10047955811023712,0.10107379406690598,11.607572555541992
288,layers.layer_4.weight,0.10047955811023712,0.10107379406690598,11.748459815979004
288,layers.layer_5.weight,0.10047955811023712,0.10107379406690598,11.525789260864258
288,layers.layer_6.weight,0.10047955811023712,0.10107379406690598,1.3392040729522705
290,layers.layer_0.weight,0.10107040405273438,0.10166804492473602,2.33469295501709
290,layers.layer_1.weight,0.10107040405273438,0.10166804492473602,11.625846862792969
290,layers.layer_2.weight,0.10107040405273438,0.10166804492473602,11.645909309387207
290,layers.layer_3.weight,0.10107040405273438,0.10166804492473602,11.611515998840332
290,layers.layer_4.weight,0.10107040405273438,0.10166804492473602,11.755197525024414
290,layers.layer_5.weight,0.10107040405273438,0.10166804492473602,11.528143882751465
290,layers.layer_6.weight,0.10107040405273438,0.10166804492473602,1.3291503190994263
292,layers.layer_0.weight,0.10165714472532272,0.10225825011730194,2.333717107772827
292,layers.layer_1.weight,0.10165714472532272,0.10225825011730194,11.627668380737305
292,layers.layer_2.weight,0.10165714472532272,0.10225825011730194,11.64777946472168
292,layers.layer_3.weight,0.10165714472532272,0.10225825011730194,11.615178108215332
292,layers.layer_4.weight,0.10165714472532272,0.10225825011730194,11.761198043823242
292,layers.layer_5.weight,0.10165714472532272,0.10225825011730194,11.532715797424316
292,layers.layer_6.weight,0.10165714472532272,0.10225825011730194,1.320900797843933
294,layers.layer_0.weight,0.10224682837724686,0.10285142809152603,2.3336193561553955
294,layers.layer_1.weight,0.10224682837724686,0.10285142809152603,11.629582405090332
294,layers.layer_2.weight,0.10224682837724686,0.10285142809152603,11.651254653930664
294,layers.layer_3.weight,0.10224682837724686,0.10285142809152603,11.620940208435059
294,layers.layer_4.weight,0.10224682837724686,0.10285142809152603,11.768214225769043
294,layers.layer_5.weight,0.10224682837724686,0.10285142809152603,11.53905200958252
294,layers.layer_6.weight,0.10224682837724686,0.10285142809152603,1.3172115087509155
296,layers.layer_0.weight,0.10283290594816208,0.10344095528125763,2.3348488807678223
296,layers.layer_1.weight,0.10283290594816208,0.10344095528125763,11.633061408996582
296,layers.layer_2.weight,0.10283290594816208,0.10344095528125763,11.65605640411377
296,layers.layer_3.weight,0.10283290594816208,0.10344095528125763,11.629291534423828
296,layers.layer_4.weight,0.10283290594816208,0.10344095528125763,11.776216506958008
296,layers.layer_5.weight,0.10283290594816208,0.10344095528125763,11.547261238098145
296,layers.layer_6.weight,0.10283290594816208,0.10344095528125763,1.3190261125564575
298,layers.layer_0.weight,0.10340967774391174,0.10402116179466248,2.337278366088867
298,layers.layer_1.weight,0.10340967774391174,0.10402116179466248,11.637774467468262
298,layers.layer_2.weight,0.10340967774391174,0.10402116179466248,11.662236213684082
298,layers.layer_3.weight,0.10340967774391174,0.10402116179466248,11.640646934509277
298,layers.layer_4.weight,0.10340967774391174,0.10402116179466248,11.786084175109863
298,layers.layer_5.weight,0.10340967774391174,0.10402116179466248,11.559844017028809
298,layers.layer_6.weight,0.10340967774391174,0.10402116179466248,1.3259490728378296
300,layers.layer_0.weight,0.10398384183645248,0.1045987457036972,2.3393571376800537
300,layers.layer_1.weight,0.10398384183645248,0.1045987457036972,11.643553733825684
300,layers.layer_2.weight,0.10398384183645248,0.1045987457036972,11.671570777893066
300,layers.layer_3.weight,0.10398384183645248,0.1045987457036972,11.65644645690918
300,layers.layer_4.weight,0.10398384183645248,0.1045987457036972,11.798444747924805
300,layers.layer_5.weight,0.10398384183645248,0.1045987457036972,11.576560974121094
300,layers.layer_6.weight,0.10398384183645248,0.1045987457036972,1.3374983072280884
400,layers.layer_0.weight,0.12633004784584045,0.12709589302539825,2.511054515838623
400,layers.layer_1.weight,0.12633004784584045,0.12709589302539825,12.17648696899414
400,layers.layer_2.weight,0.12633004784584045,0.12709589302539825,12.332687377929688
400,layers.layer_3.weight,0.12633004784584045,0.12709589302539825,12.551994323730469
400,layers.layer_4.weight,0.12633004784584045,0.12709589302539825,12.517338752746582
400,layers.layer_5.weight,0.12633004784584045,0.12709589302539825,12.609997749328613
400,layers.layer_6.weight,0.12633004784584045,0.12709589302539825,2.0246694087982178
500,layers.layer_0.weight,0.14108166098594666,0.14186100661754608,2.6285154819488525
500,layers.layer_1.weight,0.14108166098594666,0.14186100661754608,12.480772018432617
500,layers.layer_2.weight,0.14108166098594666,0.14186100661754608,12.812838554382324
500,layers.layer_3.weight,0.14108166098594666,0.14186100661754608,13.420273780822754
500,layers.layer_4.weight,0.14108166098594666,0.14186100661754608,13.816179275512695
500,layers.layer_5.weight,0.14108166098594666,0.14186100661754608,14.414137840270996
500,layers.layer_6.weight,0.14108166098594666,0.14186100661754608,3.238286256790161
600,layers.layer_0.weight,0.1538454294204712,0.1546245813369751,2.654318332672119
600,layers.layer_1.weight,0.1538454294204712,0.1546245813369751,12.535663604736328
600,layers.layer_2.weight,0.1538454294204712,0.1546245813369751,12.939566612243652
600,layers.layer_3.weight,0.1538454294204712,0.1546245813369751,13.814472198486328
600,layers.layer_4.weight,0.1538454294204712,0.1546245813369751,14.778097152709961
600,layers.layer_5.weight,0.1538454294204712,0.1546245813369751,15.515268325805664
600,layers.layer_6.weight,0.1538454294204712,0.1546245813369751,3.7712416648864746
700,layers.layer_0.weight,0.16097776591777802,0.16210174560546875,2.6655333042144775
700,layers.layer_1.weight,0.16097776591777802,0.16210174560546875,12.563492774963379
700,layers.layer_2.weight,0.16097776591777802,0.16210174560546875,13.024166107177734
700,layers.layer_3.weight,0.16097776591777802,0.16210174560546875,14.079581260681152
700,layers.layer_4.weight,0.16097776591777802,0.16210174560546875,15.341676712036133
700,layers.layer_5.weight,0.16097776591777802,0.16210174560546875,16.227760314941406
700,layers.layer_6.weight,0.16097776591777802,0.16210174560546875,4.096076011657715
800,layers.layer_0.weight,0.16457399725914001,0.16640987992286682,2.669682025909424
800,layers.layer_1.weight,0.16457399725914001,0.16640987992286682,12.578442573547363
800,layers.layer_2.weight,0.16457399725914001,0.16640987992286682,13.100443840026855
800,layers.layer_3.weight,0.16457399725914001,0.16640987992286682,14.322303771972656
800,layers.layer_4.weight,0.16457399725914001,0.16640987992286682,15.944669723510742
800,layers.layer_5.weight,0.16457399725914001,0.16640987992286682,17.157737731933594
800,layers.layer_6.weight,0.16457399725914001,0.16640987992286682,4.516242980957031
900,layers.layer_0.weight,0.1595325618982315,0.16133606433868408,2.6667280197143555
900,layers.layer_1.weight,0.1595325618982315,0.16133606433868408,12.579948425292969
900,layers.layer_2.weight,0.1595325618982315,0.16133606433868408,13.131677627563477
900,layers.layer_3.weight,0.1595325618982315,0.16133606433868408,14.355388641357422
900,layers.layer_4.weight,0.1595325618982315,0.16133606433868408,16.321823120117188
900,layers.layer_5.weight,0.1595325618982315,0.16133606433868408,17.900033950805664
900,layers.layer_6.weight,0.1595325618982315,0.16133606433868408,4.869626045227051
1000,layers.layer_0.weight,0.15403372049331665,0.1555781364440918,2.665794610977173
1000,layers.layer_1.weight,0.15403372049331665,0.1555781364440918,12.58051872253418
1000,layers.layer_2.weight,0.15403372049331665,0.1555781364440918,13.134636878967285
1000,layers.layer_3.weight,0.15403372049331665,0.1555781364440918,14.333005905151367
1000,layers.layer_4.weight,0.15403372049331665,0.1555781364440918,16.406635284423828
1000,layers.layer_5.weight,0.15403372049331665,0.1555781364440918,18.098167419433594
1000,layers.layer_6.weight,0.15403372049331665,0.1555781364440918,4.963257789611816
1100,layers.layer_0.weight,0.1528642475605011,0.1541433334350586,2.6667168140411377
1100,layers.layer_1.weight,0.1528642475605011,0.1541433334350586,12.583128929138184
1100,layers.layer_2.weight,0.1528642475605011,0.1541433334350586,13.13868522644043
1100,layers.layer_3.weight,0.1528642475605011,0.1541433334350586,14.326640129089355
1100,layers.layer_4.weight,0.1528642475605011,0.1541433334350586,16.446962356567383
1100,layers.layer_5.weight,0.1528642475605011,0.1541433334350586,18.21039581298828
1100,layers.layer_6.weight,0.1528642475605011,0.1541433334350586,5.009692668914795
1200,layers.layer_0.weight,0.15265324711799622,0.1537218689918518,2.669370651245117
1200,layers.layer_1.weight,0.15265324711799622,0.1537218689918518,12.588241577148438
1200,layers.layer_2.weight,0.15265324711799622,0.1537218689918518,13.143855094909668
1200,layers.layer_3.weight,0.15265324711799622,0.1537218689918518,14.32348918914795
1200,layers.layer_4.weight,0.15265324711799622,0.1537218689918518,16.467979431152344
1200,layers.layer_5.weight,0.15265324711799622,0.1537218689918518,18.280174255371094
1200,layers.layer_6.weight,0.15265324711799622,0.1537218689918518,5.03728723526001
1300,layers.layer_0.weight,0.15442122519016266,0.1553516834974289,2.6763319969177246
1300,layers.layer_1.weight,0.15442122519016266,0.1553516834974289,12.599626541137695
1300,layers.layer_2.weight,0.15442122519016266,0.1553516834974289,13.15269947052002
1300,layers.layer_3.weight,0.15442122519016266,0.1553516834974289,14.32243537902832
1300,layers.layer_4.weight,0.15442122519016266,0.1553516834974289,16.47649383544922
1300,layers.layer_5.weight,0.15442122519016266,0.1553516834974289,18.325048446655273
1300,layers.layer_6.weight,0.15442122519016266,0.1553516834974289,5.043250560760498
1400,layers.layer_0.weight,0.1557675451040268,0.1566339135169983,2.6784327030181885
1400,layers.layer_1.weight,0.1557675451040268,0.1566339135169983,12.603819847106934
1400,layers.layer_2.weight,0.1557675451040268,0.1566339135169983,13.156084060668945
1400,layers.layer_3.weight,0.1557675451040268,0.1566339135169983,14.319356918334961
1400,layers.layer_4.weight,0.1557675451040268,0.1566339135169983,16.490047454833984
1400,layers.layer_5.weight,0.1557675451040268,0.1566339135169983,18.374374389648438
1400,layers.layer_6.weight,0.1557675451040268,0.1566339135169983,5.064122676849365
1500,layers.layer_0.weight,0.15715447068214417,0.1580296903848648,2.679077386856079
1500,layers.layer_1.weight,0.15715447068214417,0.1580296903848648,12.605451583862305
1500,layers.layer_2.weight,0.15715447068214417,0.1580296903848648,13.156752586364746
1500,layers.layer_3.weight,0.15715447068214417,0.1580296903848648,14.314388275146484
1500,layers.layer_4.weight,0.15715447068214417,0.1580296903848648,16.499841690063477
1500,layers.layer_5.weight,0.15715447068214417,0.1580296903848648,18.42864990234375
1500,layers.layer_6.weight,0.15715447068214417,0.1580296903848648,5.085748195648193
1600,layers.layer_0.weight,0.16184395551681519,0.1627074033021927,2.6869375705718994
1600,layers.layer_1.weight,0.16184395551681519,0.1627074033021927,12.61882209777832
1600,layers.layer_2.weight,0.16184395551681519,0.1627074033021927,13.166606903076172
1600,layers.layer_3.weight,0.16184395551681519,0.1627074033021927,14.315529823303223
1600,layers.layer_4.weight,0.16184395551681519,0.1627074033021927,16.504459381103516
1600,layers.layer_5.weight,0.16184395551681519,0.1627074033021927,18.450971603393555
1600,layers.layer_6.weight,0.16184395551681519,0.1627074033021927,5.086714744567871
1700,layers.layer_0.weight,0.16932445764541626,0.17016401886940002,2.7007334232330322
1700,layers.layer_1.weight,0.16932445764541626,0.17016401886940002,12.640885353088379
1700,layers.layer_2.weight,0.16932445764541626,0.17016401886940002,13.183297157287598
1700,layers.layer_3.weight,0.16932445764541626,0.17016401886940002,14.3200101852417
1700,layers.layer_4.weight,0.16932445764541626,0.17016401886940002,16.503494262695312
1700,layers.layer_5.weight,0.16932445764541626,0.17016401886940002,18.453121185302734
1700,layers.layer_6.weight,0.16932445764541626,0.17016401886940002,5.065955638885498
1800,layers.layer_0.weight,0.17200012505054474,0.17286334931850433,2.7086453437805176
1800,layers.layer_1.weight,0.17200012505054474,0.17286334931850433,12.654425621032715
1800,layers.layer_2.weight,0.17200012505054474,0.17286334931850433,13.194503784179688
1800,layers.layer_3.weight,0.17200012505054474,0.17286334931850433,14.3231840133667
1800,layers.layer_4.weight,0.17200012505054474,0.17286334931850433,16.511672973632812
1800,layers.layer_5.weight,0.17200012505054474,0.17286334931850433,18.474529266357422
1800,layers.layer_6.weight,0.17200012505054474,0.17286334931850433,5.066262245178223
1900,layers.layer_0.weight,0.1749747395515442,0.17591038346290588,2.7187490463256836
1900,layers.layer_1.weight,0.1749747395515442,0.17591038346290588,12.669809341430664
1900,layers.layer_2.weight,0.1749747395515442,0.17591038346290588,13.208117485046387
1900,layers.layer_3.weight,0.1749747395515442,0.17591038346290588,14.32723331451416
1900,layers.layer_4.weight,0.1749747395515442,0.17591038346290588,16.516542434692383
1900,layers.layer_5.weight,0.1749747395515442,0.17591038346290588,18.487394332885742
1900,layers.layer_6.weight,0.1749747395515442,0.17591038346290588,5.0577168464660645
2000,layers.layer_0.weight,0.1785135269165039,0.17951445281505585,2.7286531925201416
2000,layers.layer_1.weight,0.1785135269165039,0.17951445281505585,12.686286926269531
2000,layers.layer_2.weight,0.1785135269165039,0.17951445281505585,13.223214149475098
2000,layers.layer_3.weight,0.1785135269165039,0.17951445281505585,14.332857131958008
2000,layers.layer_4.weight,0.1785135269165039,0.17951445281505585,16.521852493286133
2000,layers.layer_5.weight,0.1785135269165039,0.17951445281505585,18.49931526184082
2000,layers.layer_6.weight,0.1785135269165039,0.17951445281505585,5.048666477203369
2100,layers.layer_0.weight,0.18192557990550995,0.18293491005897522,2.738672971725464
2100,layers.layer_1.weight,0.18192557990550995,0.18293491005897522,12.704230308532715
2100,layers.layer_2.weight,0.18192557990550995,0.18293491005897522,13.239947319030762
2100,layers.layer_3.weight,0.18192557990550995,0.18293491005897522,14.339847564697266
2100,layers.layer_4.weight,0.18192557990550995,0.18293491005897522,16.52674102783203
2100,layers.layer_5.weight,0.18192557990550995,0.18293491005897522,18.508493423461914
2100,layers.layer_6.weight,0.18192557990550995,0.18293491005897522,5.037011623382568
2200,layers.layer_0.weight,0.18346147239208221,0.1844264715909958,2.7428605556488037
2200,layers.layer_1.weight,0.18346147239208221,0.1844264715909958,12.714774131774902
2200,layers.layer_2.weight,0.18346147239208221,0.1844264715909958,13.249279975891113
2200,layers.layer_3.weight,0.18346147239208221,0.1844264715909958,14.343329429626465
2200,layers.layer_4.weight,0.18346147239208221,0.1844264715909958,16.533428192138672
2200,layers.layer_5.weight,0.18346147239208221,0.1844264715909958,18.524211883544922
2200,layers.layer_6.weight,0.18346147239208221,0.1844264715909958,5.038450241088867
2300,layers.layer_0.weight,0.18466554582118988,0.18567289412021637,2.749192714691162
2300,layers.layer_1.weight,0.18466554582118988,0.18567289412021637,12.72613525390625
2300,layers.layer_2.weight,0.18466554582118988,0.18567289412021637,13.260157585144043
2300,layers.layer_3.weight,0.18466554582118988,0.18567289412021637,14.347419738769531
2300,layers.layer_4.weight,0.18466554582118988,0.18567289412021637,16.539175033569336
2300,layers.layer_5.weight,0.18466554582118988,0.18567289412021637,18.538022994995117
2300,layers.layer_6.weight,0.18466554582118988,0.18567289412021637,5.037883758544922
2400,layers.layer_0.weight,0.186200350522995,0.18725261092185974,2.755861282348633
2400,layers.layer_1.weight,0.186200350522995,0.18725261092185974,12.740957260131836
2400,layers.layer_2.weight,0.186200350522995,0.18725261092185974,13.274969100952148
2400,layers.layer_3.weight,0.186200350522995,0.18725261092185974,14.354360580444336
2400,layers.layer_4.weight,0.186200350522995,0.18725261092185974,16.542848587036133
2400,layers.layer_5.weight,0.186200350522995,0.18725261092185974,18.542795181274414
2400,layers.layer_6.weight,0.186200350522995,0.18725261092185974,5.0210981369018555
2500,layers.layer_0.weight,0.18300342559814453,0.18397583067417145,2.7558305263519287
2500,layers.layer_1.weight,0.18300342559814453,0.18397583067417145,12.74137020111084
2500,layers.layer_2.weight,0.18300342559814453,0.18397583067417145,13.274991989135742
2500,layers.layer_3.weight,0.18300342559814453,0.18397583067417145,14.353922843933105
2500,layers.layer_4.weight,0.18300342559814453,0.18397583067417145,16.552165985107422
2500,layers.layer_5.weight,0.18300342559814453,0.18397583067417145,18.564594268798828
2500,layers.layer_6.weight,0.18300342559814453,0.18397583067417145,5.040249824523926
2600,layers.layer_0.weight,0.18025024235248566,0.1811828315258026,2.755176067352295
2600,layers.layer_1.weight,0.18025024235248566,0.1811828315258026,12.740692138671875
2600,layers.layer_2.weight,0.18025024235248566,0.1811828315258026,13.273445129394531
2600,layers.layer_3.weight,0.18025024235248566,0.1811828315258026,14.351263046264648
2600,layers.layer_4.weight,0.18025024235248566,0.1811828315258026,16.55727767944336
2600,layers.layer_5.weight,0.18025024235248566,0.1811828315258026,18.58367919921875
2600,layers.layer_6.weight,0.18025024235248566,0.1811828315258026,5.057687759399414
2700,layers.layer_0.weight,0.17815186083316803,0.17910568416118622,2.7545623779296875
2700,layers.layer_1.weight,0.17815186083316803,0.17910568416118622,12.740028381347656
2700,layers.layer_2.weight,0.17815186083316803,0.17910568416118622,13.271894454956055
2700,layers.layer_3.weight,0.17815186083316803,0.17910568416118622,14.348196983337402
2700,layers.layer_4.weight,0.17815186083316803,0.17910568416118622,16.561086654663086
2700,layers.layer_5.weight,0.17815186083316803,0.17910568416118622,18.602434158325195
2700,layers.layer_6.weight,0.17815186083316803,0.17910568416118622,5.074887275695801
2800,layers.layer_0.weight,0.17658750712871552,0.17761118710041046,2.753967523574829
2800,layers.layer_1.weight,0.17658750712871552,0.17761118710041046,12.739385604858398
2800,layers.layer_2.weight,0.17658750712871552,0.17761118710041046,13.27039623260498
2800,layers.layer_3.weight,0.17658750712871552,0.17761118710041046,14.34498119354248
2800,layers.layer_4.weight,0.17658750712871552,0.17761118710041046,16.564281463623047
2800,layers.layer_5.weight,0.17658750712871552,0.17761118710041046,18.62151527404785
2800,layers.layer_6.weight,0.17658750712871552,0.17761118710041046,5.092451572418213
2900,layers.layer_0.weight,0.17823395133018494,0.17929866909980774,2.757673740386963
2900,layers.layer_1.weight,0.17823395133018494,0.17929866909980774,12.745220184326172
2900,layers.layer_2.weight,0.17823395133018494,0.17929866909980774,13.272303581237793
2900,layers.layer_3.weight,0.17823395133018494,0.17929866909980774,14.343443870544434
2900,layers.layer_4.weight,0.17823395133018494,0.17929866909980774,16.564132690429688
2900,layers.layer_5.weight,0.17823395133018494,0.17929866909980774,18.63211441040039
2900,layers.layer_6.weight,0.17823395133018494,0.17929866909980774,5.098506450653076
3000,layers.layer_0.weight,0.1793697029352188,0.1805620938539505,2.7629430294036865
3000,layers.layer_1.weight,0.1793697029352188,0.1805620938539505,12.758100509643555
3000,layers.layer_2.weight,0.1793697029352188,0.1805620938539505,13.281668663024902
3000,layers.layer_3.weight,0.1793697029352188,0.1805620938539505,14.346724510192871
3000,layers.layer_4.weight,0.1793697029352188,0.1805620938539505,16.564844131469727
3000,layers.layer_5.weight,0.1793697029352188,0.1805620938539505,18.63564109802246
3000,layers.layer_6.weight,0.1793697029352188,0.1805620938539505,5.089028835296631
3100,layers.layer_0.weight,0.18083515763282776,0.18226173520088196,2.7696964740753174
3100,layers.layer_1.weight,0.18083515763282776,0.18226173520088196,12.77355670928955
3100,layers.layer_2.weight,0.18083515763282776,0.18226173520088196,13.293264389038086
3100,layers.layer_3.weight,0.18083515763282776,0.18226173520088196,14.351990699768066
3100,layers.layer_4.weight,0.18083515763282776,0.18226173520088196,16.56740379333496
3100,layers.layer_5.weight,0.18083515763282776,0.18226173520088196,18.641817092895508
3100,layers.layer_6.weight,0.18083515763282776,0.18226173520088196,5.077418327331543
3200,layers.layer_0.weight,0.1827683448791504,0.18447960913181305,2.774862766265869
3200,layers.layer_1.weight,0.1827683448791504,0.18447960913181305,12.788180351257324
3200,layers.layer_2.weight,0.1827683448791504,0.18447960913181305,13.304405212402344
3200,layers.layer_3.weight,0.1827683448791504,0.18447960913181305,14.358013153076172
3200,layers.layer_4.weight,0.1827683448791504,0.18447960913181305,16.57179832458496
3200,layers.layer_5.weight,0.1827683448791504,0.18447960913181305,18.652799606323242
3200,layers.layer_6.weight,0.1827683448791504,0.18447960913181305,5.071950912475586
3300,layers.layer_0.weight,0.1874769926071167,0.189286470413208,2.7828216552734375
3300,layers.layer_1.weight,0.1874769926071167,0.189286470413208,12.80660629272461
3300,layers.layer_2.weight,0.1874769926071167,0.189286470413208,13.31872272491455
3300,layers.layer_3.weight,0.1874769926071167,0.189286470413208,14.365667343139648
3300,layers.layer_4.weight,0.1874769926071167,0.189286470413208,16.57601547241211
3300,layers.layer_5.weight,0.1874769926071167,0.189286470413208,18.65876007080078
3300,layers.layer_6.weight,0.1874769926071167,0.189286470413208,5.053697109222412
3400,layers.layer_0.weight,0.19290871918201447,0.19435082376003265,2.792776107788086
3400,layers.layer_1.weight,0.19290871918201447,0.19435082376003265,12.826085090637207
3400,layers.layer_2.weight,0.19290871918201447,0.19435082376003265,13.336041450500488
3400,layers.layer_3.weight,0.19290871918201447,0.19435082376003265,14.37516975402832
3400,layers.layer_4.weight,0.19290871918201447,0.19435082376003265,16.58143424987793
3400,layers.layer_5.weight,0.19290871918201447,0.19435082376003265,18.664262771606445
3400,layers.layer_6.weight,0.19290871918201447,0.19435082376003265,5.0377960205078125
3500,layers.layer_0.weight,0.19416236877441406,0.19515524804592133,2.8006114959716797
3500,layers.layer_1.weight,0.19416236877441406,0.19515524804592133,12.839532852172852
3500,layers.layer_2.weight,0.19416236877441406,0.19515524804592133,13.350164413452148
3500,layers.layer_3.weight,0.19416236877441406,0.19515524804592133,14.38254165649414
3500,layers.layer_4.weight,0.19416236877441406,0.19515524804592133,16.587284088134766
3500,layers.layer_5.weight,0.19416236877441406,0.19515524804592133,18.671667098999023
3500,layers.layer_6.weight,0.19416236877441406,0.19515524804592133,5.029273986816406
3600,layers.layer_0.weight,0.19330734014511108,0.1940871626138687,2.8061985969543457
3600,layers.layer_1.weight,0.19330734014511108,0.1940871626138687,12.848905563354492
3600,layers.layer_2.weight,0.19330734014511108,0.1940871626138687,13.361808776855469
3600,layers.layer_3.weight,0.19330734014511108,0.1940871626138687,14.38924503326416
3600,layers.layer_4.weight,0.19330734014511108,0.1940871626138687,16.594268798828125
3600,layers.layer_5.weight,0.19330734014511108,0.1940871626138687,18.68313217163086
3600,layers.layer_6.weight,0.19330734014511108,0.1940871626138687,5.0320563316345215
3700,layers.layer_0.weight,0.1920720487833023,0.1929323524236679,2.8120007514953613
3700,layers.layer_1.weight,0.1920720487833023,0.1929323524236679,12.857592582702637
3700,layers.layer_2.weight,0.1920720487833023,0.1929323524236679,13.372756004333496
3700,layers.layer_3.weight,0.1920720487833023,0.1929323524236679,14.395692825317383
3700,layers.layer_4.weight,0.1920720487833023,0.1929323524236679,16.601213455200195
3700,layers.layer_5.weight,0.1920720487833023,0.1929323524236679,18.694446563720703
3700,layers.layer_6.weight,0.1920720487833023,0.1929323524236679,5.0321807861328125
3800,layers.layer_0.weight,0.19103436172008514,0.1922030746936798,2.817476749420166
3800,layers.layer_1.weight,0.19103436172008514,0.1922030746936798,12.865926742553711
3800,layers.layer_2.weight,0.19103436172008514,0.1922030746936798,13.383211135864258
3800,layers.layer_3.weight,0.19103436172008514,0.1922030746936798,14.401949882507324
3800,layers.layer_4.weight,0.19103436172008514,0.1922030746936798,16.60851287841797
3800,layers.layer_5.weight,0.19103436172008514,0.1922030746936798,18.706453323364258
3800,layers.layer_6.weight,0.19103436172008514,0.1922030746936798,5.0328049659729
3900,layers.layer_0.weight,0.1899247169494629,0.19154006242752075,2.821791887283325
3900,layers.layer_1.weight,0.1899247169494629,0.19154006242752075,12.87324333190918
3900,layers.layer_2.weight,0.1899247169494629,0.19154006242752075,13.392596244812012
3900,layers.layer_3.weight,0.1899247169494629,0.19154006242752075,14.407905578613281
3900,layers.layer_4.weight,0.1899247169494629,0.19154006242752075,16.616191864013672
3900,layers.layer_5.weight,0.1899247169494629,0.19154006242752075,18.719345092773438
3900,layers.layer_6.weight,0.1899247169494629,0.19154006242752075,5.037214279174805
4000,layers.layer_0.weight,0.1892000138759613,0.19137921929359436,2.8258566856384277
4000,layers.layer_1.weight,0.1892000138759613,0.19137921929359436,12.880846977233887
4000,layers.layer_2.weight,0.1892000138759613,0.19137921929359436,13.402090072631836
4000,layers.layer_3.weight,0.1892000138759613,0.19137921929359436,14.413853645324707
4000,layers.layer_4.weight,0.1892000138759613,0.19137921929359436,16.62371826171875
4000,layers.layer_5.weight,0.1892000138759613,0.19137921929359436,18.731021881103516
4000,layers.layer_6.weight,0.1892000138759613,0.19137921929359436,5.037295818328857
4100,layers.layer_0.weight,0.1884540170431137,0.19122420251369476,2.8289456367492676
4100,layers.layer_1.weight,0.1884540170431137,0.19122420251369476,12.887412071228027
4100,layers.layer_2.weight,0.1884540170431137,0.19122420251369476,13.410428047180176
4100,layers.layer_3.weight,0.1884540170431137,0.19122420251369476,14.41952896118164
4100,layers.layer_4.weight,0.1884540170431137,0.19122420251369476,16.631725311279297
4100,layers.layer_5.weight,0.1884540170431137,0.19122420251369476,18.743648529052734
4100,layers.layer_6.weight,0.1884540170431137,0.19122420251369476,5.042325019836426
4200,layers.layer_0.weight,0.188319593667984,0.19175411760807037,2.833092212677002
4200,layers.layer_1.weight,0.188319593667984,0.19175411760807037,12.894082069396973
4200,layers.layer_2.weight,0.188319593667984,0.19175411760807037,13.418394088745117
4200,layers.layer_3.weight,0.188319593667984,0.19175411760807037,14.424259185791016
4200,layers.layer_4.weight,0.188319593667984,0.19175411760807037,16.63828468322754
4200,layers.layer_5.weight,0.188319593667984,0.19175411760807037,18.75482940673828
4200,layers.layer_6.weight,0.188319593667984,0.19175411760807037,5.0431013107299805
4300,layers.layer_0.weight,0.1878804713487625,0.19190140068531036,2.8358798027038574
4300,layers.layer_1.weight,0.1878804713487625,0.19190140068531036,12.900830268859863
4300,layers.layer_2.weight,0.1878804713487625,0.19190140068531036,13.426870346069336
4300,layers.layer_3.weight,0.1878804713487625,0.19190140068531036,14.429765701293945
4300,layers.layer_4.weight,0.1878804713487625,0.19190140068531036,16.644359588623047
4300,layers.layer_5.weight,0.1878804713487625,0.19190140068531036,18.766759872436523
4300,layers.layer_6.weight,0.1878804713487625,0.19190140068531036,5.047131538391113
4400,layers.layer_0.weight,0.18449822068214417,0.18869329988956451,2.8375802040100098
4400,layers.layer_1.weight,0.18449822068214417,0.18869329988956451,12.904984474182129
4400,layers.layer_2.weight,0.18449822068214417,0.18869329988956451,13.431248664855957
4400,layers.layer_3.weight,0.18449822068214417,0.18869329988956451,14.432846069335938
4400,layers.layer_4.weight,0.18449822068214417,0.18869329988956451,16.648855209350586
4400,layers.layer_5.weight,0.18449822068214417,0.18869329988956451,18.777204513549805
4400,layers.layer_6.weight,0.18449822068214417,0.18869329988956451,5.055473804473877
4500,layers.layer_0.weight,0.1808379739522934,0.18508946895599365,2.8385984897613525
4500,layers.layer_1.weight,0.1808379739522934,0.18508946895599365,12.90849494934082
4500,layers.layer_2.weight,0.1808379739522934,0.18508946895599365,13.433749198913574
4500,layers.layer_3.weight,0.1808379739522934,0.18508946895599365,14.434296607971191
4500,layers.layer_4.weight,0.1808379739522934,0.18508946895599365,16.650766372680664
4500,layers.layer_5.weight,0.1808379739522934,0.18508946895599365,18.785175323486328
4500,layers.layer_6.weight,0.1808379739522934,0.18508946895599365,5.059902667999268
4600,layers.layer_0.weight,0.1777074933052063,0.18204644322395325,2.8407480716705322
4600,layers.layer_1.weight,0.1777074933052063,0.18204644322395325,12.913360595703125
4600,layers.layer_2.weight,0.1777074933052063,0.18204644322395325,13.43731689453125
4600,layers.layer_3.weight,0.1777074933052063,0.18204644322395325,14.436809539794922
4600,layers.layer_4.weight,0.1777074933052063,0.18204644322395325,16.652738571166992
4600,layers.layer_5.weight,0.1777074933052063,0.18204644322395325,18.792953491210938
4600,layers.layer_6.weight,0.1777074933052063,0.18204644322395325,5.064869403839111
4700,layers.layer_0.weight,0.17563499510288239,0.18012171983718872,2.8418798446655273
4700,layers.layer_1.weight,0.17563499510288239,0.18012171983718872,12.918708801269531
4700,layers.layer_2.weight,0.17563499510288239,0.18012171983718872,13.441004753112793
4700,layers.layer_3.weight,0.17563499510288239,0.18012171983718872,14.43972396850586
4700,layers.layer_4.weight,0.17563499510288239,0.18012171983718872,16.65530014038086
4700,layers.layer_5.weight,0.17563499510288239,0.18012171983718872,18.800453186035156
4700,layers.layer_6.weight,0.17563499510288239,0.18012171983718872,5.067242622375488
4800,layers.layer_0.weight,0.17451883852481842,0.1792050153017044,2.8445591926574707
4800,layers.layer_1.weight,0.17451883852481842,0.1792050153017044,12.925419807434082
4800,layers.layer_2.weight,0.17451883852481842,0.1792050153017044,13.44530963897705
4800,layers.layer_3.weight,0.17451883852481842,0.1792050153017044,14.443070411682129
4800,layers.layer_4.weight,0.17451883852481842,0.1792050153017044,16.658092498779297
4800,layers.layer_5.weight,0.17451883852481842,0.1792050153017044,18.80809783935547
4800,layers.layer_6.weight,0.17451883852481842,0.1792050153017044,5.067276954650879
4900,layers.layer_0.weight,0.17441873252391815,0.17934931814670563,2.8463499546051025
4900,layers.layer_1.weight,0.17441873252391815,0.17934931814670563,12.932879447937012
4900,layers.layer_2.weight,0.17441873252391815,0.17934931814670563,13.450039863586426
4900,layers.layer_3.weight,0.17441873252391815,0.17934931814670563,14.447152137756348
4900,layers.layer_4.weight,0.17441873252391815,0.17934931814670563,16.661579132080078
4900,layers.layer_5.weight,0.17441873252391815,0.17934931814670563,18.81637954711914
4900,layers.layer_6.weight,0.17441873252391815,0.17934931814670563,5.066295146942139
5000,layers.layer_0.weight,0.17519132792949677,0.1803535521030426,2.8484270572662354
5000,layers.layer_1.weight,0.17519132792949677,0.1803535521030426,12.94129753112793
5000,layers.layer_2.weight,0.17519132792949677,0.1803535521030426,13.4555082321167
5000,layers.layer_3.weight,0.17519132792949677,0.1803535521030426,14.452259063720703
5000,layers.layer_4.weight,0.17519132792949677,0.1803535521030426,16.666372299194336
5000,layers.layer_5.weight,0.17519132792949677,0.1803535521030426,18.82550811767578
5000,layers.layer_6.weight,0.17519132792949677,0.1803535521030426,5.067519664764404
5100,layers.layer_0.weight,0.17480221390724182,0.1793372631072998,2.8487801551818848
5100,layers.layer_1.weight,0.17480221390724182,0.1793372631072998,12.942075729370117
5100,layers.layer_2.weight,0.17480221390724182,0.1793372631072998,13.45512866973877
5100,layers.layer_3.weight,0.17480221390724182,0.1793372631072998,14.452188491821289
5100,layers.layer_4.weight,0.17480221390724182,0.1793372631072998,16.67055320739746
5100,layers.layer_5.weight,0.17480221390724182,0.1793372631072998,18.83072280883789
5100,layers.layer_6.weight,0.17480221390724182,0.1793372631072998,5.0734124183654785
5200,layers.layer_0.weight,0.17435523867607117,0.1780829280614853,2.8484344482421875
5200,layers.layer_1.weight,0.17435523867607117,0.1780829280614853,12.941418647766113
5200,layers.layer_2.weight,0.17435523867607117,0.1780829280614853,13.453592300415039
5200,layers.layer_3.weight,0.17435523867607117,0.1780829280614853,14.450451850891113
5200,layers.layer_4.weight,0.17435523867607117,0.1780829280614853,16.673410415649414
5200,layers.layer_5.weight,0.17435523867607117,0.1780829280614853,18.836864471435547
5200,layers.layer_6.weight,0.17435523867607117,0.1780829280614853,5.080507278442383
5300,layers.layer_0.weight,0.17400407791137695,0.1770830601453781,2.8480844497680664
5300,layers.layer_1.weight,0.17400407791137695,0.1770830601453781,12.940754890441895
5300,layers.layer_2.weight,0.17400407791137695,0.1770830601453781,13.452008247375488
5300,layers.layer_3.weight,0.17400407791137695,0.1770830601453781,14.448328018188477
5300,layers.layer_4.weight,0.17400407791137695,0.1770830601453781,16.67547035217285
5300,layers.layer_5.weight,0.17400407791137695,0.1770830601453781,18.843900680541992
5300,layers.layer_6.weight,0.17400407791137695,0.1770830601453781,5.088160991668701
5400,layers.layer_0.weight,0.17372864484786987,0.17630769312381744,2.847726821899414
5400,layers.layer_1.weight,0.17372864484786987,0.17630769312381744,12.940081596374512
5400,layers.layer_2.weight,0.17372864484786987,0.17630769312381744,13.450372695922852
5400,layers.layer_3.weight,0.17372864484786987,0.17630769312381744,14.445937156677246
5400,layers.layer_4.weight,0.17372864484786987,0.17630769312381744,16.677005767822266
5400,layers.layer_5.weight,0.17372864484786987,0.17630769312381744,18.85166358947754
5400,layers.layer_6.weight,0.17372864484786987,0.17630769312381744,5.09649658203125
5500,layers.layer_0.weight,0.17355188727378845,0.1757563054561615,2.8473618030548096
5500,layers.layer_1.weight,0.17355188727378845,0.1757563054561615,12.939399719238281
5500,layers.layer_2.weight,0.17355188727378845,0.1757563054561615,13.448709487915039
5500,layers.layer_3.weight,0.17355188727378845,0.1757563054561615,14.443364143371582
5500,layers.layer_4.weight,0.17355188727378845,0.1757563054561615,16.67825698852539
5500,layers.layer_5.weight,0.17355188727378845,0.1757563054561615,18.8601131439209
5500,layers.layer_6.weight,0.17355188727378845,0.1757563054561615,5.10556173324585
5600,layers.layer_0.weight,0.17414963245391846,0.1758638471364975,2.849844217300415
5600,layers.layer_1.weight,0.17414963245391846,0.1758638471364975,12.943143844604492
5600,layers.layer_2.weight,0.17414963245391846,0.1758638471364975,13.449862480163574
5600,layers.layer_3.weight,0.17414963245391846,0.1758638471364975,14.440934181213379
5600,layers.layer_4.weight,0.17414963245391846,0.1758638471364975,16.67778205871582
5600,layers.layer_5.weight,0.17414963245391846,0.1758638471364975,18.86282730102539
5600,layers.layer_6.weight,0.17414963245391846,0.1758638471364975,5.105378150939941
5700,layers.layer_0.weight,0.17444255948066711,0.17564202845096588,2.851449728012085
5700,layers.layer_1.weight,0.17444255948066711,0.17564202845096588,12.945878982543945
5700,layers.layer_2.weight,0.17444255948066711,0.17564202845096588,13.45070743560791
5700,layers.layer_3.weight,0.17444255948066711,0.17564202845096588,14.439242362976074
5700,layers.layer_4.weight,0.17444255948066711,0.17564202845096588,16.677778244018555
5700,layers.layer_5.weight,0.17444255948066711,0.17564202845096588,18.86751937866211
5700,layers.layer_6.weight,0.17444255948066711,0.17564202845096588,5.107631206512451
5800,layers.layer_0.weight,0.17430010437965393,0.17508681118488312,2.855461835861206
5800,layers.layer_1.weight,0.17430010437965393,0.17508681118488312,12.953095436096191
5800,layers.layer_2.weight,0.17430010437965393,0.17508681118488312,13.45571231842041
5800,layers.layer_3.weight,0.17430010437965393,0.17508681118488312,14.439400672912598
5800,layers.layer_4.weight,0.17430010437965393,0.17508681118488312,16.677406311035156
5800,layers.layer_5.weight,0.17430010437965393,0.17508681118488312,18.868959426879883
5800,layers.layer_6.weight,0.17430010437965393,0.17508681118488312,5.105567932128906
5900,layers.layer_0.weight,0.1735432744026184,0.17423805594444275,2.8586888313293457
5900,layers.layer_1.weight,0.1735432744026184,0.17423805594444275,12.959380149841309
5900,layers.layer_2.weight,0.1735432744026184,0.17423805594444275,13.460179328918457
5900,layers.layer_3.weight,0.1735432744026184,0.17423805594444275,14.440288543701172
5900,layers.layer_4.weight,0.1735432744026184,0.17423805594444275,16.67802619934082
5900,layers.layer_5.weight,0.1735432744026184,0.17423805594444275,18.87095069885254
5900,layers.layer_6.weight,0.1735432744026184,0.17423805594444275,5.102627754211426
6000,layers.layer_0.weight,0.17251116037368774,0.17335905134677887,2.861309051513672
6000,layers.layer_1.weight,0.17251116037368774,0.17335905134677887,12.964961051940918
6000,layers.layer_2.weight,0.17251116037368774,0.17335905134677887,13.464041709899902
6000,layers.layer_3.weight,0.17251116037368774,0.17335905134677887,14.441153526306152
6000,layers.layer_4.weight,0.17251116037368774,0.17335905134677887,16.679323196411133
6000,layers.layer_5.weight,0.17251116037368774,0.17335905134677887,18.87200927734375
6000,layers.layer_6.weight,0.17251116037368774,0.17335905134677887,5.097320079803467
6100,layers.layer_0.weight,0.1715371310710907,0.17274698615074158,2.8644490242004395
6100,layers.layer_1.weight,0.1715371310710907,0.17274698615074158,12.971245765686035
6100,layers.layer_2.weight,0.1715371310710907,0.17274698615074158,13.46873664855957
6100,layers.layer_3.weight,0.1715371310710907,0.17274698615074158,14.442915916442871
6100,layers.layer_4.weight,0.1715371310710907,0.17274698615074158,16.681184768676758
6100,layers.layer_5.weight,0.1715371310710907,0.17274698615074158,18.872722625732422
6100,layers.layer_6.weight,0.1715371310710907,0.17274698615074158,5.090743064880371
6200,layers.layer_0.weight,0.17062105238437653,0.17233118414878845,2.867011547088623
6200,layers.layer_1.weight,0.17062105238437653,0.17233118414878845,12.977542877197266
6200,layers.layer_2.weight,0.17062105238437653,0.17233118414878845,13.473468780517578
6200,layers.layer_3.weight,0.17062105238437653,0.17233118414878845,14.44515323638916
6200,layers.layer_4.weight,0.17062105238437653,0.17233118414878845,16.683181762695312
6200,layers.layer_5.weight,0.17062105238437653,0.17233118414878845,18.873456954956055
6200,layers.layer_6.weight,0.17062105238437653,0.17233118414878845,5.082830905914307
6300,layers.layer_0.weight,0.1699407696723938,0.17220935225486755,2.869418144226074
6300,layers.layer_1.weight,0.1699407696723938,0.17220935225486755,12.982929229736328
6300,layers.layer_2.weight,0.1699407696723938,0.17220935225486755,13.477476119995117
6300,layers.layer_3.weight,0.1699407696723938,0.17220935225486755,14.447171211242676
6300,layers.layer_4.weight,0.1699407696723938,0.17220935225486755,16.685333251953125
6300,layers.layer_5.weight,0.1699407696723938,0.17220935225486755,18.87540054321289
6300,layers.layer_6.weight,0.1699407696723938,0.17220935225486755,5.077803611755371
6400,layers.layer_0.weight,0.1693941056728363,0.17234927415847778,2.8705546855926514
6400,layers.layer_1.weight,0.1693941056728363,0.17234927415847778,12.98592758178711
6400,layers.layer_2.weight,0.1693941056728363,0.17234927415847778,13.479122161865234
6400,layers.layer_3.weight,0.1693941056728363,0.17234927415847778,14.447940826416016
6400,layers.layer_4.weight,0.1693941056728363,0.17234927415847778,16.688003540039062
6400,layers.layer_5.weight,0.1693941056728363,0.17234927415847778,18.880197525024414
6400,layers.layer_6.weight,0.1693941056728363,0.17234927415847778,5.077672958374023
6500,layers.layer_0.weight,0.16885614395141602,0.172282412648201,2.872396469116211
6500,layers.layer_1.weight,0.16885614395141602,0.172282412648201,12.991619110107422
6500,layers.layer_2.weight,0.16885614395141602,0.172282412648201,13.483648300170898
6500,layers.layer_3.weight,0.16885614395141602,0.172282412648201,14.4511137008667
6500,layers.layer_4.weight,0.16885614395141602,0.172282412648201,16.691144943237305
6500,layers.layer_5.weight,0.16885614395141602,0.172282412648201,18.883319854736328
6500,layers.layer_6.weight,0.16885614395141602,0.172282412648201,5.075064182281494
6600,layers.layer_0.weight,0.16874858736991882,0.17276018857955933,2.874516010284424
6600,layers.layer_1.weight,0.16874858736991882,0.17276018857955933,12.996689796447754
6600,layers.layer_2.weight,0.16874858736991882,0.17276018857955933,13.487359046936035
6600,layers.layer_3.weight,0.16874858736991882,0.17276018857955933,14.45273494720459
6600,layers.layer_4.weight,0.16874858736991882,0.17276018857955933,16.69184684753418
6600,layers.layer_5.weight,0.16874858736991882,0.17276018857955933,18.884307861328125
6600,layers.layer_6.weight,0.16874858736991882,0.17276018857955933,5.067790508270264
6700,layers.layer_0.weight,0.16842509806156158,0.1728881150484085,2.8745615482330322
6700,layers.layer_1.weight,0.16842509806156158,0.1728881150484085,12.998451232910156
6700,layers.layer_2.weight,0.16842509806156158,0.1728881150484085,13.487974166870117
6700,layers.layer_3.weight,0.16842509806156158,0.1728881150484085,14.453542709350586
6700,layers.layer_4.weight,0.16842509806156158,0.1728881150484085,16.694990158081055
6700,layers.layer_5.weight,0.16842509806156158,0.1728881150484085,18.891254425048828
6700,layers.layer_6.weight,0.16842509806156158,0.1728881150484085,5.073444843292236
6800,layers.layer_0.weight,0.16858144104480743,0.17359772324562073,2.8767831325531006
6800,layers.layer_1.weight,0.16858144104480743,0.17359772324562073,13.00494384765625
6800,layers.layer_2.weight,0.16858144104480743,0.17359772324562073,13.493328094482422
6800,layers.layer_3.weight,0.16858144104480743,0.17359772324562073,14.456864356994629
6800,layers.layer_4.weight,0.16858144104480743,0.17359772324562073,16.697019577026367
6800,layers.layer_5.weight,0.16858144104480743,0.17359772324562073,18.892955780029297
6800,layers.layer_6.weight,0.16858144104480743,0.17359772324562073,5.064986228942871
6900,layers.layer_0.weight,0.16612252593040466,0.17080552875995636,2.8766417503356934
6900,layers.layer_1.weight,0.16612252593040466,0.17080552875995636,13.004676818847656
6900,layers.layer_2.weight,0.16612252593040466,0.17080552875995636,13.491909980773926
6900,layers.layer_3.weight,0.16612252593040466,0.17080552875995636,14.455836296081543
6900,layers.layer_4.weight,0.16612252593040466,0.17080552875995636,16.6992244720459
6900,layers.layer_5.weight,0.16612252593040466,0.17080552875995636,18.900806427001953
6900,layers.layer_6.weight,0.16612252593040466,0.17080552875995636,5.074887275695801
7000,layers.layer_0.weight,0.16405567526817322,0.16832272708415985,2.8763785362243652
7000,layers.layer_1.weight,0.16405567526817322,0.16832272708415985,13.004201889038086
7000,layers.layer_2.weight,0.16405567526817322,0.16832272708415985,13.490303039550781
7000,layers.layer_3.weight,0.16405567526817322,0.16832272708415985,14.454179763793945
7000,layers.layer_4.weight,0.16405567526817322,0.16832272708415985,16.70063018798828
7000,layers.layer_5.weight,0.16405567526817322,0.16832272708415985,18.907268524169922
7000,layers.layer_6.weight,0.16405567526817322,0.16832272708415985,5.0829949378967285
7100,layers.layer_0.weight,0.16285160183906555,0.1667409986257553,2.8761160373687744
7100,layers.layer_1.weight,0.16285160183906555,0.1667409986257553,13.003731727600098
7100,layers.layer_2.weight,0.16285160183906555,0.1667409986257553,13.48875617980957
7100,layers.layer_3.weight,0.16285160183906555,0.1667409986257553,14.452337265014648
7100,layers.layer_4.weight,0.16285160183906555,0.1667409986257553,16.701833724975586
7100,layers.layer_5.weight,0.16285160183906555,0.1667409986257553,18.91352653503418
7100,layers.layer_6.weight,0.16285160183906555,0.1667409986257553,5.0907745361328125
7200,layers.layer_0.weight,0.16247059404850006,0.16602732241153717,2.875852108001709
7200,layers.layer_1.weight,0.16247059404850006,0.16602732241153717,13.00325870513916
7200,layers.layer_2.weight,0.16247059404850006,0.16602732241153717,13.487242698669434
7200,layers.layer_3.weight,0.16247059404850006,0.16602732241153717,14.45036792755127
7200,layers.layer_4.weight,0.16247059404850006,0.16602732241153717,16.702939987182617
7200,layers.layer_5.weight,0.16247059404850006,0.16602732241153717,18.91987419128418
7200,layers.layer_6.weight,0.16247059404850006,0.16602732241153717,5.098626613616943
7300,layers.layer_0.weight,0.16273459792137146,0.165977343916893,2.878242254257202
7300,layers.layer_1.weight,0.16273459792137146,0.165977343916893,13.009943008422852
7300,layers.layer_2.weight,0.16273459792137146,0.165977343916893,13.491291999816895
7300,layers.layer_3.weight,0.16273459792137146,0.165977343916893,14.450855255126953
7300,layers.layer_4.weight,0.16273459792137146,0.165977343916893,16.70232391357422
7300,layers.layer_5.weight,0.16273459792137146,0.165977343916893,18.91976547241211
7300,layers.layer_6.weight,0.16273459792137146,0.165977343916893,5.0934672355651855
7400,layers.layer_0.weight,0.16332511603832245,0.16647455096244812,2.88097882270813
7400,layers.layer_1.weight,0.16332511603832245,0.16647455096244812,13.018665313720703
7400,layers.layer_2.weight,0.16332511603832245,0.16647455096244812,13.49704360961914
7400,layers.layer_3.weight,0.16332511603832245,0.16647455096244812,14.452620506286621
7400,layers.layer_4.weight,0.16332511603832245,0.16647455096244812,16.70265769958496
7400,layers.layer_5.weight,0.16332511603832245,0.16647455096244812,18.9202823638916
7400,layers.layer_6.weight,0.16332511603832245,0.16647455096244812,5.087441444396973
7500,layers.layer_0.weight,0.16362319886684418,0.16686710715293884,2.884887218475342
7500,layers.layer_1.weight,0.16362319886684418,0.16686710715293884,13.03062915802002
7500,layers.layer_2.weight,0.16362319886684418,0.16686710715293884,13.505163192749023
7500,layers.layer_3.weight,0.16362319886684418,0.16686710715293884,14.456026077270508
7500,layers.layer_4.weight,0.16362319886684418,0.16686710715293884,16.703388214111328
7500,layers.layer_5.weight,0.16362319886684418,0.16686710715293884,18.92035484313965
7500,layers.layer_6.weight,0.16362319886684418,0.16686710715293884,5.073795795440674
7600,layers.layer_0.weight,0.16349513828754425,0.16694581508636475,2.8882346153259277
7600,layers.layer_1.weight,0.16349513828754425,0.16694581508636475,13.042091369628906
7600,layers.layer_2.weight,0.16349513828754425,0.16694581508636475,13.513481140136719
7600,layers.layer_3.weight,0.16349513828754425,0.16694581508636475,14.460653305053711
7600,layers.layer_4.weight,0.16349513828754425,0.16694581508636475,16.70567512512207
7600,layers.layer_5.weight,0.16349513828754425,0.16694581508636475,18.923250198364258
7600,layers.layer_6.weight,0.16349513828754425,0.16694581508636475,5.06591272354126
7700,layers.layer_0.weight,0.16349123418331146,0.16720284521579742,2.8910841941833496
7700,layers.layer_1.weight,0.16349123418331146,0.16720284521579742,13.05253791809082
7700,layers.layer_2.weight,0.16349123418331146,0.16720284521579742,13.520791053771973
7700,layers.layer_3.weight,0.16349123418331146,0.16720284521579742,14.464898109436035
7700,layers.layer_4.weight,0.16349123418331146,0.16720284521579742,16.708515167236328
7700,layers.layer_5.weight,0.16349123418331146,0.16720284521579742,18.926944732666016
7700,layers.layer_6.weight,0.16349123418331146,0.16720284521579742,5.057563304901123
7800,layers.layer_0.weight,0.163540780544281,0.16749781370162964,2.892683267593384
7800,layers.layer_1.weight,0.163540780544281,0.16749781370162964,13.058745384216309
7800,layers.layer_2.weight,0.163540780544281,0.16749781370162964,13.524758338928223
7800,layers.layer_3.weight,0.163540780544281,0.16749781370162964,14.46733570098877
7800,layers.layer_4.weight,0.163540780544281,0.16749781370162964,16.711345672607422
7800,layers.layer_5.weight,0.163540780544281,0.16749781370162964,18.932857513427734
7800,layers.layer_6.weight,0.163540780544281,0.16749781370162964,5.0577874183654785
7900,layers.layer_0.weight,0.1634942889213562,0.16750991344451904,2.8949506282806396
7900,layers.layer_1.weight,0.1634942889213562,0.16750991344451904,13.067999839782715
7900,layers.layer_2.weight,0.1634942889213562,0.16750991344451904,13.531305313110352
7900,layers.layer_3.weight,0.1634942889213562,0.16750991344451904,14.471796035766602
7900,layers.layer_4.weight,0.1634942889213562,0.16750991344451904,16.716644287109375
7900,layers.layer_5.weight,0.1634942889213562,0.16750991344451904,18.93756675720215
7900,layers.layer_6.weight,0.1634942889213562,0.16750991344451904,5.051713943481445
8000,layers.layer_0.weight,0.16146047413349152,0.1652233749628067,2.894653558731079
8000,layers.layer_1.weight,0.16146047413349152,0.1652233749628067,13.067370414733887
8000,layers.layer_2.weight,0.16146047413349152,0.1652233749628067,13.529942512512207
8000,layers.layer_3.weight,0.16146047413349152,0.1652233749628067,14.47034740447998
8000,layers.layer_4.weight,0.16146047413349152,0.1652233749628067,16.71881103515625
8000,layers.layer_5.weight,0.16146047413349152,0.1652233749628067,18.9426212310791
8000,layers.layer_6.weight,0.16146047413349152,0.1652233749628067,5.059785842895508
8100,layers.layer_0.weight,0.16039052605628967,0.1638939529657364,2.8943746089935303
8100,layers.layer_1.weight,0.16039052605628967,0.1638939529657364,13.066758155822754
8100,layers.layer_2.weight,0.16039052605628967,0.1638939529657364,13.528562545776367
8100,layers.layer_3.weight,0.16039052605628967,0.1638939529657364,14.468633651733398
8100,layers.layer_4.weight,0.16039052605628967,0.1638939529657364,16.72022247314453
8100,layers.layer_5.weight,0.16039052605628967,0.1638939529657364,18.947477340698242
8100,layers.layer_6.weight,0.16039052605628967,0.1638939529657364,5.0668110847473145
8200,layers.layer_0.weight,0.1606423556804657,0.16391333937644958,2.8941001892089844
8200,layers.layer_1.weight,0.1606423556804657,0.16391333937644958,13.066160202026367
8200,layers.layer_2.weight,0.1606423556804657,0.16391333937644958,13.527185440063477
8200,layers.layer_3.weight,0.1606423556804657,0.16391333937644958,14.466772079467773
8200,layers.layer_4.weight,0.1606423556804657,0.16391333937644958,16.72130012512207
8200,layers.layer_5.weight,0.1606423556804657,0.16391333937644958,18.952489852905273
8200,layers.layer_6.weight,0.1606423556804657,0.16391333937644958,5.073800563812256
8300,layers.layer_0.weight,0.16210134327411652,0.16517122089862823,2.8938233852386475
8300,layers.layer_1.weight,0.16210134327411652,0.16517122089862823,13.065566062927246
8300,layers.layer_2.weight,0.16210134327411652,0.16517122089862823,13.525797843933105
8300,layers.layer_3.weight,0.16210134327411652,0.16517122089862823,14.464775085449219
8300,layers.layer_4.weight,0.16210134327411652,0.16517122089862823,16.722139358520508
8300,layers.layer_5.weight,0.16210134327411652,0.16517122089862823,18.95785903930664
8300,layers.layer_6.weight,0.16210134327411652,0.16517122089862823,5.0811285972595215
8400,layers.layer_0.weight,0.16696305572986603,0.16947591304779053,2.9021637439727783
8400,layers.layer_1.weight,0.16696305572986603,0.16947591304779053,13.08552074432373
8400,layers.layer_2.weight,0.16696305572986603,0.16947591304779053,13.541871070861816
8400,layers.layer_3.weight,0.16696305572986603,0.16947591304779053,14.475457191467285
8400,layers.layer_4.weight,0.16696305572986603,0.16947591304779053,16.721044540405273
8400,layers.layer_5.weight,0.16696305572986603,0.16947591304779053,18.95075035095215
8400,layers.layer_6.weight,0.16696305572986603,0.16947591304779053,5.045344829559326
8500,layers.layer_0.weight,0.1675310879945755,0.16988791525363922,2.9018301963806152
8500,layers.layer_1.weight,0.1675310879945755,0.16988791525363922,13.085088729858398
8500,layers.layer_2.weight,0.1675310879945755,0.16988791525363922,13.540722846984863
8500,layers.layer_3.weight,0.1675310879945755,0.16988791525363922,14.474588394165039
8500,layers.layer_4.weight,0.1675310879945755,0.16988791525363922,16.725542068481445
8500,layers.layer_5.weight,0.1675310879945755,0.16988791525363922,18.957918167114258
8500,layers.layer_6.weight,0.1675310879945755,0.16988791525363922,5.055876731872559
8600,layers.layer_0.weight,0.17128898203372955,0.17313657701015472,2.9062507152557373
8600,layers.layer_1.weight,0.17128898203372955,0.17313657701015472,13.094545364379883
8600,layers.layer_2.weight,0.17128898203372955,0.17313657701015472,13.549381256103516
8600,layers.layer_3.weight,0.17128898203372955,0.17313657701015472,14.478436470031738
8600,layers.layer_4.weight,0.17128898203372955,0.17313657701015472,16.72441291809082
8600,layers.layer_5.weight,0.17128898203372955,0.17313657701015472,18.957759857177734
8600,layers.layer_6.weight,0.17128898203372955,0.17313657701015472,5.046360492706299
8700,layers.layer_0.weight,0.17418426275253296,0.1751933991909027,2.9138922691345215
8700,layers.layer_1.weight,0.17418426275253296,0.1751933991909027,13.10831069946289
8700,layers.layer_2.weight,0.17418426275253296,0.1751933991909027,13.56442642211914
8700,layers.layer_3.weight,0.17418426275253296,0.1751933991909027,14.488551139831543
8700,layers.layer_4.weight,0.17418426275253296,0.1751933991909027,16.7265625
8700,layers.layer_5.weight,0.17418426275253296,0.1751933991909027,18.959787368774414
8700,layers.layer_6.weight,0.17418426275253296,0.1751933991909027,5.035152435302734
8800,layers.layer_0.weight,0.1743946671485901,0.17499136924743652,2.9189212322235107
8800,layers.layer_1.weight,0.1743946671485901,0.17499136924743652,13.118162155151367
8800,layers.layer_2.weight,0.1743946671485901,0.17499136924743652,13.575850486755371
8800,layers.layer_3.weight,0.1743946671485901,0.17499136924743652,14.497312545776367
8800,layers.layer_4.weight,0.1743946671485901,0.17499136924743652,16.73093605041504
8800,layers.layer_5.weight,0.1743946671485901,0.17499136924743652,18.964599609375
8800,layers.layer_6.weight,0.1743946671485901,0.17499136924743652,5.028783321380615
8900,layers.layer_0.weight,0.17440441250801086,0.17492303252220154,2.9235031604766846
8900,layers.layer_1.weight,0.17440441250801086,0.17492303252220154,13.126989364624023
8900,layers.layer_2.weight,0.17440441250801086,0.17492303252220154,13.586125373840332
8900,layers.layer_3.weight,0.17440441250801086,0.17492303252220154,14.50466537475586
8900,layers.layer_4.weight,0.17440441250801086,0.17492303252220154,16.736011505126953
8900,layers.layer_5.weight,0.17440441250801086,0.17492303252220154,18.97049331665039
8900,layers.layer_6.weight,0.17440441250801086,0.17492303252220154,5.021832466125488
9000,layers.layer_0.weight,0.17384269833564758,0.17455823719501495,2.9263193607330322
9000,layers.layer_1.weight,0.17384269833564758,0.17455823719501495,13.133271217346191
9000,layers.layer_2.weight,0.17384269833564758,0.17455823719501495,13.593092918395996
9000,layers.layer_3.weight,0.17384269833564758,0.17455823719501495,14.509969711303711
9000,layers.layer_4.weight,0.17384269833564758,0.17455823719501495,16.741334915161133
9000,layers.layer_5.weight,0.17384269833564758,0.17455823719501495,18.976741790771484
9000,layers.layer_6.weight,0.17384269833564758,0.17455823719501495,5.016534328460693
9100,layers.layer_0.weight,0.17171047627925873,0.17261113226413727,2.929030179977417
9100,layers.layer_1.weight,0.17171047627925873,0.17261113226413727,13.139317512512207
9100,layers.layer_2.weight,0.17171047627925873,0.17261113226413727,13.600146293640137
9100,layers.layer_3.weight,0.17171047627925873,0.17261113226413727,14.51624870300293
9100,layers.layer_4.weight,0.17171047627925873,0.17261113226413727,16.748363494873047
9100,layers.layer_5.weight,0.17171047627925873,0.17261113226413727,18.984590530395508
9100,layers.layer_6.weight,0.17171047627925873,0.17261113226413727,5.020060062408447
9200,layers.layer_0.weight,0.17011183500289917,0.1710115671157837,2.928626775741577
9200,layers.layer_1.weight,0.17011183500289917,0.1710115671157837,13.138749122619629
9200,layers.layer_2.weight,0.17011183500289917,0.1710115671157837,13.59852409362793
9200,layers.layer_3.weight,0.17011183500289917,0.1710115671157837,14.51447868347168
9200,layers.layer_4.weight,0.17011183500289917,0.1710115671157837,16.750967025756836
9200,layers.layer_5.weight,0.17011183500289917,0.1710115671157837,18.991304397583008
9200,layers.layer_6.weight,0.17011183500289917,0.1710115671157837,5.0267558097839355
9300,layers.layer_0.weight,0.17034883797168732,0.17125003039836884,2.9282712936401367
9300,layers.layer_1.weight,0.17034883797168732,0.17125003039836884,13.138195991516113
9300,layers.layer_2.weight,0.17034883797168732,0.17125003039836884,13.597009658813477
9300,layers.layer_3.weight,0.17034883797168732,0.17125003039836884,14.512300491333008
9300,layers.layer_4.weight,0.17034883797168732,0.17125003039836884,16.752685546875
9300,layers.layer_5.weight,0.17034883797168732,0.17125003039836884,18.997465133666992
9300,layers.layer_6.weight,0.17034883797168732,0.17125003039836884,5.033187389373779
9400,layers.layer_0.weight,0.1718951016664505,0.17280912399291992,2.9278228282928467
9400,layers.layer_1.weight,0.1718951016664505,0.17280912399291992,13.137589454650879
9400,layers.layer_2.weight,0.1718951016664505,0.17280912399291992,13.595483779907227
9400,layers.layer_3.weight,0.1718951016664505,0.17280912399291992,14.509811401367188
9400,layers.layer_4.weight,0.1718951016664505,0.17280912399291992,16.754047393798828
9400,layers.layer_5.weight,0.1718951016664505,0.17280912399291992,19.003860473632812
9400,layers.layer_6.weight,0.1718951016664505,0.17280912399291992,5.03986930847168
9500,layers.layer_0.weight,0.17239457368850708,0.17334561049938202,2.932048797607422
9500,layers.layer_1.weight,0.17239457368850708,0.17334561049938202,13.145898818969727
9500,layers.layer_2.weight,0.17239457368850708,0.17334561049938202,13.601187705993652
9500,layers.layer_3.weight,0.17239457368850708,0.17334561049938202,14.513724327087402
9500,layers.layer_4.weight,0.17239457368850708,0.17334561049938202,16.754417419433594
9500,layers.layer_5.weight,0.17239457368850708,0.17334561049938202,19.00494956970215
9500,layers.layer_6.weight,0.17239457368850708,0.17334561049938202,5.035633563995361
9600,layers.layer_0.weight,0.17416013777256012,0.17519989609718323,2.9355130195617676
9600,layers.layer_1.weight,0.17416013777256012,0.17519989609718323,13.15331745147705
9600,layers.layer_2.weight,0.17416013777256012,0.17519989609718323,13.605952262878418
9600,layers.layer_3.weight,0.17416013777256012,0.17519989609718323,14.516753196716309
9600,layers.layer_4.weight,0.17416013777256012,0.17519989609718323,16.7556209564209
9600,layers.layer_5.weight,0.17416013777256012,0.17519989609718323,19.008007049560547
9600,layers.layer_6.weight,0.17416013777256012,0.17519989609718323,5.033558368682861
9700,layers.layer_0.weight,0.17455816268920898,0.17581051588058472,2.938396453857422
9700,layers.layer_1.weight,0.17455816268920898,0.17581051588058472,13.160475730895996
9700,layers.layer_2.weight,0.17455816268920898,0.17581051588058472,13.610783576965332
9700,layers.layer_3.weight,0.17455816268920898,0.17581051588058472,14.520326614379883
9700,layers.layer_4.weight,0.17455816268920898,0.17581051588058472,16.757205963134766
9700,layers.layer_5.weight,0.17455816268920898,0.17581051588058472,19.012096405029297
9700,layers.layer_6.weight,0.17455816268920898,0.17581051588058472,5.0310750007629395
