0.0000000000   0.8872699010 0.1544498056
100.0000000000 0.8872699010 0.1544498056
200.0000000000 0.7798304080 0.0875789151
300.0000000000 0.8338836872 0.0396098010
400.0000000000 0.7314780924 0.0512224659
500.0000000000 0.7543814097 0.0454503819
600.0000000000 0.7335755858 0.0462387055
700.0000000000 0.8024987342 0.0350347199
800.0000000000 0.8234128959 0.0343834534
900.0000000000 0.8094924810 0.0352199413
1000.0000000000 0.8619727580 0.0312861465
1100.0000000000 0.8563936548 0.0319280922
1200.0000000000 0.8283254862 0.0296857376
1300.0000000000 0.8187325466 0.0296486765
1400.0000000000 0.7871955643 0.0301806703
1500.0000000000 0.8261579976 0.0247648060
1600.0000000000 0.8492852448 0.0170894619
1700.0000000000 0.8578418736 0.0116153592
1800.0000000000 0.8345499021 0.0400521643
1900.0000000000 0.8470486842 0.0119543178
2000.0000000000 0.8576652037 0.0099784816
2100.0000000000 0.8282300360 0.0488232411
2200.0000000000 0.8510555947 0.0109408498
2300.0000000000 0.8611295109 0.0091483844
2400.0000000000 0.8644382298 0.0082974061
2500.0000000000 0.8576859035 0.0077003515
2600.0000000000 0.8503552386 0.0084058866
2700.0000000000 0.8441911729 0.0056534992
2800.0000000000 0.8382606767 0.0048944140
2900.0000000000 0.8342706687 0.0058185207
3000.0000000000 0.8353756557 0.0043109939
3100.0000000000 0.8379275133 0.0049316594
3200.0000000000 0.8369138375 0.0036438131
3300.0000000000 0.8386031486 0.0033082892
3400.0000000000 0.8427005005 0.0049405186
3500.0000000000 0.8351476116 0.0061202352
3600.0000000000 0.8418468391 0.0034043563
3700.0000000000 0.8409080564 0.0029818884
3800.0000000000 0.8412833760 0.0036325739
3900.0000000000 0.8414809470 0.0028111753
4000.0000000000 0.8449912818 0.0035349976
4100.0000000000 0.8452026597 0.0029954468
4200.0000000000 0.8463529349 0.0029844986
4300.0000000000 0.8464154594 0.0030987933
4400.0000000000 0.8484458296 0.0030399796
4500.0000000000 0.8475673674 0.0030334522
4600.0000000000 0.8516188433 0.0041887248
4700.0000000000 0.8434872180 0.0025334780
4800.0000000000 0.8434725755 0.0022638624
4900.0000000000 0.8450025863 0.0030172367
5000.0000000000 0.8426890212 0.0025102796
5100.0000000000 0.8401154479 0.0022580212
5200.0000000000 0.8373970146 0.0021939857
5300.0000000000 0.8347184485 0.0022100445
5400.0000000000 0.8283528540 0.0022378119
5500.0000000000 0.8271405813 0.0021009683
5600.0000000000 0.8285953722 0.0019605339
5700.0000000000 0.8279997683 0.0019021678
5800.0000000000 0.8234910274 0.0019717994
5900.0000000000 0.8225651990 0.0018105897
6000.0000000000 0.8265402982 0.0019594249
6100.0000000000 0.8299066569 0.0039082505
6200.0000000000 0.8248436439 0.0018023467
6300.0000000000 0.8276816405 0.0024115921
6400.0000000000 0.8207782882 0.0017856545
6500.0000000000 0.8256737889 0.0020194806
6600.0000000000 0.8220077543 0.0017184481
6700.0000000000 0.8213414056 0.0017258124
6800.0000000000 0.8199594640 0.0020287691
6900.0000000000 0.8203725799 0.0015858030
7000.0000000000 0.8180742518 0.0019593497
7100.0000000000 0.8214698548 0.0016387512
7200.0000000000 0.8182602112 0.0019278668
7300.0000000000 0.8214787308 0.0021177407
7400.0000000000 0.8147112334 0.0034192624
7500.0000000000 0.8185985068 0.0016879555
7600.0000000000 0.8171281915 0.0018716595
7700.0000000000 0.8165160093 0.0017084921
7800.0000000000 0.8139412458 0.0015612603
7900.0000000000 0.8145411040 0.0020133716
8000.0000000000 0.8094839585 0.0017389377
8100.0000000000 0.8119938182 0.0018021481
8200.0000000000 0.8129981914 0.0016828125
8300.0000000000 0.8122103434 0.0014871218
8400.0000000000 0.8083682464 0.0017844643
8500.0000000000 0.8050096824 0.0033386098
8600.0000000000 0.8040906335 0.0022493401
8700.0000000000 0.8087431742 0.0020634767
8800.0000000000 0.7997802794 0.0017956775
8900.0000000000 0.8020366590 0.0015003703
9000.0000000000 0.8019596027 0.0014326262
9100.0000000000 0.8008466340 0.0016869467
9200.0000000000 0.8029491201 0.0025654559
9300.0000000000 0.8001648536 0.0017854342
9400.0000000000 0.7969187277 0.0013555547
9500.0000000000 0.7934963161 0.0014887581
9600.0000000000 0.7936385996 0.0014836544
9700.0000000000 0.7959042619 0.0023668932
9800.0000000000 0.7863710309 0.0016859091
9900.0000000000 0.7925521733 0.0017536925
10000.0000000000 0.7898106085 0.0015201065
10100.0000000000 0.7836852667 0.0019899369
10200.0000000000 0.7848961664 0.0012726675
10300.0000000000 0.7816504923 0.0014669272
10400.0000000000 0.7855378718 0.0017942514
10500.0000000000 0.7760841713 0.0013116406
10600.0000000000 0.7775496970 0.0012981433
10700.0000000000 0.7737237280 0.0013207399
10800.0000000000 0.7763948388 0.0014194135
10900.0000000000 0.7697798226 0.0017289112
11000.0000000000 0.7745824337 0.0019513442
11100.0000000000 0.7691220943 0.0013976647
11200.0000000000 0.7685422882 0.0016381027
11300.0000000000 0.7749374367 0.0017061679
11400.0000000000 0.7664151826 0.0015938347
11500.0000000000 0.7690715247 0.0013950310
11600.0000000000 0.7631013983 0.0012299025
11700.0000000000 0.7601801503 0.0012418594
11800.0000000000 0.7523723164 0.0015639716
11900.0000000000 0.7560221947 0.0017808167
12000.0000000000 0.7519083844 0.0014224154
12100.0000000000 0.7582595932 0.0014559601
12200.0000000000 0.7526619526 0.0011124285
12300.0000000000 0.7594326647 0.0009383031
12400.0000000000 0.7554127145 0.0010693870
12500.0000000000 0.7577935848 0.0009382725
12600.0000000000 0.7550541628 0.0011129623
12700.0000000000 0.7531777188 0.0009456152
12800.0000000000 0.7533221434 0.0007732063
12900.0000000000 0.7554993987 0.0008458442
13000.0000000000 0.7525733897 0.0006193484
13100.0000000000 0.7610211792 0.0007046576
13200.0000000000 0.7527645090 0.0015853066
13300.0000000000 0.7574978965 0.0009725901
13400.0000000000 0.7471051929 0.0010254054
13500.0000000000 0.7589625843 0.0011178184
13600.0000000000 0.7491427691 0.0006642598
13700.0000000000 0.7437947996 0.0008516925
13800.0000000000 0.7538589476 0.0006289569
13900.0000000000 0.7510443944 0.0006364214
14000.0000000000 0.7559402922 0.0010070517
14100.0000000000 0.7442243201 0.0006134392
14200.0000000000 0.7420122122 0.0008722521
14300.0000000000 0.7466257369 0.0010077985
14400.0000000000 0.7420023272 0.0004637768
14500.0000000000 0.7391993051 0.0004917042
14600.0000000000 0.7366112364 0.0005686040
14700.0000000000 0.7408771326 0.0007019102
14800.0000000000 0.7482665801 0.0016379395
14900.0000000000 0.7404847557 0.0005308781
15000.0000000000 0.7320546795 0.0005135507
15100.0000000000 0.7335178560 0.0005748504
15200.0000000000 0.7343655273 0.0006936155
15300.0000000000 0.7311235391 0.0005394492
15400.0000000000 0.7343540569 0.0003858909
15500.0000000000 0.7284234511 0.0007434458
15600.0000000000 0.7284987225 0.0004824688
15700.0000000000 0.7303758803 0.0003963152
15800.0000000000 0.7306254179 0.0006912925
15900.0000000000 0.7286762144 0.0003204156
16000.0000000000 0.7250804925 0.0003839872
16100.0000000000 0.7201852386 0.0004227526
16200.0000000000 0.7218685417 0.0003421243
16300.0000000000 0.7248802868 0.0003184427
16400.0000000000 0.7186587596 0.0003309522
16500.0000000000 0.7203678039 0.0012364003
16600.0000000000 0.7195327974 0.0005904718
16700.0000000000 0.7190857416 0.0005260453
16800.0000000000 0.7226938538 0.0003152134
16900.0000000000 0.7205556771 0.0003380281
17000.0000000000 0.7181994875 0.0002997725
17100.0000000000 0.7176751821 0.0002085191
17200.0000000000 0.7167921820 0.0006205173
17300.0000000000 0.7170418851 0.0002786986
17400.0000000000 0.7153506141 0.0004147490
17500.0000000000 0.7158426374 0.0001824529
17600.0000000000 0.7160912520 0.0003292330
17700.0000000000 0.7159385039 0.0003163284
17800.0000000000 0.7174429236 0.0002710110
17900.0000000000 0.7148028314 0.0002039010
18000.0000000000 0.7167123434 0.0002669972
18100.0000000000 0.7192027735 0.0002524148
18200.0000000000 0.7151160538 0.0002097317
18300.0000000000 0.7157968804 0.0002305696
18400.0000000000 0.7164899495 0.0003613170
18500.0000000000 0.7180547915 0.0002747924
18600.0000000000 0.7157668265 0.0002207260
18700.0000000000 0.7160684249 0.0001437082
18800.0000000000 0.7154162489 0.0002917150
18900.0000000000 0.7115550131 0.0002431764
19000.0000000000 0.7122922712 0.0002527270
19100.0000000000 0.7072132304 0.0005452905
19200.0000000000 0.7086177824 0.0002353722
19300.0000000000 0.7097489506 0.0001689388
19400.0000000000 0.7080634915 0.0005766048
19500.0000000000 0.7074872754 0.0003087512
19600.0000000000 0.7088047523 0.0002897675
19700.0000000000 0.7062860908 0.0002930601
19800.0000000000 0.7087974240 0.0003675983
19900.0000000000 0.7075961613 0.0002906781
20000.0000000000 0.7060267660 0.0002621021
20100.0000000000 0.6973040862 0.0001226102
20200.0000000000 0.6917371058 0.0001513598
20300.0000000000 0.6915734425 0.0004664889
20400.0000000000 0.6869259315 0.0003120428
20500.0000000000 0.6835177224 0.0001762850
20600.0000000000 0.6795881453 0.0001369024
20700.0000000000 0.6808768333 0.0001067560
20800.0000000000 0.6811012949 0.0001369666
20900.0000000000 0.6806658287 0.0002788513
21000.0000000000 0.6731217214 0.0002052826
21100.0000000000 0.6746861962 0.0001006488
21200.0000000000 0.6719185870 0.0000872408
21300.0000000000 0.6716127199 0.0001105753
21400.0000000000 0.6651846631 0.0001642460
21500.0000000000 0.6684402528 0.0000865891
21600.0000000000 0.6660567886 0.0003642687
21700.0000000000 0.6676693732 0.0001510402
21800.0000000000 0.6621584484 0.0000969433
21900.0000000000 0.6572132315 0.0002299190
22000.0000000000 0.6524092214 0.0002146287
22100.0000000000 0.6536972226 0.0001974393
22200.0000000000 0.6534786075 0.0001775137
22300.0000000000 0.6438659339 0.0000989762
22400.0000000000 0.6514772716 0.0001820764
22500.0000000000 0.6360941631 0.0001975587
22600.0000000000 0.6343994411 0.0003019278
22700.0000000000 0.6434868760 0.0001874170
22800.0000000000 0.6415216250 0.0003615199
22900.0000000000 0.6316189344 0.0000551308
23000.0000000000 0.6297033824 0.0000588707
23100.0000000000 0.6256673521 0.0001006537
23200.0000000000 0.6352164927 0.0003491744
23300.0000000000 0.6279556658 0.0001924693
23400.0000000000 0.6322854084 0.0002362489
23500.0000000000 0.6210882576 0.0002191545
23600.0000000000 0.6223628082 0.0000634078
23700.0000000000 0.6221949057 0.0001272529
23800.0000000000 0.6199310025 0.0001983508
23900.0000000000 0.6093861121 0.0005226876
24000.0000000000 0.6099635223 0.0000628459
24100.0000000000 0.6162393440 0.0000602901
24200.0000000000 0.6153732826 0.0002480930
24300.0000000000 0.6155647919 0.0002322085
24400.0000000000 0.6106547327 0.0002193238
24500.0000000000 0.6070472489 0.0001663383
24600.0000000000 0.6146431630 0.0001469390
24700.0000000000 0.6059361258 0.0003696663
24800.0000000000 0.6072760655 0.0000907297
24900.0000000000 0.6033438694 0.0001228471
25000.0000000000 0.5971650574 0.0003076177
25100.0000000000 0.5875678429 0.0000432981
25200.0000000000 0.5868109843 0.0003125704
25300.0000000000 0.5826554041 0.0002107690
25400.0000000000 0.5789182066 0.0000915362
25500.0000000000 0.5778572810 0.0001089142
25600.0000000000 0.5728897548 0.0000719860
25700.0000000000 0.5749720560 0.0004666210
25800.0000000000 0.5784729544 0.0002036331
25900.0000000000 0.5765493023 0.0001231174
26000.0000000000 0.5752675476 0.0000400183
26100.0000000000 0.5718139201 0.0002244207
26200.0000000000 0.5741337805 0.0001358543
26300.0000000000 0.5725825802 0.0001691810
26400.0000000000 0.5741410297 0.0000491454
26500.0000000000 0.5711233909 0.0001992052
26600.0000000000 0.5691807528 0.0001731849
26700.0000000000 0.5671809664 0.0000420026
26800.0000000000 0.5650440275 0.0000894368
26900.0000000000 0.5731421387 0.0001842498
27000.0000000000 0.5693324457 0.0001002524
27100.0000000000 0.5682322020 0.0000487116
27200.0000000000 0.5673371317 0.0000752949
27300.0000000000 0.5635806075 0.0002314304
27400.0000000000 0.5640752415 0.0000795787
27500.0000000000 0.5695731324 0.0001306413
27600.0000000000 0.5649666965 0.0002485656
27700.0000000000 0.5656402941 0.0001265025
27800.0000000000 0.5651227003 0.0000762828
27900.0000000000 0.5657279935 0.0002276560
28000.0000000000 0.5656577838 0.0000653991
28100.0000000000 0.5608529339 0.0000947706
28200.0000000000 0.5613304144 0.0000754291
28300.0000000000 0.5614819762 0.0001898179
28400.0000000000 0.5601615664 0.0001711978
28500.0000000000 0.5585173116 0.0001028785
28600.0000000000 0.5591277997 0.0001052737
28700.0000000000 0.5584849635 0.0000753664
28800.0000000000 0.5605724554 0.0003010104
28900.0000000000 0.5575435670 0.0000323119
29000.0000000000 0.5548383624 0.0001074401
29100.0000000000 0.5550012579 0.0001343358
29200.0000000000 0.5536514200 0.0000740003
29300.0000000000 0.5564251297 0.0000456445
29400.0000000000 0.5512369824 0.0000921348
29500.0000000000 0.5512831712 0.0001924110
29600.0000000000 0.5569409368 0.0000645276
29700.0000000000 0.5537366973 0.0000716753
29800.0000000000 0.5548908595 0.0000879052
29900.0000000000 0.5493236683 0.0000619852
30000.0000000000 0.5516971929 0.0000389858
30100.0000000000 0.5354768938 0.0000353099
30200.0000000000 0.5300571502 0.0001388128
30300.0000000000 0.5305339000 0.0000831489
30400.0000000000 0.5305580620 0.0000360578
30500.0000000000 0.5311207525 0.0001503843
30600.0000000000 0.5305985002 0.0000828412
30700.0000000000 0.5335084163 0.0000956187
30800.0000000000 0.5343909815 0.0000697827
30900.0000000000 0.5341407656 0.0000784430
31000.0000000000 0.5305863274 0.0000798780
31100.0000000000 0.5294279470 0.0000468115
31200.0000000000 0.5323515930 0.0001531774
31300.0000000000 0.5389282160 0.0001238025
31400.0000000000 0.5288016550 0.0002048644
31500.0000000000 0.5296061152 0.0000527405
31600.0000000000 0.5308199371 0.0002225843
31700.0000000000 0.5247887575 0.0000716717
31800.0000000000 0.5287627353 0.0000286068
31900.0000000000 0.5284447621 0.0000283458
32000.0000000000 0.5328693879 0.0000458447
32100.0000000000 0.5283576986 0.0002782648
32200.0000000000 0.5284646262 0.0000781456
32300.0000000000 0.5323820935 0.0000690456
32400.0000000000 0.5339268080 0.0000891582
32500.0000000000 0.5310999867 0.0001599941
32600.0000000000 0.5285076414 0.0000579770
32700.0000000000 0.5270571766 0.0002084876
32800.0000000000 0.5240221528 0.0000555021
32900.0000000000 0.5293492415 0.0000908646
33000.0000000000 0.5294489702 0.0001259692
33100.0000000000 0.5253363123 0.0001194725
33200.0000000000 0.5226976410 0.0000320580
33300.0000000000 0.5208868055 0.0001742943
33400.0000000000 0.5262777655 0.0000545785
33500.0000000000 0.5240967352 0.0000329272
33600.0000000000 0.5259850829 0.0000428685
33700.0000000000 0.5277853897 0.0000752138
33800.0000000000 0.5268012539 0.0000750081
33900.0000000000 0.5178922344 0.0000986372
34000.0000000000 0.5210120110 0.0001232238
34100.0000000000 0.5233131249 0.0001011035
34200.0000000000 0.5261230398 0.0000790594
34300.0000000000 0.5217275250 0.0000565226
34400.0000000000 0.5191685323 0.0000282253
34500.0000000000 0.5248066395 0.0000696622
34600.0000000000 0.5198779348 0.0000528565
34700.0000000000 0.5200927551 0.0000347215
34800.0000000000 0.5207191325 0.0001127997
34900.0000000000 0.5194286954 0.0001013621
35000.0000000000 0.5204645008 0.0000728658
35100.0000000000 0.5098788837 0.0000245206
35200.0000000000 0.5063171714 0.0000319907
35300.0000000000 0.5053721587 0.0001270714
35400.0000000000 0.5036026455 0.0002916505
35500.0000000000 0.5027995402 0.0000391592
35600.0000000000 0.5088270791 0.0001142536
35700.0000000000 0.5020478723 0.0000879877
35800.0000000000 0.5051434250 0.0000322246
35900.0000000000 0.5040124397 0.0000338166
36000.0000000000 0.5025497262 0.0000631346
36100.0000000000 0.5040719837 0.0003083310
36200.0000000000 0.5020190584 0.0000694957
36300.0000000000 0.4992242840 0.0000249147
36400.0000000000 0.5018870562 0.0000397975
36500.0000000000 0.5040515112 0.0000667384
36600.0000000000 0.4986874329 0.0001742723
36700.0000000000 0.5009479102 0.0002431973
36800.0000000000 0.4971581805 0.0001007398
36900.0000000000 0.5015142190 0.0001316675
37000.0000000000 0.5110226130 0.0001383868
37100.0000000000 0.4998506988 0.0001634361
37200.0000000000 0.4979312833 0.0000318406
37300.0000000000 0.4971553399 0.0000245593
37400.0000000000 0.4954195176 0.0000808200
37500.0000000000 0.5080718528 0.0001121281
37600.0000000000 0.5005859529 0.0000260037
37700.0000000000 0.4994857142 0.0000590712
37800.0000000000 0.4955255517 0.0000914967
37900.0000000000 0.4928993643 0.0000722262
38000.0000000000 0.4937610788 0.0001230568
38100.0000000000 0.4903494747 0.0000465524
38200.0000000000 0.5005482169 0.0000635385
38300.0000000000 0.4926232226 0.0000286605
38400.0000000000 0.4928960357 0.0000959659
38500.0000000000 0.4955767167 0.0000883002
38600.0000000000 0.4941064865 0.0000752410
38700.0000000000 0.4935723047 0.0000261970
38800.0000000000 0.4928473211 0.0000704067
38900.0000000000 0.4923003479 0.0000426895
39000.0000000000 0.4927705220 0.0000785543
39100.0000000000 0.4869796970 0.0001372673
39200.0000000000 0.4907159883 0.0000452266
39300.0000000000 0.4855128682 0.0000541689
39400.0000000000 0.4868479246 0.0000895707
39500.0000000000 0.4895360230 0.0000468604
39600.0000000000 0.4885826444 0.0000670310
39700.0000000000 0.4855972898 0.0000731595
39800.0000000000 0.4840474692 0.0000491269
39900.0000000000 0.4885542426 0.0000796576
40000.0000000000 0.4852330427 0.0000403600
40100.0000000000 0.4757968593 0.0000174967
40200.0000000000 0.4732958192 0.0000267927
40300.0000000000 0.4740852084 0.0000487203
40400.0000000000 0.4738388155 0.0000507030
40500.0000000000 0.4752924705 0.0002333860
40600.0000000000 0.4706863211 0.0001587548
40700.0000000000 0.4732939743 0.0001488752
40800.0000000000 0.4709235590 0.0000489157
40900.0000000000 0.4730437193 0.0000377016
41000.0000000000 0.4764755712 0.0001038284
41100.0000000000 0.4706133995 0.0000360952
41200.0000000000 0.4713431816 0.0000209000
41300.0000000000 0.4684791099 0.0000273693
41400.0000000000 0.4715851610 0.0000308847
41500.0000000000 0.4725319633 0.0000409820
41600.0000000000 0.4673412847 0.0000564058
41700.0000000000 0.4682857669 0.0000607220
41800.0000000000 0.4663460684 0.0000805840
41900.0000000000 0.4710813980 0.0000888714
42000.0000000000 0.4655515570 0.0000371004
42100.0000000000 0.4645464362 0.0000952300
42200.0000000000 0.4666119583 0.0000412275
42300.0000000000 0.4664197598 0.0000313785
42400.0000000000 0.4638485918 0.0000715174
42500.0000000000 0.4620846790 0.0000299483
42600.0000000000 0.4639996705 0.0000750774
42700.0000000000 0.4651247119 0.0000416826
42800.0000000000 0.4631338668 0.0000264273
42900.0000000000 0.4633059401 0.0000268043
43000.0000000000 0.4601604850 0.0000347785
43100.0000000000 0.4592868101 0.0000619730
43200.0000000000 0.4614981272 0.0000278993
43300.0000000000 0.4611907334 0.0000315841
43400.0000000000 0.4602705603 0.0001128845
43500.0000000000 0.4581130415 0.0000504611
43600.0000000000 0.4572149565 0.0000685809
43700.0000000000 0.4582265678 0.0000659679
43800.0000000000 0.4585095379 0.0000345447
43900.0000000000 0.4577420000 0.0000604230
44000.0000000000 0.4553411908 0.0001271999
44100.0000000000 0.4594027720 0.0000428979
44200.0000000000 0.4556288525 0.0000664494
44300.0000000000 0.4597121722 0.0000181243
44400.0000000000 0.4537812810 0.0000391931
44500.0000000000 0.4527725944 0.0000506310
44600.0000000000 0.4525922305 0.0000554969
44700.0000000000 0.4536147161 0.0000480338
44800.0000000000 0.4548437478 0.0000961752
44900.0000000000 0.4540034292 0.0000231444
45000.0000000000 0.4546229566 0.0000632965
45100.0000000000 0.4431773219 0.0000200738
45200.0000000000 0.4416975708 0.0000428464
45300.0000000000 0.4421874818 0.0000376747
45400.0000000000 0.4410508035 0.0000229522
45500.0000000000 0.4411075459 0.0000253205
45600.0000000000 0.4400351188 0.0000327351
45700.0000000000 0.4383182369 0.0000658756
45800.0000000000 0.4385407269 0.0000427704
45900.0000000000 0.4371591597 0.0000577680
46000.0000000000 0.4362458563 0.0000593022
46100.0000000000 0.4407804424 0.0000484449
46200.0000000000 0.4400511276 0.0000515752
46300.0000000000 0.4430038014 0.0000703006
46400.0000000000 0.4382127054 0.0000285015
46500.0000000000 0.4361074556 0.0000276319
46600.0000000000 0.4344353973 0.0000467073
46700.0000000000 0.4369084783 0.0000678512
46800.0000000000 0.4360793866 0.0000638473
46900.0000000000 0.4348175646 0.0000613290
47000.0000000000 0.4328197153 0.0001297876
47100.0000000000 0.4324246505 0.0000413661
47200.0000000000 0.4314288182 0.0000301014
47300.0000000000 0.4323209935 0.0000655314
47400.0000000000 0.4308054664 0.0001004742
47500.0000000000 0.4294301638 0.0000666908
47600.0000000000 0.4308148273 0.0000690373
47700.0000000000 0.4283675697 0.0000402732
47800.0000000000 0.4304920099 0.0000456570
47900.0000000000 0.4309289776 0.0000479766
48000.0000000000 0.4277137182 0.0000280048
48100.0000000000 0.4275539001 0.0000425516
48200.0000000000 0.4270249102 0.0000457570
48300.0000000000 0.4302233755 0.0000305666
48400.0000000000 0.4249529467 0.0000369886
48500.0000000000 0.4283416049 0.0000405207
48600.0000000000 0.4264382496 0.0000561516
48700.0000000000 0.4251231160 0.0000344626
48800.0000000000 0.4277266653 0.0000215467
48900.0000000000 0.4244371194 0.0000760495
49000.0000000000 0.4233759687 0.0000435835
49100.0000000000 0.4262042464 0.0000824906
49200.0000000000 0.4244026148 0.0000368011
49300.0000000000 0.4235288882 0.0000239582
49400.0000000000 0.4250150708 0.0000284681
49500.0000000000 0.4242768502 0.0000812564
49600.0000000000 0.4218153500 0.0000816335
49700.0000000000 0.4246997302 0.0000188760
49800.0000000000 0.4242375035 0.0000566795
49900.0000000000 0.4206282557 0.0000422049
50000.0000000000 0.4202989422 0.0000821469
50100.0000000000 0.4151668556 0.0000160325
50200.0000000000 0.4129100795 0.0000179216
50300.0000000000 0.4132102393 0.0000212557
50400.0000000000 0.4102198383 0.0000270776
50500.0000000000 0.4108315612 0.0000799072
50600.0000000000 0.4119337688 0.0000327715
50700.0000000000 0.4117129306 0.0000345620
50800.0000000000 0.4089065755 0.0000667425
50900.0000000000 0.4105212858 0.0000397321
51000.0000000000 0.4086989216 0.0000415636
51100.0000000000 0.4086458592 0.0000297748
51200.0000000000 0.4098169727 0.0000362802
51300.0000000000 0.4063840881 0.0000657459
51400.0000000000 0.4073703486 0.0000354598
51500.0000000000 0.4086643055 0.0000460567
51600.0000000000 0.4089198472 0.0000254297
51700.0000000000 0.4037338148 0.0000548556
51800.0000000000 0.4073959482 0.0000554293
51900.0000000000 0.4040610388 0.0001057648
52000.0000000000 0.4077535699 0.0000468345
52100.0000000000 0.4118214786 0.0000613752
52200.0000000000 0.4047805088 0.0000354569
52300.0000000000 0.4055515533 0.0000795505
52400.0000000000 0.4041072787 0.0000451403
52500.0000000000 0.4065787751 0.0000201000
52600.0000000000 0.4056238022 0.0000180319
52700.0000000000 0.4043988700 0.0000391872
52800.0000000000 0.4037847727 0.0000391441
52900.0000000000 0.4029936877 0.0000322664
53000.0000000000 0.4030531629 0.0000490016
53100.0000000000 0.4005202064 0.0000589324
53200.0000000000 0.3977686195 0.0000572018
53300.0000000000 0.4011276634 0.0000497379
53400.0000000000 0.3997178727 0.0000248058
53500.0000000000 0.3991822369 0.0000219595
53600.0000000000 0.3985559636 0.0000353151
53700.0000000000 0.3959543306 0.0000218574
53800.0000000000 0.3972029265 0.0000211966
53900.0000000000 0.3956578663 0.0000653454
54000.0000000000 0.3974836324 0.0000299676
54100.0000000000 0.3965809205 0.0000332118
54200.0000000000 0.3952614654 0.0000255479
54300.0000000000 0.3974321039 0.0000295387
54400.0000000000 0.3967282131 0.0000795625
54500.0000000000 0.3968385929 0.0000180913
54600.0000000000 0.3979829736 0.0000325247
54700.0000000000 0.3944537118 0.0000266928
54800.0000000000 0.3976415172 0.0000379649
54900.0000000000 0.3962801503 0.0000271560
55000.0000000000 0.3964557970 0.0000681580
55100.0000000000 0.3907927553 0.0000152025
55200.0000000000 0.3869298052 0.0000159822
55300.0000000000 0.3882667494 0.0000431282
55400.0000000000 0.3893287573 0.0000659759
55500.0000000000 0.3853633871 0.0000260381
55600.0000000000 0.3879793585 0.0000246060
55700.0000000000 0.3884568462 0.0000192841
55800.0000000000 0.3869469232 0.0000599306
55900.0000000000 0.3844632265 0.0000259913
56000.0000000000 0.3863788903 0.0000323466
56100.0000000000 0.3856313581 0.0000162742
56200.0000000000 0.3825835608 0.0000526483
56300.0000000000 0.3839216859 0.0000246916
56400.0000000000 0.3837679973 0.0000235620
56500.0000000000 0.3831712064 0.0000350401
56600.0000000000 0.3834967071 0.0000222499
56700.0000000000 0.3826359602 0.0000490054
56800.0000000000 0.3816176319 0.0000244303
56900.0000000000 0.3829311156 0.0000277464
57000.0000000000 0.3820004906 0.0000414662
57100.0000000000 0.3854839196 0.0000215032
57200.0000000000 0.3838245488 0.0000260639
57300.0000000000 0.3827976517 0.0000361807
57400.0000000000 0.3810052282 0.0001134995
57500.0000000000 0.3797768567 0.0000254195
57600.0000000000 0.3777060211 0.0000422253
57700.0000000000 0.3824507789 0.0000402551
57800.0000000000 0.3788879179 0.0000170187
57900.0000000000 0.3778846319 0.0000430835
58000.0000000000 0.3821681295 0.0000417803
58100.0000000000 0.3761052764 0.0000463655
58200.0000000000 0.3786760630 0.0000602350
58300.0000000000 0.3759837382 0.0000414765
58400.0000000000 0.3759867457 0.0000224329
58500.0000000000 0.3743440334 0.0000354765
58600.0000000000 0.3753375348 0.0000180447
58700.0000000000 0.3733183252 0.0000285386
58800.0000000000 0.3729455332 0.0000280024
58900.0000000000 0.3729462206 0.0000411794
59000.0000000000 0.3727271950 0.0000978706
59100.0000000000 0.3721404146 0.0000283889
59200.0000000000 0.3738625680 0.0000179284
59300.0000000000 0.3731259462 0.0000285058
59400.0000000000 0.3734470784 0.0000536315
59500.0000000000 0.3709773363 0.0000202060
59600.0000000000 0.3714135733 0.0000157982
59700.0000000000 0.3737564388 0.0000372985
59800.0000000000 0.3730502350 0.0000484071
59900.0000000000 0.3698907725 0.0000604634
60000.0000000000 0.3700027429 0.0000324466
60100.0000000000 0.3662808447 0.0000153456
60200.0000000000 0.3638217304 0.0000329313
60300.0000000000 0.3629275520 0.0000167555
60400.0000000000 0.3630523761 0.0000352385
60500.0000000000 0.3638754854 0.0000217605
60600.0000000000 0.3626816864 0.0000217471
60700.0000000000 0.3637244653 0.0000239455
60800.0000000000 0.3635654367 0.0000352681
60900.0000000000 0.3626663360 0.0000262155
61000.0000000000 0.3623512711 0.0000449036
61100.0000000000 0.3614248289 0.0000332611
61200.0000000000 0.3599768521 0.0000219154
61300.0000000000 0.3615803841 0.0000304302
61400.0000000000 0.3603568785 0.0000185041
61500.0000000000 0.3589382386 0.0000425509
61600.0000000000 0.3576681456 0.0000277039
61700.0000000000 0.3580832634 0.0000445267
61800.0000000000 0.3592645765 0.0000449137
61900.0000000000 0.3575244486 0.0000280592
62000.0000000000 0.3594702059 0.0000269116
62100.0000000000 0.3587861231 0.0000156246
62200.0000000000 0.3599620003 0.0000322287
62300.0000000000 0.3556782219 0.0001354064
62400.0000000000 0.3556666614 0.0000212908
62500.0000000000 0.3560157683 0.0000221256
62600.0000000000 0.3552584756 0.0000338537
62700.0000000000 0.3564362190 0.0000242738
62800.0000000000 0.3547879666 0.0000228504
62900.0000000000 0.3565200076 0.0000420222
63000.0000000000 0.3546347961 0.0000287895
63100.0000000000 0.3542404503 0.0000556503
63200.0000000000 0.3531491733 0.0000177977
63300.0000000000 0.3516279423 0.0000343640
63400.0000000000 0.3529675197 0.0000180337
63500.0000000000 0.3528717104 0.0000350919
63600.0000000000 0.3511899045 0.0000152750
63700.0000000000 0.3493022465 0.0000270632
63800.0000000000 0.3503698327 0.0000323980
63900.0000000000 0.3496620079 0.0000266718
64000.0000000000 0.3480972331 0.0000267918
64100.0000000000 0.3493412388 0.0000299657
64200.0000000000 0.3486411104 0.0000380020
64300.0000000000 0.3482725426 0.0000193134
64400.0000000000 0.3483409607 0.0000245514
64500.0000000000 0.3478143643 0.0000370225
64600.0000000000 0.3484232643 0.0000200303
64700.0000000000 0.3471512827 0.0000297501
64800.0000000000 0.3460842819 0.0000192554
64900.0000000000 0.3464479735 0.0000470095
65000.0000000000 0.3454028769 0.0000188074
65100.0000000000 0.3424823649 0.0000156694
65200.0000000000 0.3388360899 0.0000227150
65300.0000000000 0.3404512381 0.0000187871
65400.0000000000 0.3395428223 0.0000439169
65500.0000000000 0.3401243693 0.0000183269
65600.0000000000 0.3384598759 0.0000199525
65700.0000000000 0.3395142423 0.0000213843
65800.0000000000 0.3367073627 0.0000841292
65900.0000000000 0.3386118521 0.0000236951
66000.0000000000 0.3408891023 0.0000208701
66100.0000000000 0.3374313874 0.0000464742
66200.0000000000 0.3369841773 0.0000177070
66300.0000000000 0.3385580563 0.0000193275
66400.0000000000 0.3358025217 0.0000141818
66500.0000000000 0.3359829200 0.0000183225
66600.0000000000 0.3357119474 0.0000214350
66700.0000000000 0.3337642536 0.0000325364
66800.0000000000 0.3338923204 0.0000311011
66900.0000000000 0.3350719792 0.0000191136
67000.0000000000 0.3328663787 0.0000139024
67100.0000000000 0.3323188286 0.0000340411
67200.0000000000 0.3333445656 0.0000238678
67300.0000000000 0.3331401399 0.0000167578
67400.0000000000 0.3300628153 0.0000221370
67500.0000000000 0.3294026469 0.0000369459
67600.0000000000 0.3302489853 0.0000217095
67700.0000000000 0.3304791974 0.0000180268
67800.0000000000 0.3299775936 0.0000277340
67900.0000000000 0.3303324808 0.0000229669
68000.0000000000 0.3283453447 0.0000172744
68100.0000000000 0.3301628127 0.0000185602
68200.0000000000 0.3283886332 0.0000199225
68300.0000000000 0.3338394385 0.0000610192
68400.0000000000 0.3275585279 0.0000157498
68500.0000000000 0.3291022970 0.0000209654
68600.0000000000 0.3261774603 0.0000166509
68700.0000000000 0.3257859512 0.0000234945
68800.0000000000 0.3278147883 0.0000411340
68900.0000000000 0.3277391905 0.0000128246
69000.0000000000 0.3246040201 0.0000216263
69100.0000000000 0.3252928487 0.0000368253
69200.0000000000 0.3308042401 0.0000399410
69300.0000000000 0.3245442210 0.0000173100
69400.0000000000 0.3245786015 0.0000213361
69500.0000000000 0.3219715452 0.0000281686
69600.0000000000 0.3245086371 0.0000385576
69700.0000000000 0.3209961677 0.0000343252
69800.0000000000 0.3217255787 0.0000284292
69900.0000000000 0.3224585782 0.0000128346
70000.0000000000 0.3188025162 0.0000290179
70100.0000000000 0.3175254329 0.0000111290
70200.0000000000 0.3154933524 0.0000139035
70300.0000000000 0.3157467995 0.0000171308
70400.0000000000 0.3149793151 0.0000204318
70500.0000000000 0.3153573219 0.0000149001
70600.0000000000 0.3151491240 0.0000872756
70700.0000000000 0.3148543203 0.0000179637
70800.0000000000 0.3163046048 0.0000254873
70900.0000000000 0.3133300418 0.0000169644
71000.0000000000 0.3136603247 0.0000161505
71100.0000000000 0.3119845007 0.0000226100
71200.0000000000 0.3122315873 0.0000191862
71300.0000000000 0.3110319366 0.0000161781
71400.0000000000 0.3102672852 0.0000262829
71500.0000000000 0.3108235889 0.0000201809
71600.0000000000 0.3096913280 0.0000226625
71700.0000000000 0.3099953291 0.0000159519
71800.0000000000 0.3122449484 0.0000289892
71900.0000000000 0.3073815698 0.0000377821
72000.0000000000 0.3073914505 0.0000114621
72100.0000000000 0.3074151366 0.0000212621
72200.0000000000 0.3070673199 0.0000249600
72300.0000000000 0.3099395267 0.0000183905
72400.0000000000 0.3071201139 0.0000378515
72500.0000000000 0.3053345440 0.0000280212
72600.0000000000 0.3043461350 0.0000165001
72700.0000000000 0.3058410973 0.0000175439
72800.0000000000 0.3039660305 0.0000268369
72900.0000000000 0.3034912297 0.0000119259
73000.0000000000 0.3044622877 0.0000176982
73100.0000000000 0.3030649299 0.0000279183
73200.0000000000 0.3049203391 0.0000238325
73300.0000000000 0.3041435894 0.0000156059
73400.0000000000 0.3022265658 0.0000356076
73500.0000000000 0.3024345014 0.0000145141
73600.0000000000 0.3002804850 0.0000197077
73700.0000000000 0.3007501862 0.0000127369
73800.0000000000 0.3008116049 0.0000172321
73900.0000000000 0.2998801787 0.0000178929
74000.0000000000 0.2997886952 0.0000141278
74100.0000000000 0.2997128830 0.0000146239
74200.0000000000 0.2981476579 0.0000264697
74300.0000000000 0.2978458988 0.0000211941
74400.0000000000 0.2979622254 0.0000224506
74500.0000000000 0.2973824437 0.0000227835
74600.0000000000 0.2970267160 0.0000096402
74700.0000000000 0.2985806825 0.0000234468
74800.0000000000 0.2970937207 0.0000209562
74900.0000000000 0.2947214252 0.0000265427
75000.0000000000 0.2949866597 0.0000219942
75100.0000000000 0.2928822330 0.0000112580
75200.0000000000 0.2909060393 0.0000116905
75300.0000000000 0.2914485305 0.0000218018
75400.0000000000 0.2919485633 0.0000334521
75500.0000000000 0.2909855518 0.0000198926
75600.0000000000 0.2898273261 0.0000123672
75700.0000000000 0.2905183548 0.0000201277
75800.0000000000 0.2890145309 0.0000187245
75900.0000000000 0.2887895228 0.0000122115
76000.0000000000 0.2887478135 0.0000215675
76100.0000000000 0.2877371728 0.0000226275
76200.0000000000 0.2894666300 0.0000339510
76300.0000000000 0.2864038148 0.0000105101
76400.0000000000 0.2873881100 0.0000206311
76500.0000000000 0.2856697896 0.0000130647
76600.0000000000 0.2852168877 0.0000126116
76700.0000000000 0.2847869983 0.0000147488
76800.0000000000 0.2854359768 0.0000113977
76900.0000000000 0.2837528730 0.0000104608
77000.0000000000 0.2830603304 0.0000122779
77100.0000000000 0.2844194315 0.0000169546
77200.0000000000 0.2825864604 0.0000095650
77300.0000000000 0.2822736622 0.0000214874
77400.0000000000 0.2811846880 0.0000187074
77500.0000000000 0.2821961694 0.0000122832
77600.0000000000 0.2806728201 0.0000105923
77700.0000000000 0.2803766413 0.0000136826
77800.0000000000 0.2802653668 0.0000163685
77900.0000000000 0.2807283319 0.0000157767
78000.0000000000 0.2795415550 0.0000478936
78100.0000000000 0.2797872590 0.0000189693
78200.0000000000 0.2788770221 0.0000207708
78300.0000000000 0.2772120126 0.0000197353
78400.0000000000 0.2785423294 0.0000482544
78500.0000000000 0.2776594267 0.0000168125
78600.0000000000 0.2775432866 0.0000137017
78700.0000000000 0.2767491470 0.0000158093
78800.0000000000 0.2757950387 0.0000123908
78900.0000000000 0.2761590546 0.0000117801
79000.0000000000 0.2749575228 0.0000130345
79100.0000000000 0.2763094742 0.0000102345
79200.0000000000 0.2752058027 0.0000197802
79300.0000000000 0.2739394423 0.0000102809
79400.0000000000 0.2741943385 0.0000119996
79500.0000000000 0.2736294111 0.0000355062
79600.0000000000 0.2727469225 0.0000200029
79700.0000000000 0.2728479773 0.0000277777
79800.0000000000 0.2729629881 0.0000084692
79900.0000000000 0.2728375820 0.0000207501
80000.0000000000 0.2722578853 0.0000121762
80100.0000000000 0.2700442328 0.0000089432
80200.0000000000 0.2688351977 0.0000125968
80300.0000000000 0.2704455345 0.0000195304
80400.0000000000 0.2689949463 0.0000137444
80500.0000000000 0.2680519107 0.0000132292
80600.0000000000 0.2677719674 0.0000124436
80700.0000000000 0.2683675946 0.0000235814
80800.0000000000 0.2672903665 0.0000120289
80900.0000000000 0.2673930894 0.0000314314
81000.0000000000 0.2665915249 0.0000273061
81100.0000000000 0.2641798646 0.0000172024
81200.0000000000 0.2652286962 0.0000230438
81300.0000000000 0.2647732703 0.0000172306
81400.0000000000 0.2647073399 0.0000220156
81500.0000000000 0.2638216335 0.0000161079
81600.0000000000 0.2632523391 0.0000101222
81700.0000000000 0.2623699098 0.0000111919
81800.0000000000 0.2633773326 0.0000145553
81900.0000000000 0.2629485057 0.0000093998
82000.0000000000 0.2640341199 0.0000144811
82100.0000000000 0.2608877955 0.0000117565
82200.0000000000 0.2603567108 0.0000096971
82300.0000000000 0.2609223606 0.0000245149
82400.0000000000 0.2590564262 0.0000193528
82500.0000000000 0.2596987349 0.0000095638
82600.0000000000 0.2600126122 0.0000143274
82700.0000000000 0.2584182781 0.0000159679
82800.0000000000 0.2599759961 0.0000143595
82900.0000000000 0.2583236510 0.0000100358
83000.0000000000 0.2564346461 0.0000291959
83100.0000000000 0.2581271469 0.0000105062
83200.0000000000 0.2572824499 0.0000103172
83300.0000000000 0.2570831661 0.0000099675
83400.0000000000 0.2569222119 0.0000162468
83500.0000000000 0.2565768869 0.0000194389
83600.0000000000 0.2558255907 0.0000355280
83700.0000000000 0.2560336866 0.0000336690
83800.0000000000 0.2544910064 0.0000125740
83900.0000000000 0.2554963114 0.0000134934
84000.0000000000 0.2563023022 0.0000191230
84100.0000000000 0.2542096151 0.0000111568
84200.0000000000 0.2537742311 0.0000115294
84300.0000000000 0.2533609942 0.0000147818
84400.0000000000 0.2529304828 0.0000512087
84500.0000000000 0.2528609114 0.0000293477
84600.0000000000 0.2523758379 0.0000180540
84700.0000000000 0.2523398165 0.0000301646
84800.0000000000 0.2519708210 0.0000173694
84900.0000000000 0.2502138307 0.0000138209
85000.0000000000 0.2511548417 0.0000145755
85100.0000000000 0.2483366838 0.0000071475
85200.0000000000 0.2477978634 0.0000081922
85300.0000000000 0.2477252598 0.0000081314
85400.0000000000 0.2466490328 0.0000131372
85500.0000000000 0.2472885970 0.0000131812
85600.0000000000 0.2465220195 0.0000112446
85700.0000000000 0.2450796692 0.0000168245
85800.0000000000 0.2459750683 0.0000128339
85900.0000000000 0.2464665846 0.0000137533
86000.0000000000 0.2449567127 0.0000082009
86100.0000000000 0.2445781658 0.0000093205
86200.0000000000 0.2438933209 0.0000108469
86300.0000000000 0.2426488612 0.0000233945
86400.0000000000 0.2427719187 0.0000118660
86500.0000000000 0.2439675855 0.0000122789
86600.0000000000 0.2416684933 0.0000105111
86700.0000000000 0.2416813231 0.0000144528
86800.0000000000 0.2416768117 0.0000083474
86900.0000000000 0.2403617279 0.0000117112
87000.0000000000 0.2408878917 0.0000102808
87100.0000000000 0.2392907606 0.0000097101
87200.0000000000 0.2401638850 0.0000147559
87300.0000000000 0.2396171937 0.0000108131
87400.0000000000 0.2385503244 0.0000107152
87500.0000000000 0.2386989902 0.0000075480
87600.0000000000 0.2382262395 0.0000087906
87700.0000000000 0.2376378277 0.0000142503
87800.0000000000 0.2374502420 0.0000085628
87900.0000000000 0.2377713874 0.0000075311
88000.0000000000 0.2380075096 0.0000132685
88100.0000000000 0.2369481650 0.0000253162
88200.0000000000 0.2351242448 0.0000105800
88300.0000000000 0.2368906828 0.0000089153
88400.0000000000 0.2358253698 0.0000107062
88500.0000000000 0.2347588417 0.0000098454
88600.0000000000 0.2354308886 0.0000263294
88700.0000000000 0.2347794564 0.0000127872
88800.0000000000 0.2338482782 0.0000103534
88900.0000000000 0.2346428579 0.0000087035
89000.0000000000 0.2341404900 0.0000099794
89100.0000000000 0.2341897055 0.0000142843
89200.0000000000 0.2325320787 0.0000266207
89300.0000000000 0.2316478907 0.0000161583
89400.0000000000 0.2320694622 0.0000167637
89500.0000000000 0.2315552568 0.0000085121
89600.0000000000 0.2325745730 0.0000118503
89700.0000000000 0.2305980990 0.0000131107
89800.0000000000 0.2306323998 0.0000085543
89900.0000000000 0.2311900205 0.0000137914
90000.0000000000 0.2301167051 0.0000146876
90100.0000000000 0.2281105809 0.0000065512
90200.0000000000 0.2273157296 0.0000074627
90300.0000000000 0.2260057210 0.0000125971
90400.0000000000 0.2267522198 0.0000074984
90500.0000000000 0.2255738224 0.0000084592
90600.0000000000 0.2262652183 0.0000084632
90700.0000000000 0.2251122461 0.0000118392
90800.0000000000 0.2254797764 0.0000098670
90900.0000000000 0.2265544279 0.0000104392
91000.0000000000 0.2246230623 0.0000108316
91100.0000000000 0.2238131892 0.0000060681
91200.0000000000 0.2237211183 0.0000132565
91300.0000000000 0.2236061177 0.0000092096
91400.0000000000 0.2225621728 0.0000111663
91500.0000000000 0.2228379029 0.0000100422
91600.0000000000 0.2214326564 0.0000072533
91700.0000000000 0.2218425474 0.0000160322
91800.0000000000 0.2215073407 0.0000245540
91900.0000000000 0.2206800576 0.0000066680
92000.0000000000 0.2203261647 0.0000072624
92100.0000000000 0.2199868916 0.0000089454
92200.0000000000 0.2188733720 0.0000117073
92300.0000000000 0.2202074677 0.0000110008
92400.0000000000 0.2198001666 0.0000101713
92500.0000000000 0.2182841339 0.0000087908
92600.0000000000 0.2184921902 0.0000128195
92700.0000000000 0.2174002429 0.0000100045
92800.0000000000 0.2185935555 0.0000101538
92900.0000000000 0.2169419620 0.0000094054
93000.0000000000 0.2168410860 0.0000132018
93100.0000000000 0.2168434391 0.0000069922
93200.0000000000 0.2172031147 0.0000116189
93300.0000000000 0.2166738457 0.0000154249
93400.0000000000 0.2166213667 0.0000129008
93500.0000000000 0.2152729350 0.0000111621
93600.0000000000 0.2146644886 0.0000074482
93700.0000000000 0.2154095490 0.0000171391
93800.0000000000 0.2133863992 0.0000101281
93900.0000000000 0.2134833831 0.0000088916
94000.0000000000 0.2140323824 0.0000066400
94100.0000000000 0.2137969705 0.0000105666
94200.0000000000 0.2147442695 0.0000108986
94300.0000000000 0.2132486010 0.0000058023
94400.0000000000 0.2125549677 0.0000128468
94500.0000000000 0.2114112234 0.0000201555
94600.0000000000 0.2117891748 0.0000060011
94700.0000000000 0.2112990174 0.0000139705
94800.0000000000 0.2109263852 0.0000069955
94900.0000000000 0.2119591065 0.0000056504
95000.0000000000 0.2112263374 0.0000091550
95100.0000000000 0.2094228349 0.0000054444
95200.0000000000 0.2083045175 0.0000059474
95300.0000000000 0.2076709426 0.0000058703
95400.0000000000 0.2078516641 0.0000088041
95500.0000000000 0.2071607282 0.0000076991
95600.0000000000 0.2070007761 0.0000067489
95700.0000000000 0.2092849843 0.0000326896
95800.0000000000 0.2071539259 0.0000059689
95900.0000000000 0.2060929552 0.0000124714
96000.0000000000 0.2056812571 0.0000071916
96100.0000000000 0.2050265071 0.0000083015
96200.0000000000 0.2045815778 0.0000223872
96300.0000000000 0.2054538839 0.0000082719
96400.0000000000 0.2042451445 0.0000065731
96500.0000000000 0.2034370484 0.0000076149
96600.0000000000 0.2042403484 0.0000069286
96700.0000000000 0.2030486881 0.0000067735
96800.0000000000 0.2029124453 0.0000422591
96900.0000000000 0.2019752213 0.0000055371
97000.0000000000 0.2016050904 0.0000097928
97100.0000000000 0.2016277796 0.0000129143
97200.0000000000 0.2017150450 0.0000059972
97300.0000000000 0.2008485076 0.0000084713
97400.0000000000 0.2022250024 0.0000123295
97500.0000000000 0.2010599295 0.0000053954
97600.0000000000 0.2003160676 0.0000061315
97700.0000000000 0.1996783754 0.0000065978
97800.0000000000 0.1985464762 0.0000106557
97900.0000000000 0.1992468592 0.0000055120
98000.0000000000 0.1985805975 0.0000062246
98100.0000000000 0.1983110483 0.0000058737
98200.0000000000 0.1982366089 0.0000072146
98300.0000000000 0.1974867197 0.0000086359
98400.0000000000 0.1981984463 0.0000101025
98500.0000000000 0.1978396668 0.0000163481
98600.0000000000 0.1967481846 0.0000070735
98700.0000000000 0.1990180416 0.0000078607
98800.0000000000 0.1970448194 0.0000054508
98900.0000000000 0.1965251738 0.0000073556
99000.0000000000 0.1962370248 0.0000107108
99100.0000000000 0.1960969956 0.0000050480
99200.0000000000 0.1956174294 0.0000070992
99300.0000000000 0.1949285794 0.0000058550
99400.0000000000 0.1953445141 0.0000090389
99500.0000000000 0.1941223758 0.0000063540
99600.0000000000 0.1942565202 0.0000109238
99700.0000000000 0.1941297907 0.0000052118
99800.0000000000 0.1937939805 0.0000062269
99900.0000000000 0.1938484262 0.0000261960
100000.0000000000 0.1929552625 0.0000094259
100100.0000000000 0.1918010586 0.0000046287
100200.0000000000 0.1904184249 0.0000052770
100300.0000000000 0.1908230447 0.0000061257
100400.0000000000 0.1899221224 0.0000063320
100500.0000000000 0.1904357614 0.0000067759
100600.0000000000 0.1892529843 0.0000062932
100700.0000000000 0.1903453060 0.0000092922
100800.0000000000 0.1899269752 0.0000062577
100900.0000000000 0.1890581096 0.0000048622
101000.0000000000 0.1892330202 0.0000061176
101100.0000000000 0.1876687636 0.0000092788
101200.0000000000 0.1899808308 0.0000059616
101300.0000000000 0.1884496391 0.0000056536
101400.0000000000 0.1870943095 0.0000062016
101500.0000000000 0.1872561504 0.0000064854
101600.0000000000 0.1870149855 0.0000077887
101700.0000000000 0.1864997558 0.0000051899
101800.0000000000 0.1862936667 0.0000064990
101900.0000000000 0.1870204919 0.0000057232
102000.0000000000 0.1875315988 0.0000163177
102100.0000000000 0.1861607930 0.0000102189
102200.0000000000 0.1859294013 0.0000069390
102300.0000000000 0.1846548647 0.0000058637
102400.0000000000 0.1845821985 0.0000048962
102500.0000000000 0.1844134549 0.0000052189
102600.0000000000 0.1845008384 0.0000042542
102700.0000000000 0.1850624545 0.0000106509
102800.0000000000 0.1844667493 0.0000044188
102900.0000000000 0.1830237240 0.0000098116
103000.0000000000 0.1832307464 0.0000061074
103100.0000000000 0.1828559826 0.0000063566
103200.0000000000 0.1827527992 0.0000183826
103300.0000000000 0.1827543795 0.0000053146
103400.0000000000 0.1822568957 0.0000045330
103500.0000000000 0.1826487776 0.0000060285
103600.0000000000 0.1811139153 0.0000046635
103700.0000000000 0.1819681413 0.0000059475
103800.0000000000 0.1809064292 0.0000067102
103900.0000000000 0.1825418658 0.0000191861
104000.0000000000 0.1811733782 0.0000047789
104100.0000000000 0.1808365874 0.0000054756
104200.0000000000 0.1801210887 0.0000065847
104300.0000000000 0.1822473806 0.0000064811
104400.0000000000 0.1796842405 0.0000055939
104500.0000000000 0.1800045817 0.0000056630
104600.0000000000 0.1794395449 0.0000148669
104700.0000000000 0.1803222231 0.0000313479
104800.0000000000 0.1783777057 0.0000056774
104900.0000000000 0.1789093876 0.0000054203
105000.0000000000 0.1774982239 0.0000102642
105100.0000000000 0.1770302510 0.0000041792
105200.0000000000 0.1761403064 0.0000051745
105300.0000000000 0.1768974657 0.0000058699
105400.0000000000 0.1761878447 0.0000050653
105500.0000000000 0.1761351430 0.0000050503
105600.0000000000 0.1749412206 0.0000080725
105700.0000000000 0.1748374330 0.0000052819
105800.0000000000 0.1753379515 0.0000088693
105900.0000000000 0.1751133739 0.0000072130
106000.0000000000 0.1749723908 0.0000065516
106100.0000000000 0.1739816321 0.0000059072
106200.0000000000 0.1747593035 0.0000082059
106300.0000000000 0.1737171746 0.0000168468
106400.0000000000 0.1736950294 0.0000047804
106500.0000000000 0.1735143143 0.0000164033
106600.0000000000 0.1724067551 0.0000061936
106700.0000000000 0.1764704595 0.0000130512
106800.0000000000 0.1730181248 0.0000039628
106900.0000000000 0.1727492820 0.0000089175
107000.0000000000 0.1718954409 0.0000044731
107100.0000000000 0.1713476732 0.0000078300
107200.0000000000 0.1726038907 0.0000065431
107300.0000000000 0.1714261232 0.0000191488
107400.0000000000 0.1708172604 0.0000058023
107500.0000000000 0.1703238984 0.0000058139
107600.0000000000 0.1711803116 0.0000045699
107700.0000000000 0.1699393520 0.0000038756
107800.0000000000 0.1703369542 0.0000069236
107900.0000000000 0.1706941624 0.0000100460
108000.0000000000 0.1693055653 0.0000063407
108100.0000000000 0.1690893562 0.0000043866
108200.0000000000 0.1710707705 0.0000098000
108300.0000000000 0.1686329910 0.0000043519
108400.0000000000 0.1690190157 0.0000047138
108500.0000000000 0.1685243379 0.0000042787
108600.0000000000 0.1687763974 0.0000050032
108700.0000000000 0.1677908943 0.0000043226
108800.0000000000 0.1681590920 0.0000064335
108900.0000000000 0.1673396184 0.0000044515
109000.0000000000 0.1678763785 0.0000081784
109100.0000000000 0.1668069818 0.0000049651
109200.0000000000 0.1662807341 0.0000057264
109300.0000000000 0.1668926623 0.0000094457
109400.0000000000 0.1666317871 0.0000039895
109500.0000000000 0.1668229921 0.0000213794
109600.0000000000 0.1665063225 0.0000035074
109700.0000000000 0.1662844345 0.0000039998
109800.0000000000 0.1657788217 0.0000041517
109900.0000000000 0.1657533875 0.0000045831
110000.0000000000 0.1656412166 0.0000046380
110100.0000000000 0.1642697126 0.0000033103
110200.0000000000 0.1635472328 0.0000034553
110300.0000000000 0.1629318040 0.0000057039
110400.0000000000 0.1631371239 0.0000057811
110500.0000000000 0.1635705658 0.0000097602
110600.0000000000 0.1631436238 0.0000045593
110700.0000000000 0.1635669093 0.0000059493
110800.0000000000 0.1620624016 0.0000033062
110900.0000000000 0.1620704425 0.0000039787
111000.0000000000 0.1616151809 0.0000070731
111100.0000000000 0.1613221351 0.0000054268
111200.0000000000 0.1620781996 0.0000050361
111300.0000000000 0.1615265289 0.0000032822
111400.0000000000 0.1610427500 0.0000065199
111500.0000000000 0.1606080146 0.0000049227
111600.0000000000 0.1609548059 0.0000043693
111700.0000000000 0.1602611340 0.0000059811
111800.0000000000 0.1605025947 0.0000034360
111900.0000000000 0.1603267989 0.0000052368
112000.0000000000 0.1596040412 0.0000040993
112100.0000000000 0.1591829786 0.0000050686
112200.0000000000 0.1581973504 0.0000128381
112300.0000000000 0.1593240036 0.0000033067
112400.0000000000 0.1590988996 0.0000042058
112500.0000000000 0.1588132986 0.0000050214
112600.0000000000 0.1580234893 0.0000034008
112700.0000000000 0.1576450360 0.0000047251
112800.0000000000 0.1576282666 0.0000048102
112900.0000000000 0.1581685160 0.0000056722
113000.0000000000 0.1580846409 0.0000033732
113100.0000000000 0.1573568786 0.0000054483
113200.0000000000 0.1572602686 0.0000041094
113300.0000000000 0.1567136320 0.0000038676
113400.0000000000 0.1565587016 0.0000049225
113500.0000000000 0.1571810861 0.0000057312
113600.0000000000 0.1566869671 0.0000049322
113700.0000000000 0.1565712610 0.0000042663
113800.0000000000 0.1554540025 0.0000033344
113900.0000000000 0.1568430439 0.0000032390
114000.0000000000 0.1553263099 0.0000029495
114100.0000000000 0.1554150423 0.0000032109
114200.0000000000 0.1556422101 0.0000034515
114300.0000000000 0.1546190714 0.0000040533
114400.0000000000 0.1562624946 0.0000031028
114500.0000000000 0.1545352513 0.0000053706
114600.0000000000 0.1547087339 0.0000042788
114700.0000000000 0.1545042000 0.0000088210
114800.0000000000 0.1542089493 0.0000040012
114900.0000000000 0.1542514421 0.0000073018
115000.0000000000 0.1542642222 0.0000032100
115100.0000000000 0.1532909489 0.0000027486
115200.0000000000 0.1524747281 0.0000028776
115300.0000000000 0.1523377512 0.0000031258
115400.0000000000 0.1523006245 0.0000033750
115500.0000000000 0.1520883170 0.0000063285
115600.0000000000 0.1519843615 0.0000039760
115700.0000000000 0.1524490237 0.0000167049
115800.0000000000 0.1508979479 0.0000030414
115900.0000000000 0.1511211091 0.0000034202
116000.0000000000 0.1505173606 0.0000050479
116100.0000000000 0.1510352713 0.0000040730
116200.0000000000 0.1501271107 0.0000032276
116300.0000000000 0.1503241707 0.0000068992
116400.0000000000 0.1499382023 0.0000028437
116500.0000000000 0.1498054328 0.0000029630
116600.0000000000 0.1498436461 0.0000049535
116700.0000000000 0.1497694381 0.0000041303
116800.0000000000 0.1487423567 0.0000045972
116900.0000000000 0.1490540442 0.0000029880
117000.0000000000 0.1487227560 0.0000046100
117100.0000000000 0.1503896457 0.0000049070
117200.0000000000 0.1487250557 0.0000026347
117300.0000000000 0.1485728947 0.0000025728
117400.0000000000 0.1481915986 0.0000130841
117500.0000000000 0.1480751845 0.0000041910
117600.0000000000 0.1475602121 0.0000025515
117700.0000000000 0.1473136682 0.0000029699
117800.0000000000 0.1473475640 0.0000043378
117900.0000000000 0.1471064883 0.0000045949
118000.0000000000 0.1465676581 0.0000047151
118100.0000000000 0.1477497962 0.0000040788
118200.0000000000 0.1463342336 0.0000052564
118300.0000000000 0.1462544004 0.0000061959
118400.0000000000 0.1459593723 0.0000035055
118500.0000000000 0.1461187948 0.0000034357
118600.0000000000 0.1459079200 0.0000217398
118700.0000000000 0.1457514221 0.0000032620
118800.0000000000 0.1456859335 0.0000050497
118900.0000000000 0.1445280291 0.0000036269
119000.0000000000 0.1461217869 0.0000065308
119100.0000000000 0.1446209652 0.0000046455
119200.0000000000 0.1450541823 0.0000040683
119300.0000000000 0.1446592319 0.0000035442
119400.0000000000 0.1445535132 0.0000038803
119500.0000000000 0.1448933149 0.0000032685
119600.0000000000 0.1438611188 0.0000045290
119700.0000000000 0.1443661831 0.0000049551
119800.0000000000 0.1442997732 0.0000036273
119900.0000000000 0.1437841242 0.0000025968
120000.0000000000 0.1433856261 0.0000087742
120100.0000000000 0.1427330939 0.0000024437
120200.0000000000 0.1421526968 0.0000026362
120300.0000000000 0.1415242185 0.0000043246
120400.0000000000 0.1421068483 0.0000025726
120500.0000000000 0.1409927396 0.0000034504
120600.0000000000 0.1411478924 0.0000093358
120700.0000000000 0.1408783140 0.0000029974
120800.0000000000 0.1413212022 0.0000047557
120900.0000000000 0.1409121830 0.0000117131
121000.0000000000 0.1407644311 0.0000032727
121100.0000000000 0.1404506210 0.0000059503
121200.0000000000 0.1401888758 0.0000031930
121300.0000000000 0.1396974201 0.0000082074
121400.0000000000 0.1403399377 0.0000029397
121500.0000000000 0.1396875404 0.0000039165
121600.0000000000 0.1399083071 0.0000051929
121700.0000000000 0.1394854689 0.0000025065
121800.0000000000 0.1401379050 0.0000036850
121900.0000000000 0.1395665388 0.0000218979
122000.0000000000 0.1389014543 0.0000034650
122100.0000000000 0.1384523047 0.0000043034
122200.0000000000 0.1384204141 0.0000048441
122300.0000000000 0.1383964385 0.0000024700
122400.0000000000 0.1382884298 0.0000086795
122500.0000000000 0.1378388660 0.0000024919
122600.0000000000 0.1377881092 0.0000031708
122700.0000000000 0.1377624778 0.0000031036
122800.0000000000 0.1376921361 0.0000026630
122900.0000000000 0.1372617396 0.0000027733
123000.0000000000 0.1374894105 0.0000025233
123100.0000000000 0.1362619012 0.0000034653
123200.0000000000 0.1363818327 0.0000082104
123300.0000000000 0.1376448082 0.0000087257
123400.0000000000 0.1359922020 0.0000032425
123500.0000000000 0.1357289020 0.0000048452
123600.0000000000 0.1364968799 0.0000132682
123700.0000000000 0.1358741082 0.0000021836
123800.0000000000 0.1359339880 0.0000026082
123900.0000000000 0.1361224330 0.0000026376
124000.0000000000 0.1355826005 0.0000051207
124100.0000000000 0.1356549971 0.0000042661
124200.0000000000 0.1355709084 0.0000039728
124300.0000000000 0.1350014078 0.0000025754
124400.0000000000 0.1343669473 0.0000062527
124500.0000000000 0.1342718019 0.0000052225
124600.0000000000 0.1345898218 0.0000029335
124700.0000000000 0.1343156416 0.0000025727
124800.0000000000 0.1345455830 0.0000037654
124900.0000000000 0.1350893185 0.0000030357
125000.0000000000 0.1342907966 0.0000027329
125100.0000000000 0.1331322053 0.0000021707
125200.0000000000 0.1326273163 0.0000023700
125300.0000000000 0.1324846030 0.0000029303
125400.0000000000 0.1322083878 0.0000038319
125500.0000000000 0.1323018127 0.0000024437
125600.0000000000 0.1331594581 0.0000026739
125700.0000000000 0.1322283576 0.0000027682
125800.0000000000 0.1318314416 0.0000025372
125900.0000000000 0.1323007832 0.0000026755
126000.0000000000 0.1316728052 0.0000024455
126100.0000000000 0.1311698986 0.0000037536
126200.0000000000 0.1316564771 0.0000026445
126300.0000000000 0.1314704021 0.0000028336
126400.0000000000 0.1307940193 0.0000027257
126500.0000000000 0.1309706874 0.0000023718
126600.0000000000 0.1303689689 0.0000032429
126700.0000000000 0.1305925291 0.0000163728
126800.0000000000 0.1305284807 0.0000026571
126900.0000000000 0.1302976087 0.0000075606
127000.0000000000 0.1301572302 0.0000023441
127100.0000000000 0.1299945572 0.0000032014
127200.0000000000 0.1295084710 0.0000030437
127300.0000000000 0.1293851160 0.0000030917
127400.0000000000 0.1293329853 0.0000029824
127500.0000000000 0.1292200645 0.0000023800
127600.0000000000 0.1289479242 0.0000033468
127700.0000000000 0.1287917623 0.0000021734
127800.0000000000 0.1288766773 0.0000034230
127900.0000000000 0.1281517166 0.0000037224
128000.0000000000 0.1287285499 0.0000026679
128100.0000000000 0.1282479130 0.0000038233
128200.0000000000 0.1279175995 0.0000021677
128300.0000000000 0.1279253031 0.0000029780
128400.0000000000 0.1278899721 0.0000027304
128500.0000000000 0.1276462103 0.0000021247
128600.0000000000 0.1274872622 0.0000077619
128700.0000000000 0.1269975570 0.0000024540
128800.0000000000 0.1269890791 0.0000023439
128900.0000000000 0.1265332170 0.0000044513
129000.0000000000 0.1268605329 0.0000020385
129100.0000000000 0.1269133815 0.0000022122
129200.0000000000 0.1263778140 0.0000035694
129300.0000000000 0.1259729356 0.0000022257
129400.0000000000 0.1257808755 0.0000052044
129500.0000000000 0.1265524788 0.0000142458
129600.0000000000 0.1255839975 0.0000030797
129700.0000000000 0.1253742333 0.0000046308
129800.0000000000 0.1258772475 0.0000021958
129900.0000000000 0.1262699234 0.0000213564
130000.0000000000 0.1258339923 0.0000021167
130100.0000000000 0.1248519972 0.0000019047
130200.0000000000 0.1243714978 0.0000020822
130300.0000000000 0.1241078407 0.0000034747
130400.0000000000 0.1244630350 0.0000030675
130500.0000000000 0.1241680730 0.0000024842
130600.0000000000 0.1238953850 0.0000030976
130700.0000000000 0.1246803622 0.0000109570
130800.0000000000 0.1236594747 0.0000021070
130900.0000000000 0.1233997302 0.0000022628
131000.0000000000 0.1237056560 0.0000025692
131100.0000000000 0.1234413810 0.0000063591
131200.0000000000 0.1232068361 0.0000029184
131300.0000000000 0.1226969672 0.0000070804
131400.0000000000 0.1230908739 0.0000026781
131500.0000000000 0.1228981161 0.0000025050
131600.0000000000 0.1228047488 0.0000025695
131700.0000000000 0.1219694324 0.0000035448
131800.0000000000 0.1222290732 0.0000025363
131900.0000000000 0.1222871696 0.0000021314
132000.0000000000 0.1221419787 0.0000020568
132100.0000000000 0.1218908985 0.0000040257
132200.0000000000 0.1215799747 0.0000025335
132300.0000000000 0.1217459444 0.0000023408
132400.0000000000 0.1213943768 0.0000019153
132500.0000000000 0.1212062537 0.0000020903
132600.0000000000 0.1207233790 0.0000033558
132700.0000000000 0.1210111058 0.0000019424
132800.0000000000 0.1206868709 0.0000020379
132900.0000000000 0.1209471262 0.0000022576
133000.0000000000 0.1210536562 0.0000171494
133100.0000000000 0.1203306554 0.0000020928
133200.0000000000 0.1206039132 0.0000063719
133300.0000000000 0.1202864144 0.0000021495
133400.0000000000 0.1199537747 0.0000025952
133500.0000000000 0.1201422847 0.0000031676
133600.0000000000 0.1197992262 0.0000043057
133700.0000000000 0.1198299014 0.0000023388
133800.0000000000 0.1197468653 0.0000037550
133900.0000000000 0.1195540063 0.0000022147
134000.0000000000 0.1195595835 0.0000023325
134100.0000000000 0.1193992741 0.0000022075
134200.0000000000 0.1193306964 0.0000027935
134300.0000000000 0.1187065797 0.0000024354
134400.0000000000 0.1185339854 0.0000037799
134500.0000000000 0.1182235165 0.0000023981
134600.0000000000 0.1182038767 0.0000023541
134700.0000000000 0.1191896335 0.0000018553
134800.0000000000 0.1180697006 0.0000022296
134900.0000000000 0.1181816526 0.0000020133
135000.0000000000 0.1179835833 0.0000036495
135100.0000000000 0.1177756445 0.0000020798
135200.0000000000 0.1171468860 0.0000018309
135300.0000000000 0.1169691565 0.0000021680
135400.0000000000 0.1171608216 0.0000019715
135500.0000000000 0.1168662955 0.0000029537
135600.0000000000 0.1169717803 0.0000022121
135700.0000000000 0.1166166760 0.0000023359
135800.0000000000 0.1166022515 0.0000033661
135900.0000000000 0.1164532208 0.0000020749
136000.0000000000 0.1163652977 0.0000022458
136100.0000000000 0.1163607302 0.0000039264
136200.0000000000 0.1162054562 0.0000045315
136300.0000000000 0.1160322415 0.0000017503
136400.0000000000 0.1155354656 0.0000027624
136500.0000000000 0.1156906834 0.0000026478
136600.0000000000 0.1155374217 0.0000019399
136700.0000000000 0.1154190331 0.0000032231
136800.0000000000 0.1154784913 0.0000023229
136900.0000000000 0.1151449299 0.0000019379
137000.0000000000 0.1150983523 0.0000022636
137100.0000000000 0.1150682966 0.0000019217
137200.0000000000 0.1152514596 0.0000036927
137300.0000000000 0.1149298842 0.0000022764
137400.0000000000 0.1148171658 0.0000035604
137500.0000000000 0.1149380025 0.0000036931
137600.0000000000 0.1142125991 0.0000026594
137700.0000000000 0.1143966829 0.0000021446
137800.0000000000 0.1141603879 0.0000041677
137900.0000000000 0.1137820117 0.0000025335
138000.0000000000 0.1137565758 0.0000019528
138100.0000000000 0.1138501782 0.0000027203
138200.0000000000 0.1132228585 0.0000026744
138300.0000000000 0.1132225424 0.0000028815
138400.0000000000 0.1132849843 0.0000023182
138500.0000000000 0.1130064772 0.0000033053
138600.0000000000 0.1124961258 0.0000033011
138700.0000000000 0.1128102877 0.0000020058
138800.0000000000 0.1128672659 0.0000025862
138900.0000000000 0.1125286978 0.0000028259
139000.0000000000 0.1133997771 0.0000026944
139100.0000000000 0.1125622291 0.0000028394
139200.0000000000 0.1127509479 0.0000021320
139300.0000000000 0.1124705360 0.0000018242
139400.0000000000 0.1125036392 0.0000055536
139500.0000000000 0.1126513204 0.0000046624
139600.0000000000 0.1117742286 0.0000025316
139700.0000000000 0.1126582706 0.0000073557
139800.0000000000 0.1115917579 0.0000020567
139900.0000000000 0.1116924417 0.0000021912
140000.0000000000 0.1117759928 0.0000017963
140100.0000000000 0.1114002132 0.0000016811
140200.0000000000 0.1110802992 0.0000016161
140300.0000000000 0.1106630769 0.0000026924
140400.0000000000 0.1108114050 0.0000031321
140500.0000000000 0.1105235164 0.0000019586
140600.0000000000 0.1108644014 0.0000020566
140700.0000000000 0.1109542072 0.0000020953
140800.0000000000 0.1106168395 0.0000019420
140900.0000000000 0.1101770300 0.0000017437
141000.0000000000 0.1103616810 0.0000016861
141100.0000000000 0.1100242709 0.0000028010
141200.0000000000 0.1098622292 0.0000022966
141300.0000000000 0.1096643523 0.0000025429
141400.0000000000 0.1099141164 0.0000021169
141500.0000000000 0.1097920174 0.0000021676
141600.0000000000 0.1096903613 0.0000018994
141700.0000000000 0.1097118565 0.0000024101
141800.0000000000 0.1092435130 0.0000030445
141900.0000000000 0.1093762538 0.0000023746
142000.0000000000 0.1090860213 0.0000028462
142100.0000000000 0.1091509935 0.0000017902
142200.0000000000 0.1089458444 0.0000019115
142300.0000000000 0.1087711457 0.0000032021
142400.0000000000 0.1086117855 0.0000029096
142500.0000000000 0.1087914801 0.0000035079
142600.0000000000 0.1082112048 0.0000019522
142700.0000000000 0.1085752085 0.0000017762
142800.0000000000 0.1082393284 0.0000018639
142900.0000000000 0.1080974603 0.0000031349
143000.0000000000 0.1078596028 0.0000017050
143100.0000000000 0.1084106301 0.0000017244
143200.0000000000 0.1080340598 0.0000021800
143300.0000000000 0.1077213110 0.0000020356
143400.0000000000 0.1078043370 0.0000022743
143500.0000000000 0.1077165937 0.0000023468
143600.0000000000 0.1075910460 0.0000040577
143700.0000000000 0.1075371516 0.0000019830
143800.0000000000 0.1073183307 0.0000035191
143900.0000000000 0.1072076488 0.0000020857
144000.0000000000 0.1067306021 0.0000023796
144100.0000000000 0.1069114548 0.0000018829
144200.0000000000 0.1065504534 0.0000028230
144300.0000000000 0.1067904237 0.0000017217
144400.0000000000 0.1069005683 0.0000022118
144500.0000000000 0.1068888587 0.0000022202
144600.0000000000 0.1068937813 0.0000026397
144700.0000000000 0.1064772573 0.0000016707
144800.0000000000 0.1064255126 0.0000020430
144900.0000000000 0.1060646004 0.0000021597
145000.0000000000 0.1060307923 0.0000026493
145100.0000000000 0.1058269483 0.0000016184
145200.0000000000 0.1056522210 0.0000016426
145300.0000000000 0.1055387568 0.0000017958
145400.0000000000 0.1061109592 0.0000036556
145500.0000000000 0.1056764129 0.0000017885
145600.0000000000 0.1054826620 0.0000020748
145700.0000000000 0.1053155777 0.0000018265
145800.0000000000 0.1050766627 0.0000017302
145900.0000000000 0.1053534531 0.0000024616
146000.0000000000 0.1048834361 0.0000018552
146100.0000000000 0.1049866937 0.0000017270
146200.0000000000 0.1048067955 0.0000031134
146300.0000000000 0.1048259226 0.0000015376
146400.0000000000 0.1045765494 0.0000018853
146500.0000000000 0.1043649717 0.0000025359
146600.0000000000 0.1043711680 0.0000016795
146700.0000000000 0.1044707708 0.0000017759
146800.0000000000 0.1041303204 0.0000023443
146900.0000000000 0.1039211780 0.0000024150
147000.0000000000 0.1038714765 0.0000016362
147100.0000000000 0.1040502243 0.0000019029
147200.0000000000 0.1042264368 0.0000017412
147300.0000000000 0.1039505094 0.0000020099
147400.0000000000 0.1035081601 0.0000018994
147500.0000000000 0.1034476845 0.0000043159
147600.0000000000 0.1034422018 0.0000018480
147700.0000000000 0.1035849467 0.0000034467
147800.0000000000 0.1030908460 0.0000017066
147900.0000000000 0.1031688616 0.0000018834
148000.0000000000 0.1031505421 0.0000027194
148100.0000000000 0.1027893960 0.0000018717
148200.0000000000 0.1033932550 0.0000026329
148300.0000000000 0.1027505212 0.0000028227
148400.0000000000 0.1027871668 0.0000017375
148500.0000000000 0.1023751137 0.0000027143
148600.0000000000 0.1027080594 0.0000026727
148700.0000000000 0.1023689772 0.0000016301
148800.0000000000 0.1025532163 0.0000016319
148900.0000000000 0.1023295909 0.0000027067
149000.0000000000 0.1022391319 0.0000020924
149100.0000000000 0.1021106807 0.0000015033
149200.0000000000 0.1019431731 0.0000019451
149300.0000000000 0.1019544737 0.0000052532
149400.0000000000 0.1018123888 0.0000017994
149500.0000000000 0.1019708792 0.0000025907
149600.0000000000 0.1016598206 0.0000018171
149700.0000000000 0.1016187189 0.0000018301
149800.0000000000 0.1013040731 0.0000022954
149900.0000000000 0.1013631605 0.0000019316
150000.0000000000 0.1013538900 0.0000033530
150100.0000000000 0.1011553184 0.0000019544
150200.0000000000 0.1010100937 0.0000014634
150300.0000000000 0.1009977405 0.0000019690
150400.0000000000 0.1005958553 0.0000022700
150500.0000000000 0.1006241100 0.0000028095
150600.0000000000 0.1004891144 0.0000015144
150700.0000000000 0.1004781334 0.0000021991
150800.0000000000 0.1003855696 0.0000017678
150900.0000000000 0.1000600164 0.0000026660
151000.0000000000 0.1002130488 0.0000015978
151100.0000000000 0.1001704435 0.0000016593
151200.0000000000 0.1002327101 0.0000016177
151300.0000000000 0.0997980817 0.0000018061
151400.0000000000 0.1000610020 0.0000015942
151500.0000000000 0.0996716279 0.0000020534
151600.0000000000 0.0997306296 0.0000017500
151700.0000000000 0.0996220792 0.0000016666
151800.0000000000 0.0996382443 0.0000015212
151900.0000000000 0.0995808176 0.0000020989
152000.0000000000 0.0996593900 0.0000026964
152100.0000000000 0.0991861526 0.0000016743
152200.0000000000 0.0992703452 0.0000018039
152300.0000000000 0.0991416841 0.0000016445
152400.0000000000 0.0989652835 0.0000016188
152500.0000000000 0.0989028929 0.0000021334
152600.0000000000 0.0989953313 0.0000016815
152700.0000000000 0.0987330186 0.0000020135
152800.0000000000 0.0986398489 0.0000015545
152900.0000000000 0.0987263191 0.0000017761
153000.0000000000 0.0984589896 0.0000014710
153100.0000000000 0.0988400741 0.0000015488
153200.0000000000 0.0982862281 0.0000018786
153300.0000000000 0.0986004606 0.0000029236
153400.0000000000 0.0982302409 0.0000021583
153500.0000000000 0.0983980483 0.0000022841
153600.0000000000 0.0986682400 0.0000020209
153700.0000000000 0.0982320741 0.0000016477
153800.0000000000 0.0980632702 0.0000014426
153900.0000000000 0.0979228565 0.0000015337
154000.0000000000 0.0979086535 0.0000015622
154100.0000000000 0.0978358728 0.0000017513
154200.0000000000 0.0977344752 0.0000020805
154300.0000000000 0.0974774852 0.0000016162
154400.0000000000 0.0975042992 0.0000020955
154500.0000000000 0.0974820838 0.0000028681
154600.0000000000 0.0972758341 0.0000018952
154700.0000000000 0.0974371154 0.0000021304
154800.0000000000 0.0971130042 0.0000016252
154900.0000000000 0.0970249046 0.0000034419
155000.0000000000 0.0971757201 0.0000015448
155100.0000000000 0.0969687173 0.0000014078
155200.0000000000 0.0968023529 0.0000015568
155300.0000000000 0.0964503462 0.0000019439
155400.0000000000 0.0966100573 0.0000018500
155500.0000000000 0.0965413141 0.0000018023
155600.0000000000 0.0961555535 0.0000020572
155700.0000000000 0.0962170233 0.0000015847
155800.0000000000 0.0961015080 0.0000022284
155900.0000000000 0.0962875650 0.0000016115
156000.0000000000 0.0963470879 0.0000017294
156100.0000000000 0.0958729461 0.0000023541
156200.0000000000 0.0957554299 0.0000016307
156300.0000000000 0.0961879761 0.0000021501
156400.0000000000 0.0959973657 0.0000018399
156500.0000000000 0.0958365050 0.0000016119
156600.0000000000 0.0955699318 0.0000015756
156700.0000000000 0.0955902429 0.0000017178
156800.0000000000 0.0953497197 0.0000017130
156900.0000000000 0.0952866466 0.0000018297
157000.0000000000 0.0953484387 0.0000015495
157100.0000000000 0.0957392268 0.0000020846
157200.0000000000 0.0949994161 0.0000014696
157300.0000000000 0.0950628931 0.0000029091
157400.0000000000 0.0949413828 0.0000017964
157500.0000000000 0.0950939504 0.0000019054
157600.0000000000 0.0947878247 0.0000033751
157700.0000000000 0.0948152439 0.0000015470
157800.0000000000 0.0947034951 0.0000015820
157900.0000000000 0.0946139518 0.0000016062
158000.0000000000 0.0944132806 0.0000024692
158100.0000000000 0.0944428235 0.0000016826
158200.0000000000 0.0944603744 0.0000016886
158300.0000000000 0.0943492941 0.0000017542
158400.0000000000 0.0942583788 0.0000018534
158500.0000000000 0.0941509487 0.0000015300
158600.0000000000 0.0939854834 0.0000016586
158700.0000000000 0.0941436882 0.0000014320
158800.0000000000 0.0939635924 0.0000016197
158900.0000000000 0.0938562854 0.0000023567
159000.0000000000 0.0937201006 0.0000014808
159100.0000000000 0.0937817090 0.0000014068
159200.0000000000 0.0936580228 0.0000017017
159300.0000000000 0.0934993781 0.0000015544
159400.0000000000 0.0935986606 0.0000018029
159500.0000000000 0.0933512634 0.0000016014
159600.0000000000 0.0934590248 0.0000021641
159700.0000000000 0.0931626221 0.0000017581
159800.0000000000 0.0935112260 0.0000014216
159900.0000000000 0.0931138698 0.0000014493
160000.0000000000 0.0932190823 0.0000013831
160100.0000000000 0.0930098438 0.0000014787
160200.0000000000 0.0929796968 0.0000013836
160300.0000000000 0.0926013878 0.0000017402
160400.0000000000 0.0927405432 0.0000014015
160500.0000000000 0.0926292436 0.0000017491
160600.0000000000 0.0925770546 0.0000013998
160700.0000000000 0.0924390645 0.0000027863
160800.0000000000 0.0925214529 0.0000015302
160900.0000000000 0.0924673790 0.0000015157
161000.0000000000 0.0923018931 0.0000021125
161100.0000000000 0.0923873918 0.0000018026
161200.0000000000 0.0922491188 0.0000015302
161300.0000000000 0.0921413725 0.0000013433
161400.0000000000 0.0922401526 0.0000016468
161500.0000000000 0.0917980718 0.0000018807
161600.0000000000 0.0919375590 0.0000014857
161700.0000000000 0.0917320248 0.0000015123
161800.0000000000 0.0917470706 0.0000014434
161900.0000000000 0.0916041440 0.0000018529
162000.0000000000 0.0915958327 0.0000017388
162100.0000000000 0.0913289395 0.0000020625
162200.0000000000 0.0914332723 0.0000013822
162300.0000000000 0.0913687909 0.0000016034
162400.0000000000 0.0913323210 0.0000016385
162500.0000000000 0.0911346571 0.0000017386
162600.0000000000 0.0912112846 0.0000015878
162700.0000000000 0.0912647538 0.0000023245
162800.0000000000 0.0910965862 0.0000014394
162900.0000000000 0.0907843798 0.0000016016
163000.0000000000 0.0909844773 0.0000016493
163100.0000000000 0.0908829881 0.0000015001
163200.0000000000 0.0907404757 0.0000018873
163300.0000000000 0.0907914063 0.0000020756
163400.0000000000 0.0907176039 0.0000014518
163500.0000000000 0.0905925380 0.0000014290
163600.0000000000 0.0905427032 0.0000014901
163700.0000000000 0.0903138187 0.0000015081
163800.0000000000 0.0903468233 0.0000016876
163900.0000000000 0.0903814016 0.0000019174
164000.0000000000 0.0901281963 0.0000014789
164100.0000000000 0.0902515522 0.0000015493
164200.0000000000 0.0900302799 0.0000019322
164300.0000000000 0.0899140560 0.0000024939
164400.0000000000 0.0899566620 0.0000016554
164500.0000000000 0.0899432153 0.0000013990
164600.0000000000 0.0898059033 0.0000012994
164700.0000000000 0.0898143243 0.0000013784
164800.0000000000 0.0896639181 0.0000013323
164900.0000000000 0.0895853252 0.0000015777
165000.0000000000 0.0895766208 0.0000013642
165100.0000000000 0.0894114726 0.0000013544
165200.0000000000 0.0893610954 0.0000014178
165300.0000000000 0.0891766300 0.0000016380
165400.0000000000 0.0891817256 0.0000013292
165500.0000000000 0.0891756581 0.0000014284
165600.0000000000 0.0889649957 0.0000014579
165700.0000000000 0.0891132856 0.0000016096
165800.0000000000 0.0889591544 0.0000021367
165900.0000000000 0.0889252012 0.0000014668
166000.0000000000 0.0885853626 0.0000014737
166100.0000000000 0.0888554774 0.0000015268
166200.0000000000 0.0887780794 0.0000016332
166300.0000000000 0.0887473138 0.0000014637
166400.0000000000 0.0883708579 0.0000015420
166500.0000000000 0.0885231943 0.0000014677
166600.0000000000 0.0883816172 0.0000013378
166700.0000000000 0.0883767408 0.0000014476
166800.0000000000 0.0884260345 0.0000013316
166900.0000000000 0.0881732006 0.0000015458
167000.0000000000 0.0881882192 0.0000014685
167100.0000000000 0.0880955444 0.0000014379
167200.0000000000 0.0878931849 0.0000017427
167300.0000000000 0.0878946613 0.0000022089
167400.0000000000 0.0879776962 0.0000014703
167500.0000000000 0.0878770912 0.0000014857
167600.0000000000 0.0879372320 0.0000014261
167700.0000000000 0.0877837020 0.0000018483
167800.0000000000 0.0875604227 0.0000013396
167900.0000000000 0.0877686674 0.0000014450
168000.0000000000 0.0875721578 0.0000017242
168100.0000000000 0.0874790863 0.0000013488
168200.0000000000 0.0872898914 0.0000013399
168300.0000000000 0.0871212980 0.0000014991
168400.0000000000 0.0872606476 0.0000015617
168500.0000000000 0.0873234929 0.0000016802
168600.0000000000 0.0871033213 0.0000013693
168700.0000000000 0.0870464587 0.0000014225
168800.0000000000 0.0871068626 0.0000015115
168900.0000000000 0.0870241002 0.0000013294
169000.0000000000 0.0869824194 0.0000013389
169100.0000000000 0.0869562857 0.0000046784
169200.0000000000 0.0867687455 0.0000015349
169300.0000000000 0.0867840425 0.0000013243
169400.0000000000 0.0866328366 0.0000014841
169500.0000000000 0.0863994617 0.0000015389
169600.0000000000 0.0866479432 0.0000014241
169700.0000000000 0.0865301803 0.0000014227
169800.0000000000 0.0864583469 0.0000013128
169900.0000000000 0.0865672700 0.0000014270
170000.0000000000 0.0865364455 0.0000014716
170100.0000000000 0.0862634142 0.0000012590
170200.0000000000 0.0861115900 0.0000013469
170300.0000000000 0.0860292979 0.0000013081
170400.0000000000 0.0860059666 0.0000019272
170500.0000000000 0.0859280564 0.0000013706
170600.0000000000 0.0857296880 0.0000018372
170700.0000000000 0.0856479121 0.0000015465
170800.0000000000 0.0857421944 0.0000012988
170900.0000000000 0.0857521096 0.0000013828
171000.0000000000 0.0856169158 0.0000012977
171100.0000000000 0.0857349865 0.0000014369
171200.0000000000 0.0854431654 0.0000014814
171300.0000000000 0.0854316431 0.0000014490
171400.0000000000 0.0855006163 0.0000014254
171500.0000000000 0.0853283793 0.0000015926
171600.0000000000 0.0853364121 0.0000013587
171700.0000000000 0.0851522462 0.0000016606
171800.0000000000 0.0851536669 0.0000013195
171900.0000000000 0.0849833846 0.0000013943
172000.0000000000 0.0847962053 0.0000014716
172100.0000000000 0.0851586947 0.0000015685
172200.0000000000 0.0850949165 0.0000014023
172300.0000000000 0.0849013498 0.0000013363
172400.0000000000 0.0846929005 0.0000016070
172500.0000000000 0.0848655367 0.0000014267
172600.0000000000 0.0845292963 0.0000018048
172700.0000000000 0.0846318667 0.0000013935
172800.0000000000 0.0846103043 0.0000016176
172900.0000000000 0.0846082976 0.0000016715
173000.0000000000 0.0845426615 0.0000013323
173100.0000000000 0.0846432848 0.0000016361
173200.0000000000 0.0842769762 0.0000012302
173300.0000000000 0.0842893869 0.0000013790
173400.0000000000 0.0842006253 0.0000014196
173500.0000000000 0.0841880107 0.0000014855
173600.0000000000 0.0840130615 0.0000014104
173700.0000000000 0.0841251330 0.0000013927
173800.0000000000 0.0839918302 0.0000013217
173900.0000000000 0.0839583729 0.0000013569
174000.0000000000 0.0839535993 0.0000013016
174100.0000000000 0.0838478888 0.0000014254
174200.0000000000 0.0836858396 0.0000013164
174300.0000000000 0.0836895782 0.0000016273
174400.0000000000 0.0836833904 0.0000014911
174500.0000000000 0.0834967135 0.0000013557
174600.0000000000 0.0835204679 0.0000014736
174700.0000000000 0.0833888301 0.0000013163
174800.0000000000 0.0833975075 0.0000014044
174900.0000000000 0.0833672937 0.0000013409
175000.0000000000 0.0833160905 0.0000012905
175100.0000000000 0.0832935746 0.0000015203
175200.0000000000 0.0832276591 0.0000012976
175300.0000000000 0.0831618296 0.0000012641
175400.0000000000 0.0830375491 0.0000014282
175500.0000000000 0.0829060825 0.0000015518
175600.0000000000 0.0827845919 0.0000013993
175700.0000000000 0.0828730004 0.0000012656
175800.0000000000 0.0828210298 0.0000013124
175900.0000000000 0.0828814884 0.0000013679
176000.0000000000 0.0826894904 0.0000014927
176100.0000000000 0.0827641041 0.0000014084
176200.0000000000 0.0825180781 0.0000012749
176300.0000000000 0.0825558580 0.0000012367
176400.0000000000 0.0826242794 0.0000014949
176500.0000000000 0.0823499300 0.0000013642
176600.0000000000 0.0825511393 0.0000015109
176700.0000000000 0.0822932992 0.0000014267
176800.0000000000 0.0821046643 0.0000014114
176900.0000000000 0.0821390388 0.0000014928
177000.0000000000 0.0823348175 0.0000014396
177100.0000000000 0.0822899910 0.0000015214
177200.0000000000 0.0820318096 0.0000013141
177300.0000000000 0.0821270400 0.0000013519
177400.0000000000 0.0819667119 0.0000012709
177500.0000000000 0.0818585618 0.0000012728
177600.0000000000 0.0818992433 0.0000016064
177700.0000000000 0.0817372539 0.0000014567
177800.0000000000 0.0817057271 0.0000014029
177900.0000000000 0.0817064750 0.0000013529
178000.0000000000 0.0817099767 0.0000016210
178100.0000000000 0.0813801542 0.0000018995
178200.0000000000 0.0816114743 0.0000012497
178300.0000000000 0.0813701951 0.0000012743
178400.0000000000 0.0812892352 0.0000013462
178500.0000000000 0.0813180234 0.0000012419
178600.0000000000 0.0811887007 0.0000015368
178700.0000000000 0.0813275977 0.0000013391
178800.0000000000 0.0811357310 0.0000012755
178900.0000000000 0.0812046805 0.0000012837
179000.0000000000 0.0810613599 0.0000013712
179100.0000000000 0.0809102596 0.0000012961
179200.0000000000 0.0810933824 0.0000012184
179300.0000000000 0.0809674194 0.0000013037
179400.0000000000 0.0810222786 0.0000014008
179500.0000000000 0.0807092665 0.0000013494
179600.0000000000 0.0807349038 0.0000012692
179700.0000000000 0.0808319139 0.0000012937
179800.0000000000 0.0806442338 0.0000013763
179900.0000000000 0.0805798921 0.0000012609
180000.0000000000 0.0804303017 0.0000014375
180100.0000000000 0.0806674820 0.0000018567
180200.0000000000 0.0804625939 0.0000012614
180300.0000000000 0.0803888781 0.0000012282
180400.0000000000 0.0804271427 0.0000011999
180500.0000000000 0.0801959390 0.0000015988
180600.0000000000 0.0802009214 0.0000012609
180700.0000000000 0.0802125318 0.0000012602
180800.0000000000 0.0800516347 0.0000012891
180900.0000000000 0.0801320028 0.0000012470
181000.0000000000 0.0799397254 0.0000014008
181100.0000000000 0.0799875352 0.0000013649
181200.0000000000 0.0798811525 0.0000013390
181300.0000000000 0.0797012722 0.0000012636
181400.0000000000 0.0798136022 0.0000012962
181500.0000000000 0.0797711662 0.0000013128
181600.0000000000 0.0797199818 0.0000012304
181700.0000000000 0.0798347019 0.0000013267
181800.0000000000 0.0797393550 0.0000016253
181900.0000000000 0.0794823112 0.0000013708
182000.0000000000 0.0795910699 0.0000012473
182100.0000000000 0.0796488855 0.0000012375
182200.0000000000 0.0794821067 0.0000016877
182300.0000000000 0.0794152990 0.0000013409
182400.0000000000 0.0794375724 0.0000014028
182500.0000000000 0.0793248551 0.0000012133
182600.0000000000 0.0795134175 0.0000014781
182700.0000000000 0.0792429310 0.0000013932
182800.0000000000 0.0792992660 0.0000013340
182900.0000000000 0.0790413560 0.0000013102
183000.0000000000 0.0790622881 0.0000013404
183100.0000000000 0.0789377332 0.0000012390
183200.0000000000 0.0790157870 0.0000015212
183300.0000000000 0.0788676646 0.0000012842
183400.0000000000 0.0790039373 0.0000012950
183500.0000000000 0.0788962564 0.0000011868
183600.0000000000 0.0787443179 0.0000012342
183700.0000000000 0.0787263392 0.0000012581
183800.0000000000 0.0786183406 0.0000013299
183900.0000000000 0.0787138457 0.0000013268
184000.0000000000 0.0785097679 0.0000012291
184100.0000000000 0.0785008765 0.0000012611
184200.0000000000 0.0784201305 0.0000013572
184300.0000000000 0.0783721210 0.0000012572
184400.0000000000 0.0783215280 0.0000013520
184500.0000000000 0.0784433219 0.0000014175
184600.0000000000 0.0782242019 0.0000012393
184700.0000000000 0.0784326906 0.0000014915
184800.0000000000 0.0783797966 0.0000012528
184900.0000000000 0.0780687045 0.0000013358
185000.0000000000 0.0781305855 0.0000011888
185100.0000000000 0.0780758632 0.0000011722
185200.0000000000 0.0778594568 0.0000012417
185300.0000000000 0.0779606785 0.0000012249
185400.0000000000 0.0778547267 0.0000012074
185500.0000000000 0.0777051620 0.0000014499
185600.0000000000 0.0777180967 0.0000011804
185700.0000000000 0.0777037872 0.0000012145
185800.0000000000 0.0776956242 0.0000012088
185900.0000000000 0.0776316266 0.0000012470
186000.0000000000 0.0776229631 0.0000012311
186100.0000000000 0.0776487373 0.0000014387
186200.0000000000 0.0773963509 0.0000013653
186300.0000000000 0.0775357427 0.0000012055
186400.0000000000 0.0773104573 0.0000012870
186500.0000000000 0.0773809609 0.0000012706
186600.0000000000 0.0774135635 0.0000013003
186700.0000000000 0.0773181175 0.0000012720
186800.0000000000 0.0772635734 0.0000012752
186900.0000000000 0.0772250125 0.0000012247
187000.0000000000 0.0772073359 0.0000013001
187100.0000000000 0.0771047033 0.0000012190
187200.0000000000 0.0770932396 0.0000012712
187300.0000000000 0.0771048952 0.0000012686
187400.0000000000 0.0770083111 0.0000012501
187500.0000000000 0.0767981301 0.0000015092
187600.0000000000 0.0767879579 0.0000012806
187700.0000000000 0.0768795518 0.0000013594
187800.0000000000 0.0765417093 0.0000013892
187900.0000000000 0.0767939534 0.0000012095
188000.0000000000 0.0766681064 0.0000011491
188100.0000000000 0.0764949174 0.0000013779
188200.0000000000 0.0765900552 0.0000011888
188300.0000000000 0.0765826068 0.0000011759
188400.0000000000 0.0764788575 0.0000012450
188500.0000000000 0.0764331987 0.0000015641
188600.0000000000 0.0763466966 0.0000012705
188700.0000000000 0.0764748147 0.0000014038
188800.0000000000 0.0763585771 0.0000012077
188900.0000000000 0.0764097422 0.0000011906
189000.0000000000 0.0761316168 0.0000012514
189100.0000000000 0.0760580521 0.0000013744
189200.0000000000 0.0762642131 0.0000011938
189300.0000000000 0.0760382966 0.0000011869
189400.0000000000 0.0760382213 0.0000011918
189500.0000000000 0.0759264182 0.0000012043
189600.0000000000 0.0760151881 0.0000012814
189700.0000000000 0.0758366198 0.0000012111
189800.0000000000 0.0758204977 0.0000012936
189900.0000000000 0.0757515653 0.0000012674
190000.0000000000 0.0758934680 0.0000012880
190100.0000000000 0.0757154557 0.0000012000
190200.0000000000 0.0757629208 0.0000012600
190300.0000000000 0.0756688748 0.0000011915
190400.0000000000 0.0757320694 0.0000013558
190500.0000000000 0.0756887689 0.0000013066
190600.0000000000 0.0755452021 0.0000011700
190700.0000000000 0.0754981037 0.0000011943
190800.0000000000 0.0755393890 0.0000013848
190900.0000000000 0.0754417615 0.0000012504
191000.0000000000 0.0752454366 0.0000012176
191100.0000000000 0.0752615806 0.0000011777
191200.0000000000 0.0753503589 0.0000013857
191300.0000000000 0.0753182974 0.0000011801
191400.0000000000 0.0752315829 0.0000012379
191500.0000000000 0.0753023735 0.0000011983
191600.0000000000 0.0751388851 0.0000012044
191700.0000000000 0.0750608547 0.0000011841
191800.0000000000 0.0749637548 0.0000011521
191900.0000000000 0.0749888828 0.0000013011
192000.0000000000 0.0749665849 0.0000012344
192100.0000000000 0.0748810880 0.0000012891
192200.0000000000 0.0747952704 0.0000012208
192300.0000000000 0.0748837702 0.0000012055
192400.0000000000 0.0747340598 0.0000011688
192500.0000000000 0.0746439155 0.0000013751
192600.0000000000 0.0746323078 0.0000011563
192700.0000000000 0.0746618826 0.0000011505
192800.0000000000 0.0746749164 0.0000012059
192900.0000000000 0.0745943358 0.0000011710
193000.0000000000 0.0743133909 0.0000013255
193100.0000000000 0.0744687690 0.0000013005
193200.0000000000 0.0744276824 0.0000012861
193300.0000000000 0.0745145950 0.0000012907
193400.0000000000 0.0743631562 0.0000013579
193500.0000000000 0.0744727238 0.0000013943
193600.0000000000 0.0741603162 0.0000012222
193700.0000000000 0.0742116167 0.0000012260
193800.0000000000 0.0741214970 0.0000011747
193900.0000000000 0.0741863275 0.0000011609
194000.0000000000 0.0740479127 0.0000012000
194100.0000000000 0.0741265420 0.0000011500
194200.0000000000 0.0740616573 0.0000012368
194300.0000000000 0.0739089518 0.0000011429
194400.0000000000 0.0738713824 0.0000012927
194500.0000000000 0.0739044699 0.0000012364
194600.0000000000 0.0737599640 0.0000012531
194700.0000000000 0.0738465313 0.0000012221
194800.0000000000 0.0737449223 0.0000013254
194900.0000000000 0.0738127305 0.0000011584
195000.0000000000 0.0738438640 0.0000013268
195100.0000000000 0.0736364286 0.0000011301
195200.0000000000 0.0735798013 0.0000011307
195300.0000000000 0.0735297145 0.0000011582
195400.0000000000 0.0735752248 0.0000011650
195500.0000000000 0.0735676755 0.0000011316
195600.0000000000 0.0734518070 0.0000011866
195700.0000000000 0.0735215527 0.0000012666
195800.0000000000 0.0734399454 0.0000011836
195900.0000000000 0.0732610820 0.0000011756
196000.0000000000 0.0732583866 0.0000013118
196100.0000000000 0.0733184429 0.0000011473
196200.0000000000 0.0733753431 0.0000011619
196300.0000000000 0.0733197739 0.0000012045
196400.0000000000 0.0733149801 0.0000012266
196500.0000000000 0.0731027314 0.0000012412
196600.0000000000 0.0733190413 0.0000012228
196700.0000000000 0.0731708702 0.0000011347
196800.0000000000 0.0732832397 0.0000012512
196900.0000000000 0.0730717217 0.0000011244
197000.0000000000 0.0729416166 0.0000011129
197100.0000000000 0.0730915881 0.0000011695
197200.0000000000 0.0728526399 0.0000012041
197300.0000000000 0.0730577357 0.0000012982
197400.0000000000 0.0728125661 0.0000011468
197500.0000000000 0.0729613563 0.0000013128
197600.0000000000 0.0727785044 0.0000011411
197700.0000000000 0.0728422686 0.0000012241
197800.0000000000 0.0727489056 0.0000011467
197900.0000000000 0.0728197336 0.0000012164
198000.0000000000 0.0726094895 0.0000011214
198100.0000000000 0.0725416447 0.0000012234
198200.0000000000 0.0725410152 0.0000012679
198300.0000000000 0.0725391976 0.0000011849
198400.0000000000 0.0724009941 0.0000011594
198500.0000000000 0.0723096782 0.0000013356
198600.0000000000 0.0723780794 0.0000012113
198700.0000000000 0.0724275929 0.0000011320
198800.0000000000 0.0723450239 0.0000011597
198900.0000000000 0.0722229121 0.0000011602
199000.0000000000 0.0723456112 0.0000011667
199100.0000000000 0.0721383211 0.0000011607
199200.0000000000 0.0721838411 0.0000011082
199300.0000000000 0.0721096085 0.0000011657
199400.0000000000 0.0720249554 0.0000011818
199500.0000000000 0.0721726741 0.0000011678
199600.0000000000 0.0719853693 0.0000011105
199700.0000000000 0.0720477196 0.0000011794
199800.0000000000 0.0718992850 0.0000012312
199900.0000000000 0.0720161450 0.0000011959
200000.0000000000 0.0719395588 0.0000012063
200100.0000000000 0.0718369314 0.0000010789
200200.0000000000 0.0717397107 0.0000010920
200300.0000000000 0.0716731431 0.0000011906
200400.0000000000 0.0718799500 0.0000011939
200500.0000000000 0.0717704966 0.0000011626
200600.0000000000 0.0715547298 0.0000012455
200700.0000000000 0.0716204203 0.0000011061
200800.0000000000 0.0715858956 0.0000010873
200900.0000000000 0.0715635579 0.0000011021
201000.0000000000 0.0714405200 0.0000011290
201100.0000000000 0.0715565655 0.0000011685
201200.0000000000 0.0714985904 0.0000013020
201300.0000000000 0.0714020946 0.0000011775
201400.0000000000 0.0712961637 0.0000011024
201500.0000000000 0.0713582253 0.0000010937
201600.0000000000 0.0712888559 0.0000011543
201700.0000000000 0.0713277159 0.0000011213
201800.0000000000 0.0713790795 0.0000011481
201900.0000000000 0.0712970459 0.0000012574
202000.0000000000 0.0711811186 0.0000011298
202100.0000000000 0.0711210774 0.0000011038
202200.0000000000 0.0710821392 0.0000011055
202300.0000000000 0.0711157832 0.0000010939
202400.0000000000 0.0709778436 0.0000011628
202500.0000000000 0.0709845188 0.0000011067
202600.0000000000 0.0710752663 0.0000012418
202700.0000000000 0.0710492947 0.0000011590
202800.0000000000 0.0709671814 0.0000011812
202900.0000000000 0.0707967707 0.0000011104
203000.0000000000 0.0709213946 0.0000011074
203100.0000000000 0.0709067212 0.0000012000
203200.0000000000 0.0708078620 0.0000011175
203300.0000000000 0.0706331649 0.0000011189
203400.0000000000 0.0707427414 0.0000011649
203500.0000000000 0.0706309525 0.0000011298
203600.0000000000 0.0707504342 0.0000012157
203700.0000000000 0.0705695657 0.0000010952
203800.0000000000 0.0706578948 0.0000011023
203900.0000000000 0.0705733779 0.0000011471
204000.0000000000 0.0706633872 0.0000011601
204100.0000000000 0.0705452230 0.0000011301
204200.0000000000 0.0705403998 0.0000010926
204300.0000000000 0.0704238728 0.0000011304
204400.0000000000 0.0702598351 0.0000012064
204500.0000000000 0.0703730386 0.0000011091
204600.0000000000 0.0702984707 0.0000011006
204700.0000000000 0.0703355721 0.0000010845
204800.0000000000 0.0703584154 0.0000011080
204900.0000000000 0.0702582647 0.0000011209
205000.0000000000 0.0702621383 0.0000011639
205100.0000000000 0.0701368999 0.0000010964
205200.0000000000 0.0700801800 0.0000010930
205300.0000000000 0.0701028806 0.0000011120
205400.0000000000 0.0699884800 0.0000012089
205500.0000000000 0.0700274142 0.0000011424
205600.0000000000 0.0699408905 0.0000011132
205700.0000000000 0.0700017490 0.0000011329
205800.0000000000 0.0699687047 0.0000011701
205900.0000000000 0.0698596836 0.0000011156
206000.0000000000 0.0697941318 0.0000011019
206100.0000000000 0.0698783034 0.0000011212
206200.0000000000 0.0696741613 0.0000011284
206300.0000000000 0.0697821995 0.0000010801
206400.0000000000 0.0697890729 0.0000011151
206500.0000000000 0.0696350006 0.0000010889
206600.0000000000 0.0697622680 0.0000011698
206700.0000000000 0.0696430208 0.0000010904
206800.0000000000 0.0695637180 0.0000011181
206900.0000000000 0.0695692569 0.0000010709
207000.0000000000 0.0696137891 0.0000010697
207100.0000000000 0.0695249638 0.0000011632
207200.0000000000 0.0695392327 0.0000011497
207300.0000000000 0.0694680101 0.0000010613
207400.0000000000 0.0693740108 0.0000011471
207500.0000000000 0.0694283525 0.0000011664
207600.0000000000 0.0694338459 0.0000011002
207700.0000000000 0.0691814232 0.0000011827
207800.0000000000 0.0692865927 0.0000011177
207900.0000000000 0.0693520314 0.0000010959
208000.0000000000 0.0692310237 0.0000011112
208100.0000000000 0.0692588419 0.0000011178
208200.0000000000 0.0692622706 0.0000010931
208300.0000000000 0.0691607269 0.0000012208
208400.0000000000 0.0691066126 0.0000010886
208500.0000000000 0.0690012409 0.0000011992
208600.0000000000 0.0690709558 0.0000010804
208700.0000000000 0.0690669664 0.0000010816
208800.0000000000 0.0690013577 0.0000010939
208900.0000000000 0.0690188274 0.0000011424
209000.0000000000 0.0688503307 0.0000011098
209100.0000000000 0.0689478889 0.0000010772
209200.0000000000 0.0689358427 0.0000011115
209300.0000000000 0.0689475724 0.0000010767
209400.0000000000 0.0686860862 0.0000011382
209500.0000000000 0.0687170786 0.0000011526
209600.0000000000 0.0688063816 0.0000010789
209700.0000000000 0.0687869608 0.0000010784
209800.0000000000 0.0687343469 0.0000010891
209900.0000000000 0.0686629089 0.0000010713
210000.0000000000 0.0686738430 0.0000010754
210100.0000000000 0.0686567413 0.0000010652
210200.0000000000 0.0685892600 0.0000010776
210300.0000000000 0.0685955940 0.0000010815
210400.0000000000 0.0685487965 0.0000010584
210500.0000000000 0.0685937975 0.0000010740
210600.0000000000 0.0684367590 0.0000010983
210700.0000000000 0.0684638806 0.0000011185
210800.0000000000 0.0684274210 0.0000011257
210900.0000000000 0.0683727158 0.0000010878
211000.0000000000 0.0683587878 0.0000010734
211100.0000000000 0.0683400413 0.0000010794
211200.0000000000 0.0682717180 0.0000010867
211300.0000000000 0.0682482319 0.0000010643
211400.0000000000 0.0682371603 0.0000010787
211500.0000000000 0.0681608497 0.0000010948
211600.0000000000 0.0682251687 0.0000011107
211700.0000000000 0.0682545611 0.0000011000
211800.0000000000 0.0682277176 0.0000011087
211900.0000000000 0.0682012482 0.0000010793
212000.0000000000 0.0680715988 0.0000010808
212100.0000000000 0.0680164512 0.0000010742
212200.0000000000 0.0679790474 0.0000011195
212300.0000000000 0.0680902805 0.0000010692
212400.0000000000 0.0680865420 0.0000010590
212500.0000000000 0.0679794838 0.0000010813
212600.0000000000 0.0679844593 0.0000010629
212700.0000000000 0.0679320066 0.0000011378
212800.0000000000 0.0679031788 0.0000010836
212900.0000000000 0.0679222809 0.0000011333
213000.0000000000 0.0678353465 0.0000010721
213100.0000000000 0.0677878978 0.0000010605
213200.0000000000 0.0678299423 0.0000011368
213300.0000000000 0.0678516202 0.0000010889
213400.0000000000 0.0677456425 0.0000010698
213500.0000000000 0.0675293906 0.0000011028
213600.0000000000 0.0677615218 0.0000011288
213700.0000000000 0.0676262082 0.0000010598
213800.0000000000 0.0675422662 0.0000011020
213900.0000000000 0.0675903002 0.0000011117
214000.0000000000 0.0675193678 0.0000010401
214100.0000000000 0.0675652738 0.0000011297
214200.0000000000 0.0675305636 0.0000010731
214300.0000000000 0.0675066858 0.0000010807
214400.0000000000 0.0674579250 0.0000010862
214500.0000000000 0.0673234552 0.0000010608
214600.0000000000 0.0673276730 0.0000010609
214700.0000000000 0.0673075760 0.0000011259
214800.0000000000 0.0674685639 0.0000010903
214900.0000000000 0.0673510170 0.0000010592
215000.0000000000 0.0673900921 0.0000011156
215100.0000000000 0.0672481861 0.0000010493
215200.0000000000 0.0672557093 0.0000010439
215300.0000000000 0.0671779843 0.0000010506
215400.0000000000 0.0672019697 0.0000010487
215500.0000000000 0.0671818467 0.0000010560
215600.0000000000 0.0671550514 0.0000011042
215700.0000000000 0.0671315494 0.0000010417
215800.0000000000 0.0670895233 0.0000010411
215900.0000000000 0.0670556336 0.0000010523
216000.0000000000 0.0670241324 0.0000010422
216100.0000000000 0.0670450718 0.0000010835
216200.0000000000 0.0669961380 0.0000010545
216300.0000000000 0.0669659114 0.0000010427
216400.0000000000 0.0668886013 0.0000010994
216500.0000000000 0.0668156872 0.0000010654
216600.0000000000 0.0668669008 0.0000010367
216700.0000000000 0.0668541495 0.0000010436
216800.0000000000 0.0667888174 0.0000010444
216900.0000000000 0.0667495314 0.0000010767
217000.0000000000 0.0667232561 0.0000010664
217100.0000000000 0.0667942947 0.0000010837
217200.0000000000 0.0666226534 0.0000010438
217300.0000000000 0.0666908071 0.0000010559
217400.0000000000 0.0666303829 0.0000010443
217500.0000000000 0.0665391600 0.0000010607
217600.0000000000 0.0665712695 0.0000010479
217700.0000000000 0.0665962866 0.0000010761
217800.0000000000 0.0665977235 0.0000010367
217900.0000000000 0.0664495152 0.0000010838
218000.0000000000 0.0665306539 0.0000010686
218100.0000000000 0.0665188344 0.0000010624
218200.0000000000 0.0664109794 0.0000010449
218300.0000000000 0.0663375783 0.0000010680
218400.0000000000 0.0664616067 0.0000010789
218500.0000000000 0.0664134232 0.0000010769
218600.0000000000 0.0663006492 0.0000010667
218700.0000000000 0.0662916061 0.0000010890
218800.0000000000 0.0662540711 0.0000010466
218900.0000000000 0.0663076496 0.0000010681
219000.0000000000 0.0661765733 0.0000010552
219100.0000000000 0.0661569842 0.0000010632
219200.0000000000 0.0661547073 0.0000010367
219300.0000000000 0.0661419048 0.0000010940
219400.0000000000 0.0660662491 0.0000010677
219500.0000000000 0.0660778424 0.0000010519
219600.0000000000 0.0660971354 0.0000010935
219700.0000000000 0.0660656615 0.0000011163
219800.0000000000 0.0660771733 0.0000010467
219900.0000000000 0.0660880098 0.0000010375
220000.0000000000 0.0659527386 0.0000010897
220100.0000000000 0.0659652245 0.0000010330
220200.0000000000 0.0659276492 0.0000010346
220300.0000000000 0.0659153375 0.0000010500
220400.0000000000 0.0659200726 0.0000010214
220500.0000000000 0.0658357735 0.0000010826
220600.0000000000 0.0658197705 0.0000010459
220700.0000000000 0.0657648942 0.0000010300
220800.0000000000 0.0657534790 0.0000010889
220900.0000000000 0.0657242309 0.0000010321
221000.0000000000 0.0657853547 0.0000010273
221100.0000000000 0.0657409909 0.0000010235
221200.0000000000 0.0656621477 0.0000010703
221300.0000000000 0.0657412291 0.0000010381
221400.0000000000 0.0656834517 0.0000010521
221500.0000000000 0.0656525873 0.0000010669
221600.0000000000 0.0656017734 0.0000010654
221700.0000000000 0.0655253400 0.0000010436
221800.0000000000 0.0656246540 0.0000010440
221900.0000000000 0.0655283158 0.0000010522
222000.0000000000 0.0654929970 0.0000010439
222100.0000000000 0.0654980602 0.0000011052
222200.0000000000 0.0654453482 0.0000010670
222300.0000000000 0.0653789967 0.0000010576
222400.0000000000 0.0654863513 0.0000010413
222500.0000000000 0.0654371788 0.0000010423
222600.0000000000 0.0653941597 0.0000010264
222700.0000000000 0.0653664531 0.0000010529
222800.0000000000 0.0653451068 0.0000010170
222900.0000000000 0.0652434686 0.0000010317
223000.0000000000 0.0653444285 0.0000010595
223100.0000000000 0.0651438541 0.0000010563
223200.0000000000 0.0652002929 0.0000010209
223300.0000000000 0.0652270811 0.0000010111
223400.0000000000 0.0651332748 0.0000010597
223500.0000000000 0.0652121890 0.0000010387
223600.0000000000 0.0650911799 0.0000010259
223700.0000000000 0.0650851528 0.0000010337
223800.0000000000 0.0650881882 0.0000010371
223900.0000000000 0.0650692147 0.0000010641
224000.0000000000 0.0650034867 0.0000010088
224100.0000000000 0.0650535486 0.0000010394
224200.0000000000 0.0650197371 0.0000010307
224300.0000000000 0.0649272340 0.0000010692
224400.0000000000 0.0649587402 0.0000010516
224500.0000000000 0.0648647850 0.0000010451
224600.0000000000 0.0649051965 0.0000010450
224700.0000000000 0.0648904470 0.0000010209
224800.0000000000 0.0647865912 0.0000010126
224900.0000000000 0.0648354027 0.0000010384
225000.0000000000 0.0647794613 0.0000010170
225100.0000000000 0.0648617653 0.0000010211
225200.0000000000 0.0647953798 0.0000010192
225300.0000000000 0.0648053065 0.0000010654
225400.0000000000 0.0646932493 0.0000010318
225500.0000000000 0.0647161232 0.0000010098
225600.0000000000 0.0647225074 0.0000010135
225700.0000000000 0.0646154214 0.0000010166
225800.0000000000 0.0646469527 0.0000010123
225900.0000000000 0.0646413966 0.0000010290
226000.0000000000 0.0645607009 0.0000010156
226100.0000000000 0.0645790184 0.0000010161
226200.0000000000 0.0645721258 0.0000010268
226300.0000000000 0.0645579408 0.0000010278
226400.0000000000 0.0645731820 0.0000010413
226500.0000000000 0.0645165969 0.0000010127
226600.0000000000 0.0644182601 0.0000010246
226700.0000000000 0.0644240699 0.0000010147
226800.0000000000 0.0644206595 0.0000010183
226900.0000000000 0.0644156245 0.0000010485
227000.0000000000 0.0643730803 0.0000010168
227100.0000000000 0.0643635052 0.0000010006
227200.0000000000 0.0643024978 0.0000010502
227300.0000000000 0.0643926539 0.0000010314
227400.0000000000 0.0642550236 0.0000010181
227500.0000000000 0.0642204476 0.0000010647
227600.0000000000 0.0643537607 0.0000010396
227700.0000000000 0.0642627059 0.0000010365
227800.0000000000 0.0642205154 0.0000010240
227900.0000000000 0.0641756348 0.0000010365
228000.0000000000 0.0641417783 0.0000010079
228100.0000000000 0.0641806309 0.0000010133
228200.0000000000 0.0641488642 0.0000010045
228300.0000000000 0.0641132951 0.0000010022
228400.0000000000 0.0640600558 0.0000010162
228500.0000000000 0.0640571538 0.0000010697
228600.0000000000 0.0640335994 0.0000010191
228700.0000000000 0.0640457224 0.0000010239
228800.0000000000 0.0639823418 0.0000010005
228900.0000000000 0.0640114434 0.0000010246
229000.0000000000 0.0639247567 0.0000010258
229100.0000000000 0.0639728392 0.0000010539
229200.0000000000 0.0639110113 0.0000010280
229300.0000000000 0.0639431278 0.0000010128
229400.0000000000 0.0639034406 0.0000010211
229500.0000000000 0.0638802701 0.0000010124
229600.0000000000 0.0637837620 0.0000010128
229700.0000000000 0.0637313397 0.0000010430
229800.0000000000 0.0638305337 0.0000009916
229900.0000000000 0.0637466842 0.0000010223
230000.0000000000 0.0637719391 0.0000009978
230100.0000000000 0.0637171484 0.0000009981
230200.0000000000 0.0637201541 0.0000010236
230300.0000000000 0.0637353572 0.0000010010
230400.0000000000 0.0636849933 0.0000009950
230500.0000000000 0.0637045106 0.0000010092
230600.0000000000 0.0636512320 0.0000010345
230700.0000000000 0.0635868692 0.0000010126
230800.0000000000 0.0636600017 0.0000010143
230900.0000000000 0.0636323144 0.0000010175
231000.0000000000 0.0635689663 0.0000009997
231100.0000000000 0.0635530478 0.0000010037
231200.0000000000 0.0635081516 0.0000009999
231300.0000000000 0.0635849739 0.0000010148
231400.0000000000 0.0634976418 0.0000010232
231500.0000000000 0.0634852774 0.0000010354
231600.0000000000 0.0634394890 0.0000010432
231700.0000000000 0.0634435341 0.0000010087
231800.0000000000 0.0634224268 0.0000010072
231900.0000000000 0.0633748596 0.0000010114
232000.0000000000 0.0634038668 0.0000010469
232100.0000000000 0.0633492460 0.0000010027
232200.0000000000 0.0633192119 0.0000010267
232300.0000000000 0.0632266548 0.0000010305
232400.0000000000 0.0632571269 0.0000010476
232500.0000000000 0.0632798117 0.0000010420
232600.0000000000 0.0632157290 0.0000010065
232700.0000000000 0.0632510095 0.0000010037
232800.0000000000 0.0631847804 0.0000009984
232900.0000000000 0.0631851553 0.0000010162
233000.0000000000 0.0631184721 0.0000010072
233100.0000000000 0.0631594968 0.0000010034
233200.0000000000 0.0631148898 0.0000010156
233300.0000000000 0.0630614792 0.0000010224
233400.0000000000 0.0630896507 0.0000009895
233500.0000000000 0.0630679703 0.0000010019
233600.0000000000 0.0630083852 0.0000010223
233700.0000000000 0.0630026003 0.0000010164
233800.0000000000 0.0630190638 0.0000009892
233900.0000000000 0.0629907793 0.0000009933
234000.0000000000 0.0629428637 0.0000010001
234100.0000000000 0.0629481430 0.0000010039
234200.0000000000 0.0628685164 0.0000010025
234300.0000000000 0.0629729862 0.0000010366
234400.0000000000 0.0627820688 0.0000010100
234500.0000000000 0.0628457021 0.0000010004
234600.0000000000 0.0629009784 0.0000009981
234700.0000000000 0.0628170887 0.0000010080
234800.0000000000 0.0628431309 0.0000010295
234900.0000000000 0.0628093971 0.0000009916
235000.0000000000 0.0628029755 0.0000010223
235100.0000000000 0.0627041139 0.0000010176
235200.0000000000 0.0627388416 0.0000010019
235300.0000000000 0.0627188432 0.0000009896
235400.0000000000 0.0627317757 0.0000009913
235500.0000000000 0.0627314677 0.0000009875
235600.0000000000 0.0626847364 0.0000010018
235700.0000000000 0.0626833863 0.0000009953
235800.0000000000 0.0626827715 0.0000009879
235900.0000000000 0.0625321020 0.0000010181
236000.0000000000 0.0626073752 0.0000009973
236100.0000000000 0.0625487899 0.0000010036
236200.0000000000 0.0625484742 0.0000010015
236300.0000000000 0.0625856466 0.0000009839
236400.0000000000 0.0624944645 0.0000010176
236500.0000000000 0.0625418083 0.0000010063
236600.0000000000 0.0624926289 0.0000009875
236700.0000000000 0.0625418362 0.0000010008
236800.0000000000 0.0624928055 0.0000010029
236900.0000000000 0.0624789739 0.0000010148
237000.0000000000 0.0624168871 0.0000009863
237100.0000000000 0.0624013579 0.0000009916
237200.0000000000 0.0624315971 0.0000009899
237300.0000000000 0.0623794670 0.0000009856
237400.0000000000 0.0623395998 0.0000009918
237500.0000000000 0.0623667612 0.0000009953
237600.0000000000 0.0623372905 0.0000009949
237700.0000000000 0.0622570076 0.0000010208
237800.0000000000 0.0622614030 0.0000009874
237900.0000000000 0.0622606041 0.0000010006
238000.0000000000 0.0622705471 0.0000009951
238100.0000000000 0.0622248939 0.0000009825
238200.0000000000 0.0621810120 0.0000009913
238300.0000000000 0.0622338186 0.0000009921
238400.0000000000 0.0621616941 0.0000010049
238500.0000000000 0.0621630684 0.0000009920
238600.0000000000 0.0621531670 0.0000009940
238700.0000000000 0.0621461616 0.0000010052
238800.0000000000 0.0621385858 0.0000010069
238900.0000000000 0.0620620160 0.0000010076
239000.0000000000 0.0620171916 0.0000009964
239100.0000000000 0.0620153020 0.0000010008
239200.0000000000 0.0620284783 0.0000010231
239300.0000000000 0.0620320008 0.0000009933
239400.0000000000 0.0619979775 0.0000009897
239500.0000000000 0.0619886161 0.0000009818
239600.0000000000 0.0619281017 0.0000009916
239700.0000000000 0.0620136402 0.0000010273
239800.0000000000 0.0619758393 0.0000009793
239900.0000000000 0.0619125533 0.0000009938
240000.0000000000 0.0618959813 0.0000009963
240100.0000000000 0.0618448416 0.0000009903
240200.0000000000 0.0619162506 0.0000009858
240300.0000000000 0.0618941722 0.0000009768
240400.0000000000 0.0618558563 0.0000009940
240500.0000000000 0.0617903657 0.0000009887
240600.0000000000 0.0618262754 0.0000009978
240700.0000000000 0.0617693192 0.0000009823
240800.0000000000 0.0617963666 0.0000009860
240900.0000000000 0.0617316056 0.0000009848
241000.0000000000 0.0617601473 0.0000009819
241100.0000000000 0.0617311763 0.0000009916
241200.0000000000 0.0616802531 0.0000009886
241300.0000000000 0.0616395541 0.0000009989
241400.0000000000 0.0615835249 0.0000009960
241500.0000000000 0.0616466238 0.0000009830
241600.0000000000 0.0616258051 0.0000009778
241700.0000000000 0.0616369945 0.0000010144
241800.0000000000 0.0615840089 0.0000010029
241900.0000000000 0.0615341026 0.0000010161
242000.0000000000 0.0615683587 0.0000009898
242100.0000000000 0.0615899325 0.0000009804
242200.0000000000 0.0614953454 0.0000009914
242300.0000000000 0.0614973225 0.0000009881
242400.0000000000 0.0614925612 0.0000009807
242500.0000000000 0.0614909658 0.0000009922
242600.0000000000 0.0614588238 0.0000010190
242700.0000000000 0.0615124919 0.0000009884
242800.0000000000 0.0614499416 0.0000009793
242900.0000000000 0.0614271659 0.0000009795
243000.0000000000 0.0613951370 0.0000009710
243100.0000000000 0.0614189437 0.0000009829
243200.0000000000 0.0613776857 0.0000009744
243300.0000000000 0.0613991410 0.0000009792
243400.0000000000 0.0614136742 0.0000009887
243500.0000000000 0.0613145709 0.0000009893
243600.0000000000 0.0613360275 0.0000009794
243700.0000000000 0.0613204732 0.0000009767
243800.0000000000 0.0612982801 0.0000009787
243900.0000000000 0.0612756697 0.0000009655
244000.0000000000 0.0612623260 0.0000009757
244100.0000000000 0.0612641404 0.0000009735
244200.0000000000 0.0611612621 0.0000010066
244300.0000000000 0.0611698621 0.0000009864
244400.0000000000 0.0612344766 0.0000009830
244500.0000000000 0.0611820571 0.0000009807
244600.0000000000 0.0611379978 0.0000009887
244700.0000000000 0.0611446411 0.0000009940
244800.0000000000 0.0611013229 0.0000010002
244900.0000000000 0.0610989000 0.0000009753
245000.0000000000 0.0610609014 0.0000009937
245100.0000000000 0.0610723794 0.0000009704
245200.0000000000 0.0610233862 0.0000009778
245300.0000000000 0.0610347360 0.0000009714
245400.0000000000 0.0610777309 0.0000009776
245500.0000000000 0.0610459648 0.0000009777
245600.0000000000 0.0610021882 0.0000009715
245700.0000000000 0.0609787876 0.0000009714
245800.0000000000 0.0609751122 0.0000009758
245900.0000000000 0.0609398027 0.0000009728
246000.0000000000 0.0609045962 0.0000010209
246100.0000000000 0.0608811491 0.0000009842
246200.0000000000 0.0609221193 0.0000009688
246300.0000000000 0.0609168503 0.0000009711
246400.0000000000 0.0609098082 0.0000009705
246500.0000000000 0.0608648460 0.0000009741
246600.0000000000 0.0608261449 0.0000009810
246700.0000000000 0.0607947065 0.0000009767
246800.0000000000 0.0608408524 0.0000009809
246900.0000000000 0.0608161301 0.0000009721
247000.0000000000 0.0607902656 0.0000009707
247100.0000000000 0.0607464986 0.0000009875
247200.0000000000 0.0607745330 0.0000009681
247300.0000000000 0.0607925606 0.0000009883
247400.0000000000 0.0607721454 0.0000009633
247500.0000000000 0.0607204428 0.0000009764
247600.0000000000 0.0607048847 0.0000009735
247700.0000000000 0.0606373326 0.0000009923
247800.0000000000 0.0606391975 0.0000009700
247900.0000000000 0.0606708748 0.0000009733
248000.0000000000 0.0606704147 0.0000009757
248100.0000000000 0.0606468816 0.0000009713
248200.0000000000 0.0605848683 0.0000009807
248300.0000000000 0.0605512382 0.0000009847
248400.0000000000 0.0605667448 0.0000009757
248500.0000000000 0.0605899500 0.0000009756
248600.0000000000 0.0605626802 0.0000009695
248700.0000000000 0.0605478803 0.0000009836
248800.0000000000 0.0605474538 0.0000009729
248900.0000000000 0.0605031509 0.0000009728
249000.0000000000 0.0605088839 0.0000009669
249100.0000000000 0.0604899280 0.0000009917
249200.0000000000 0.0603995518 0.0000009679
249300.0000000000 0.0604259555 0.0000009682
249400.0000000000 0.0604782706 0.0000009780
249500.0000000000 0.0604484042 0.0000009643
249600.0000000000 0.0604151042 0.0000009849
249700.0000000000 0.0603813124 0.0000009766
249800.0000000000 0.0604186479 0.0000009690
249900.0000000000 0.0604069236 0.0000009679
250000.0000000000 0.0603753803 0.0000009607
250100.0000000000 0.0603551751 0.0000009673
250200.0000000000 0.0603421170 0.0000009594
250300.0000000000 0.0602941427 0.0000009679
250400.0000000000 0.0603458805 0.0000009655
250500.0000000000 0.0603318482 0.0000009823
250600.0000000000 0.0603146501 0.0000009729
250700.0000000000 0.0602906831 0.0000009653
250800.0000000000 0.0602626036 0.0000009680
250900.0000000000 0.0602640659 0.0000009848
251000.0000000000 0.0602539104 0.0000009635
251100.0000000000 0.0602270708 0.0000009795
251200.0000000000 0.0602128733 0.0000009636
251300.0000000000 0.0601987415 0.0000009608
251400.0000000000 0.0601512130 0.0000009762
251500.0000000000 0.0601620718 0.0000009660
251600.0000000000 0.0601202219 0.0000009659
251700.0000000000 0.0601056077 0.0000009663
251800.0000000000 0.0601180055 0.0000009625
251900.0000000000 0.0601400364 0.0000009614
252000.0000000000 0.0601351637 0.0000009733
252100.0000000000 0.0600894768 0.0000009791
252200.0000000000 0.0600620546 0.0000009656
252300.0000000000 0.0600512476 0.0000009683
252400.0000000000 0.0600546343 0.0000009684
252500.0000000000 0.0599839808 0.0000009776
252600.0000000000 0.0600453333 0.0000009602
252700.0000000000 0.0600160464 0.0000009617
252800.0000000000 0.0600185285 0.0000009654
252900.0000000000 0.0600253903 0.0000009807
253000.0000000000 0.0599231832 0.0000009667
253100.0000000000 0.0600258799 0.0000009816
253200.0000000000 0.0599223406 0.0000009717
253300.0000000000 0.0599841260 0.0000009784
253400.0000000000 0.0599052135 0.0000009617
253500.0000000000 0.0598804141 0.0000009647
253600.0000000000 0.0598975985 0.0000009518
253700.0000000000 0.0599057286 0.0000009576
253800.0000000000 0.0598621380 0.0000009611
253900.0000000000 0.0598905862 0.0000009595
254000.0000000000 0.0598592053 0.0000009559
254100.0000000000 0.0598100960 0.0000009526
254200.0000000000 0.0598184226 0.0000009593
254300.0000000000 0.0597953787 0.0000009673
254400.0000000000 0.0597836080 0.0000009538
254500.0000000000 0.0597550794 0.0000009545
254600.0000000000 0.0597743046 0.0000009759
254700.0000000000 0.0597503731 0.0000009542
254800.0000000000 0.0596807536 0.0000009680
254900.0000000000 0.0597173071 0.0000009826
255000.0000000000 0.0597411089 0.0000009793
255100.0000000000 0.0597332513 0.0000009522
255200.0000000000 0.0596590919 0.0000009628
255300.0000000000 0.0597028362 0.0000009631
255400.0000000000 0.0596561643 0.0000009519
255500.0000000000 0.0596406392 0.0000009612
255600.0000000000 0.0596148995 0.0000009578
255700.0000000000 0.0595892395 0.0000009577
255800.0000000000 0.0596267029 0.0000009622
255900.0000000000 0.0595944785 0.0000009602
256000.0000000000 0.0596064101 0.0000009644
256100.0000000000 0.0595512712 0.0000009652
256200.0000000000 0.0595380825 0.0000009544
256300.0000000000 0.0595208319 0.0000009619
256400.0000000000 0.0595439697 0.0000009609
256500.0000000000 0.0595287572 0.0000009576
256600.0000000000 0.0595123778 0.0000009584
256700.0000000000 0.0594685101 0.0000009585
256800.0000000000 0.0595077066 0.0000009572
256900.0000000000 0.0595174943 0.0000009583
257000.0000000000 0.0594721697 0.0000009605
257100.0000000000 0.0594648392 0.0000009620
257200.0000000000 0.0594560606 0.0000009876
257300.0000000000 0.0594432034 0.0000009586
257400.0000000000 0.0594510411 0.0000009548
257500.0000000000 0.0594249394 0.0000009605
257600.0000000000 0.0593707574 0.0000009544
257700.0000000000 0.0593818025 0.0000009673
257800.0000000000 0.0593690464 0.0000009550
257900.0000000000 0.0593603354 0.0000009607
258000.0000000000 0.0593599724 0.0000009534
258100.0000000000 0.0593442212 0.0000009587
258200.0000000000 0.0593232294 0.0000009504
258300.0000000000 0.0593143614 0.0000009463
258400.0000000000 0.0593038015 0.0000009539
258500.0000000000 0.0593168812 0.0000009592
258600.0000000000 0.0592816534 0.0000009529
258700.0000000000 0.0592733622 0.0000009526
258800.0000000000 0.0592701686 0.0000009557
258900.0000000000 0.0592365834 0.0000009627
259000.0000000000 0.0592438513 0.0000009670
259100.0000000000 0.0592496053 0.0000009566
259200.0000000000 0.0591906854 0.0000009591
259300.0000000000 0.0591838720 0.0000009525
259400.0000000000 0.0591661568 0.0000009541
259500.0000000000 0.0591486510 0.0000009502
259600.0000000000 0.0591425590 0.0000009528
259700.0000000000 0.0591969830 0.0000009600
259800.0000000000 0.0590882211 0.0000009687
259900.0000000000 0.0591159213 0.0000009590
260000.0000000000 0.0591246257 0.0000009560
260100.0000000000 0.0591091114 0.0000009517
260200.0000000000 0.0591182016 0.0000009497
260300.0000000000 0.0590766964 0.0000009500
260400.0000000000 0.0591003690 0.0000009598
260500.0000000000 0.0590521627 0.0000009476
260600.0000000000 0.0590496969 0.0000009547
260700.0000000000 0.0590489683 0.0000009469
260800.0000000000 0.0590073635 0.0000009596
260900.0000000000 0.0590624435 0.0000009539
261000.0000000000 0.0590326648 0.0000009506
261100.0000000000 0.0590369942 0.0000009638
261200.0000000000 0.0590051512 0.0000009520
261300.0000000000 0.0589710358 0.0000009638
261400.0000000000 0.0589590135 0.0000009515
261500.0000000000 0.0588900195 0.0000009538
261600.0000000000 0.0589149625 0.0000009435
261700.0000000000 0.0588953605 0.0000009539
261800.0000000000 0.0589119326 0.0000009689
261900.0000000000 0.0588934157 0.0000009499
262000.0000000000 0.0589159267 0.0000009554
262100.0000000000 0.0588466424 0.0000009454
262200.0000000000 0.0588940282 0.0000009501
262300.0000000000 0.0588405991 0.0000009522
262400.0000000000 0.0588349067 0.0000009462
262500.0000000000 0.0588671908 0.0000009413
262600.0000000000 0.0588198252 0.0000009591
262700.0000000000 0.0587704349 0.0000009544
262800.0000000000 0.0587821309 0.0000009467
262900.0000000000 0.0588076934 0.0000009492
263000.0000000000 0.0587748256 0.0000009457
263100.0000000000 0.0587588509 0.0000009585
263200.0000000000 0.0587739986 0.0000009513
263300.0000000000 0.0587738164 0.0000009442
263400.0000000000 0.0587180377 0.0000009562
263500.0000000000 0.0586958207 0.0000009519
263600.0000000000 0.0587076856 0.0000009488
263700.0000000000 0.0587058597 0.0000009521
263800.0000000000 0.0587056446 0.0000009462
263900.0000000000 0.0586657708 0.0000009507
264000.0000000000 0.0586316023 0.0000009539
264100.0000000000 0.0586600050 0.0000009450
264200.0000000000 0.0586163688 0.0000009439
264300.0000000000 0.0586854310 0.0000009589
264400.0000000000 0.0586335386 0.0000009420
264500.0000000000 0.0586433036 0.0000009526
264600.0000000000 0.0586335564 0.0000009455
264700.0000000000 0.0585756589 0.0000009416
264800.0000000000 0.0585546397 0.0000009404
264900.0000000000 0.0585365126 0.0000009471
265000.0000000000 0.0585358262 0.0000009470
265100.0000000000 0.0585741304 0.0000009428
265200.0000000000 0.0584963853 0.0000009510
265300.0000000000 0.0585373727 0.0000009487
265400.0000000000 0.0585490387 0.0000009414
265500.0000000000 0.0584957086 0.0000009476
265600.0000000000 0.0585177907 0.0000009427
265700.0000000000 0.0585145928 0.0000009483
265800.0000000000 0.0584772561 0.0000009442
265900.0000000000 0.0584884831 0.0000009455
266000.0000000000 0.0584578866 0.0000009516
266100.0000000000 0.0584757133 0.0000009460
266200.0000000000 0.0584534705 0.0000009412
266300.0000000000 0.0584306506 0.0000009490
266400.0000000000 0.0584594995 0.0000009447
266500.0000000000 0.0583929376 0.0000009572
266600.0000000000 0.0583746436 0.0000009529
266700.0000000000 0.0583815853 0.0000009640
266800.0000000000 0.0583940030 0.0000009465
266900.0000000000 0.0583605109 0.0000009523
267000.0000000000 0.0583377012 0.0000009539
267100.0000000000 0.0583561059 0.0000009504
267200.0000000000 0.0583737275 0.0000009532
267300.0000000000 0.0583222430 0.0000009461
267400.0000000000 0.0583438939 0.0000009493
267500.0000000000 0.0583212810 0.0000009451
267600.0000000000 0.0583007902 0.0000009411
267700.0000000000 0.0582753765 0.0000009582
267800.0000000000 0.0582910060 0.0000009509
267900.0000000000 0.0582872663 0.0000009424
268000.0000000000 0.0582874477 0.0000009480
268100.0000000000 0.0582424035 0.0000009489
268200.0000000000 0.0582869916 0.0000009525
268300.0000000000 0.0582466885 0.0000009405
268400.0000000000 0.0581979233 0.0000009488
268500.0000000000 0.0581698299 0.0000009501
268600.0000000000 0.0581655556 0.0000009424
268700.0000000000 0.0581701991 0.0000009437
268800.0000000000 0.0581507381 0.0000009525
268900.0000000000 0.0582179319 0.0000009456
269000.0000000000 0.0581098253 0.0000009517
269100.0000000000 0.0581760750 0.0000009392
269200.0000000000 0.0581592810 0.0000009384
269300.0000000000 0.0581251137 0.0000009391
269400.0000000000 0.0581155537 0.0000009371
269500.0000000000 0.0581253667 0.0000009319
269600.0000000000 0.0581259588 0.0000009466
269700.0000000000 0.0580919516 0.0000009399
269800.0000000000 0.0580940434 0.0000009393
269900.0000000000 0.0580480752 0.0000009463
270000.0000000000 0.0580839800 0.0000009342
270100.0000000000 0.0580571757 0.0000009330
270200.0000000000 0.0580499182 0.0000009382
270300.0000000000 0.0580556897 0.0000009358
270400.0000000000 0.0580324380 0.0000009347
270500.0000000000 0.0580464673 0.0000009427
270600.0000000000 0.0580111575 0.0000009316
270700.0000000000 0.0580413638 0.0000009403
270800.0000000000 0.0580336001 0.0000009363
270900.0000000000 0.0579943847 0.0000009405
271000.0000000000 0.0579610354 0.0000009343
271100.0000000000 0.0579637448 0.0000009343
271200.0000000000 0.0579410408 0.0000009436
271300.0000000000 0.0579242405 0.0000009380
271400.0000000000 0.0579464213 0.0000009388
271500.0000000000 0.0579220615 0.0000009411
271600.0000000000 0.0579205956 0.0000009388
271700.0000000000 0.0579108387 0.0000009384
271800.0000000000 0.0578856715 0.0000009348
271900.0000000000 0.0578565277 0.0000009362
272000.0000000000 0.0578749588 0.0000009350
272100.0000000000 0.0578725274 0.0000009352
272200.0000000000 0.0578548439 0.0000009422
272300.0000000000 0.0578750112 0.0000009438
272400.0000000000 0.0578107591 0.0000009353
272500.0000000000 0.0578434006 0.0000009455
272600.0000000000 0.0577962326 0.0000009388
272700.0000000000 0.0578308058 0.0000009432
272800.0000000000 0.0578068828 0.0000009480
272900.0000000000 0.0578121499 0.0000009343
273000.0000000000 0.0577732787 0.0000009329
273100.0000000000 0.0577826733 0.0000009330
273200.0000000000 0.0577463926 0.0000009399
273300.0000000000 0.0577268948 0.0000009377
273400.0000000000 0.0577237546 0.0000009409
273500.0000000000 0.0577404573 0.0000009326
273600.0000000000 0.0577050689 0.0000009339
273700.0000000000 0.0577137257 0.0000009301
273800.0000000000 0.0576921860 0.0000009343
273900.0000000000 0.0576986909 0.0000009371
274000.0000000000 0.0576897349 0.0000009351
274100.0000000000 0.0577227055 0.0000009429
274200.0000000000 0.0576751865 0.0000009321
274300.0000000000 0.0576736585 0.0000009353
274400.0000000000 0.0576972294 0.0000009380
274500.0000000000 0.0576666437 0.0000009335
274600.0000000000 0.0576485839 0.0000009393
274700.0000000000 0.0576393288 0.0000009331
274800.0000000000 0.0575931717 0.0000009402
274900.0000000000 0.0575888397 0.0000009327
275000.0000000000 0.0576101328 0.0000009340
275100.0000000000 0.0575717924 0.0000009387
275200.0000000000 0.0576015889 0.0000009420
275300.0000000000 0.0575900274 0.0000009301
275400.0000000000 0.0575638332 0.0000009306
275500.0000000000 0.0575681317 0.0000009333
275600.0000000000 0.0575381161 0.0000009359
275700.0000000000 0.0575360210 0.0000009328
275800.0000000000 0.0575398446 0.0000009378
275900.0000000000 0.0575056428 0.0000009365
276000.0000000000 0.0575563762 0.0000009396
276100.0000000000 0.0575020463 0.0000009302
276200.0000000000 0.0574797078 0.0000009322
276300.0000000000 0.0574850664 0.0000009300
276400.0000000000 0.0574913286 0.0000009333
276500.0000000000 0.0574772123 0.0000009314
276600.0000000000 0.0574629144 0.0000009439
276700.0000000000 0.0574427038 0.0000009314
276800.0000000000 0.0574502513 0.0000009381
276900.0000000000 0.0574440763 0.0000009381
277000.0000000000 0.0574201951 0.0000009322
277100.0000000000 0.0574498809 0.0000009293
277200.0000000000 0.0574492656 0.0000009422
277300.0000000000 0.0573940127 0.0000009285
277400.0000000000 0.0573734276 0.0000009304
277500.0000000000 0.0573586658 0.0000009296
277600.0000000000 0.0573722917 0.0000009297
277700.0000000000 0.0574026054 0.0000009421
277800.0000000000 0.0573255844 0.0000009417
277900.0000000000 0.0573424154 0.0000009328
278000.0000000000 0.0573292895 0.0000009312
278100.0000000000 0.0573311318 0.0000009367
278200.0000000000 0.0573188060 0.0000009346
278300.0000000000 0.0573159605 0.0000009304
278400.0000000000 0.0573004718 0.0000009285
278500.0000000000 0.0572868671 0.0000009398
278600.0000000000 0.0573335571 0.0000009323
278700.0000000000 0.0572785431 0.0000009258
278800.0000000000 0.0572370223 0.0000009450
278900.0000000000 0.0572506660 0.0000009368
279000.0000000000 0.0572309978 0.0000009324
279100.0000000000 0.0572515340 0.0000009299
279200.0000000000 0.0572219613 0.0000009268
279300.0000000000 0.0572265098 0.0000009340
279400.0000000000 0.0572239821 0.0000009277
279500.0000000000 0.0572002532 0.0000009275
279600.0000000000 0.0572101173 0.0000009316
279700.0000000000 0.0571808755 0.0000009252
279800.0000000000 0.0571714547 0.0000009277
279900.0000000000 0.0571932052 0.0000009326
280000.0000000000 0.0571614560 0.0000009259
280100.0000000000 0.0571808213 0.0000009296
280200.0000000000 0.0571399669 0.0000009287
280300.0000000000 0.0571454196 0.0000009291
280400.0000000000 0.0571283761 0.0000009264
280500.0000000000 0.0571153986 0.0000009245
280600.0000000000 0.0571177176 0.0000009243
280700.0000000000 0.0571272929 0.0000009296
280800.0000000000 0.0570656797 0.0000009342
280900.0000000000 0.0571071994 0.0000009312
281000.0000000000 0.0570661401 0.0000009251
281100.0000000000 0.0570942305 0.0000009307
281200.0000000000 0.0570619682 0.0000009257
281300.0000000000 0.0570850709 0.0000009247
281400.0000000000 0.0570222988 0.0000009264
281500.0000000000 0.0570356036 0.0000009257
281600.0000000000 0.0570283202 0.0000009242
281700.0000000000 0.0570474608 0.0000009318
281800.0000000000 0.0570124974 0.0000009272
281900.0000000000 0.0569944267 0.0000009264
282000.0000000000 0.0570106220 0.0000009286
282100.0000000000 0.0569894780 0.0000009284
282200.0000000000 0.0569731985 0.0000009361
282300.0000000000 0.0570016704 0.0000009311
282400.0000000000 0.0569986538 0.0000009272
282500.0000000000 0.0569285095 0.0000009287
282600.0000000000 0.0569448070 0.0000009273
282700.0000000000 0.0569350631 0.0000009270
282800.0000000000 0.0569326360 0.0000009265
282900.0000000000 0.0569309738 0.0000009234
283000.0000000000 0.0569294632 0.0000009302
283100.0000000000 0.0569304166 0.0000009280
283200.0000000000 0.0568938326 0.0000009324
283300.0000000000 0.0569134043 0.0000009273
283400.0000000000 0.0568819434 0.0000009337
283500.0000000000 0.0568836050 0.0000009299
283600.0000000000 0.0568757087 0.0000009254
283700.0000000000 0.0569059963 0.0000009284
283800.0000000000 0.0568788856 0.0000009225
283900.0000000000 0.0568762876 0.0000009246
284000.0000000000 0.0568517020 0.0000009236
284100.0000000000 0.0568353107 0.0000009284
284200.0000000000 0.0568396369 0.0000009213
284300.0000000000 0.0568181377 0.0000009303
284400.0000000000 0.0568162828 0.0000009256
284500.0000000000 0.0568028375 0.0000009312
284600.0000000000 0.0567440032 0.0000009288
284700.0000000000 0.0567787913 0.0000009254
284800.0000000000 0.0567710762 0.0000009262
284900.0000000000 0.0567742464 0.0000009201
285000.0000000000 0.0567675813 0.0000009277
285100.0000000000 0.0567389983 0.0000009278
285200.0000000000 0.0567739843 0.0000009253
285300.0000000000 0.0567501781 0.0000009206
285400.0000000000 0.0567697206 0.0000009231
285500.0000000000 0.0567212381 0.0000009218
285600.0000000000 0.0567422469 0.0000009241
285700.0000000000 0.0567021462 0.0000009325
285800.0000000000 0.0567405451 0.0000009301
285900.0000000000 0.0567407073 0.0000009227
286000.0000000000 0.0567095814 0.0000009258
286100.0000000000 0.0566833009 0.0000009229
286200.0000000000 0.0566523347 0.0000009301
286300.0000000000 0.0566608276 0.0000009227
286400.0000000000 0.0566940900 0.0000009267
286500.0000000000 0.0566908585 0.0000009217
286600.0000000000 0.0566522250 0.0000009256
286700.0000000000 0.0566403438 0.0000009246
286800.0000000000 0.0566350087 0.0000009269
286900.0000000000 0.0566385659 0.0000009232
287000.0000000000 0.0565953606 0.0000009225
287100.0000000000 0.0565909256 0.0000009233
287200.0000000000 0.0566068460 0.0000009219
287300.0000000000 0.0565909499 0.0000009260
287400.0000000000 0.0565897238 0.0000009259
287500.0000000000 0.0565817950 0.0000009208
287600.0000000000 0.0566015412 0.0000009279
287700.0000000000 0.0565865257 0.0000009262
287800.0000000000 0.0565725274 0.0000009257
287900.0000000000 0.0565270069 0.0000009279
288000.0000000000 0.0565362355 0.0000009218
288100.0000000000 0.0565070879 0.0000009252
288200.0000000000 0.0565224537 0.0000009183
288300.0000000000 0.0565323084 0.0000009222
288400.0000000000 0.0565045902 0.0000009227
288500.0000000000 0.0565181544 0.0000009192
288600.0000000000 0.0565054755 0.0000009168
288700.0000000000 0.0565146313 0.0000009215
288800.0000000000 0.0564770776 0.0000009222
288900.0000000000 0.0564685891 0.0000009213
289000.0000000000 0.0564652192 0.0000009228
289100.0000000000 0.0564530233 0.0000009167
289200.0000000000 0.0564296579 0.0000009176
289300.0000000000 0.0564431936 0.0000009233
289400.0000000000 0.0564334708 0.0000009196
289500.0000000000 0.0564492467 0.0000009195
289600.0000000000 0.0564414335 0.0000009202
289700.0000000000 0.0563934426 0.0000009215
289800.0000000000 0.0563889798 0.0000009175
289900.0000000000 0.0563914935 0.0000009173
290000.0000000000 0.0563907828 0.0000009185
290100.0000000000 0.0563972703 0.0000009154
290200.0000000000 0.0563775158 0.0000009171
290300.0000000000 0.0563344460 0.0000009218
290400.0000000000 0.0563720148 0.0000009179
290500.0000000000 0.0563676809 0.0000009195
290600.0000000000 0.0563333960 0.0000009224
290700.0000000000 0.0563506737 0.0000009153
290800.0000000000 0.0563215582 0.0000009179
290900.0000000000 0.0563221286 0.0000009201
291000.0000000000 0.0563356525 0.0000009153
291100.0000000000 0.0563190072 0.0000009190
291200.0000000000 0.0562854286 0.0000009170
291300.0000000000 0.0563168447 0.0000009193
291400.0000000000 0.0563135170 0.0000009204
291500.0000000000 0.0563058710 0.0000009182
291600.0000000000 0.0562741324 0.0000009157
291700.0000000000 0.0562818641 0.0000009224
291800.0000000000 0.0562784644 0.0000009160
291900.0000000000 0.0562496916 0.0000009203
292000.0000000000 0.0562503761 0.0000009189
292100.0000000000 0.0562464486 0.0000009178
292200.0000000000 0.0562444791 0.0000009162
292300.0000000000 0.0562390974 0.0000009156
292400.0000000000 0.0562475655 0.0000009162
292500.0000000000 0.0562317641 0.0000009204
292600.0000000000 0.0561950639 0.0000009174
292700.0000000000 0.0562158296 0.0000009203
292800.0000000000 0.0561754979 0.0000009169
292900.0000000000 0.0562039050 0.0000009151
293000.0000000000 0.0562238217 0.0000009174
293100.0000000000 0.0561937305 0.0000009157
293200.0000000000 0.0561667163 0.0000009183
293300.0000000000 0.0561634971 0.0000009160
293400.0000000000 0.0561599679 0.0000009148
293500.0000000000 0.0561366461 0.0000009178
293600.0000000000 0.0561259929 0.0000009161
293700.0000000000 0.0561571809 0.0000009158
293800.0000000000 0.0561216714 0.0000009209
293900.0000000000 0.0561287407 0.0000009158
294000.0000000000 0.0561259186 0.0000009147
294100.0000000000 0.0561154534 0.0000009156
294200.0000000000 0.0560972838 0.0000009135
294300.0000000000 0.0560995918 0.0000009145
294400.0000000000 0.0560816660 0.0000009153
294500.0000000000 0.0560478840 0.0000009151
294600.0000000000 0.0560457613 0.0000009201
294700.0000000000 0.0560630810 0.0000009144
294800.0000000000 0.0560636028 0.0000009145
294900.0000000000 0.0560572358 0.0000009131
295000.0000000000 0.0560431196 0.0000009165
295100.0000000000 0.0560530196 0.0000009121
295200.0000000000 0.0560190092 0.0000009144
295300.0000000000 0.0560313969 0.0000009143
295400.0000000000 0.0560300378 0.0000009140
295500.0000000000 0.0559941970 0.0000009149
295600.0000000000 0.0560050990 0.0000009166
295700.0000000000 0.0559942998 0.0000009133
295800.0000000000 0.0560090252 0.0000009158
295900.0000000000 0.0560005301 0.0000009132
296000.0000000000 0.0559954949 0.0000009165
296100.0000000000 0.0560086771 0.0000009154
296200.0000000000 0.0559738559 0.0000009152
296300.0000000000 0.0559696132 0.0000009147
296400.0000000000 0.0559830740 0.0000009174
296500.0000000000 0.0559547100 0.0000009174
296600.0000000000 0.0559672599 0.0000009180
296700.0000000000 0.0559467901 0.0000009140
296800.0000000000 0.0559394038 0.0000009158
296900.0000000000 0.0559235131 0.0000009138
297000.0000000000 0.0559414545 0.0000009185
297100.0000000000 0.0559272874 0.0000009159
297200.0000000000 0.0559047120 0.0000009142
297300.0000000000 0.0559287537 0.0000009189
297400.0000000000 0.0559073447 0.0000009147
297500.0000000000 0.0559018926 0.0000009136
297600.0000000000 0.0558975053 0.0000009111
297700.0000000000 0.0558852203 0.0000009131
297800.0000000000 0.0558799741 0.0000009169
297900.0000000000 0.0558666592 0.0000009133
298000.0000000000 0.0558910612 0.0000009137
298100.0000000000 0.0558632377 0.0000009129
298200.0000000000 0.0558816225 0.0000009161
298300.0000000000 0.0558492022 0.0000009122
298400.0000000000 0.0558187491 0.0000009133
298500.0000000000 0.0558372231 0.0000009113
298600.0000000000 0.0558291813 0.0000009143
298700.0000000000 0.0558317297 0.0000009118
298800.0000000000 0.0558195440 0.0000009103
298900.0000000000 0.0557912541 0.0000009135
299000.0000000000 0.0558095839 0.0000009124
299100.0000000000 0.0557944665 0.0000009128
299200.0000000000 0.0557863564 0.0000009153
299300.0000000000 0.0557952395 0.0000009106
299400.0000000000 0.0557808097 0.0000009094
299500.0000000000 0.0557892515 0.0000009128
299600.0000000000 0.0557569564 0.0000009162
299700.0000000000 0.0557623790 0.0000009132
299800.0000000000 0.0557468083 0.0000009106
299900.0000000000 0.0557358671 0.0000009147
300000.0000000000 0.0557408092 0.0000009095
