0.0000000000   0.7131405890 0.0708852783
100.0000000000 0.7131405890 0.0708852783
200.0000000000 0.7505118471 0.0768135786
300.0000000000 0.8730254278 0.1054872572
400.0000000000 0.8369222050 0.0385721102
500.0000000000 0.8121937293 0.0385282710
600.0000000000 0.8556672058 0.0380413719
700.0000000000 0.8464580413 0.0359454416
800.0000000000 0.7122954525 0.0647974759
900.0000000000 0.8042079791 0.0574653931
1000.0000000000 0.7854772880 0.0505924486
1100.0000000000 0.7701447883 0.0434847288
1200.0000000000 0.8334865278 0.0260961205
1300.0000000000 0.8120929466 0.0570408590
1400.0000000000 0.8448532075 0.0155741014
1500.0000000000 0.8330038922 0.0117821489
1600.0000000000 0.8409322244 0.0106834900
1700.0000000000 0.8412404144 0.0154119954
1800.0000000000 0.8453557818 0.0096728858
1900.0000000000 0.8467599504 0.0090465574
2000.0000000000 0.8478756794 0.0085764648
2100.0000000000 0.8429035707 0.0087024374
2200.0000000000 0.8462328613 0.0074743559
2300.0000000000 0.8351436459 0.0079172133
2400.0000000000 0.8315368886 0.0070926058
2500.0000000000 0.8357103325 0.0071882806
2600.0000000000 0.8394257497 0.0064364895
2700.0000000000 0.8353621986 0.0078444425
2800.0000000000 0.8387777818 0.0053815488
2900.0000000000 0.8409785392 0.0047687027
3000.0000000000 0.8384415251 0.0038155739
3100.0000000000 0.8352945264 0.0039048649
3200.0000000000 0.8383979900 0.0044336356
3300.0000000000 0.8291256865 0.0046417974
3400.0000000000 0.8346098686 0.0053999191
3500.0000000000 0.8358725524 0.0049413387
3600.0000000000 0.8376313680 0.0044553163
3700.0000000000 0.8311941698 0.0053122658
3800.0000000000 0.8311099920 0.0047238148
3900.0000000000 0.8273348453 0.0042807260
4000.0000000000 0.8313545006 0.0037762725
4100.0000000000 0.8270611242 0.0030035495
4200.0000000000 0.8319091982 0.0043164017
4300.0000000000 0.8297803500 0.0049945344
4400.0000000000 0.8316560238 0.0052045872
4500.0000000000 0.8271196959 0.0046660826
4600.0000000000 0.8251468069 0.0045144972
4700.0000000000 0.8278280793 0.0030213008
4800.0000000000 0.8291834653 0.0056120749
4900.0000000000 0.8222124962 0.0031918464
5000.0000000000 0.8241948557 0.0034884172
5100.0000000000 0.8274208128 0.0029305313
5200.0000000000 0.8283654509 0.0039232480
5300.0000000000 0.8232249209 0.0029635823
5400.0000000000 0.8238226018 0.0023706448
5500.0000000000 0.8259800860 0.0025037597
5600.0000000000 0.8233524799 0.0040083309
5700.0000000000 0.8296938360 0.0062456704
5800.0000000000 0.8265799153 0.0028944106
5900.0000000000 0.8257718006 0.0026996064
6000.0000000000 0.8263307239 0.0032063201
6100.0000000000 0.8228376357 0.0038942918
6200.0000000000 0.8297168253 0.0035960448
6300.0000000000 0.8241527518 0.0023033689
6400.0000000000 0.8257337363 0.0025393663
6500.0000000000 0.8235416089 0.0030869837
6600.0000000000 0.8233584353 0.0027887907
6700.0000000000 0.8229278886 0.0031849034
6800.0000000000 0.8240770526 0.0028931478
6900.0000000000 0.8234224847 0.0028028078
7000.0000000000 0.8254228374 0.0025560898
7100.0000000000 0.8220479586 0.0024571626
7200.0000000000 0.8204700208 0.0031578252
7300.0000000000 0.8205127039 0.0036342333
7400.0000000000 0.8217775309 0.0026130520
7500.0000000000 0.8210044912 0.0026614824
7600.0000000000 0.8201329789 0.0024854715
7700.0000000000 0.8207499864 0.0023231555
7800.0000000000 0.8180812962 0.0047477093
7900.0000000000 0.8238429233 0.0031034288
8000.0000000000 0.8210093649 0.0029565087
8100.0000000000 0.8187016950 0.0030038557
8200.0000000000 0.8175852106 0.0022771866
8300.0000000000 0.8227554916 0.0031050739
8400.0000000000 0.8202865663 0.0028779395
8500.0000000000 0.8177396820 0.0022736310
8600.0000000000 0.8200618359 0.0022379942
8700.0000000000 0.8162512624 0.0025614027
8800.0000000000 0.8219866472 0.0036415558
8900.0000000000 0.8177622159 0.0026718362
9000.0000000000 0.8152302640 0.0032455807
9100.0000000000 0.8157208040 0.0023928024
9200.0000000000 0.8159405301 0.0022152725
9300.0000000000 0.8117235633 0.0025198422
9400.0000000000 0.8168828088 0.0024493185
9500.0000000000 0.8183913373 0.0031076299
9600.0000000000 0.8126812281 0.0019450446
9700.0000000000 0.8135945551 0.0026518279
9800.0000000000 0.8149284484 0.0028787446
9900.0000000000 0.8118129812 0.0021111558
10000.0000000000 0.8139494505 0.0021445816
10100.0000000000 0.8083635181 0.0021470014
10200.0000000000 0.8079854063 0.0021229810
10300.0000000000 0.8055367500 0.0025915457
10400.0000000000 0.8035879159 0.0026012545
10500.0000000000 0.8082510452 0.0019011346
10600.0000000000 0.8034239098 0.0018787927
10700.0000000000 0.8070175019 0.0023062669
10800.0000000000 0.8032235098 0.0023093091
10900.0000000000 0.7998969206 0.0035163362
11000.0000000000 0.8029089960 0.0020916979
11100.0000000000 0.8048957009 0.0018240082
11200.0000000000 0.8014637346 0.0019798740
11300.0000000000 0.8016676538 0.0024126370
11400.0000000000 0.7997331805 0.0027466035
11500.0000000000 0.7999185838 0.0020756035
11600.0000000000 0.7995613948 0.0031705934
11700.0000000000 0.7993728396 0.0019826991
11800.0000000000 0.8003245793 0.0019713377
11900.0000000000 0.8006070212 0.0018729516
12000.0000000000 0.7954420152 0.0026927551
12100.0000000000 0.7996876329 0.0017744821
12200.0000000000 0.7962979903 0.0016452497
12300.0000000000 0.7948885316 0.0015000456
12400.0000000000 0.8000119856 0.0017826702
12500.0000000000 0.7938540563 0.0018114456
12600.0000000000 0.7961189342 0.0015001444
12700.0000000000 0.7969631242 0.0015068459
12800.0000000000 0.7987513969 0.0018427136
12900.0000000000 0.7934377229 0.0021039965
13000.0000000000 0.7928774531 0.0014636555
13100.0000000000 0.7993675375 0.0013344024
13200.0000000000 0.7958182947 0.0013396689
13300.0000000000 0.7958327818 0.0012835241
13400.0000000000 0.7942901115 0.0011376331
13500.0000000000 0.7985638662 0.0015652369
13600.0000000000 0.7943567393 0.0018576937
13700.0000000000 0.7936965617 0.0013834473
13800.0000000000 0.7948936369 0.0011883241
13900.0000000000 0.7966754818 0.0011963168
14000.0000000000 0.7925326112 0.0034518978
14100.0000000000 0.7923278665 0.0011837287
14200.0000000000 0.7932012392 0.0011686510
14300.0000000000 0.7956361317 0.0015135380
14400.0000000000 0.7933683656 0.0011850898
14500.0000000000 0.7914755587 0.0016740109
14600.0000000000 0.7914187153 0.0008462708
14700.0000000000 0.7924141505 0.0012443928
14800.0000000000 0.7901516965 0.0009496301
14900.0000000000 0.7975698897 0.0013984088
15000.0000000000 0.7919225655 0.0010049869
15100.0000000000 0.7888080217 0.0008237630
15200.0000000000 0.7952373406 0.0013356160
15300.0000000000 0.7881943071 0.0011093634
15400.0000000000 0.7860991980 0.0011115939
15500.0000000000 0.7856609480 0.0009190488
15600.0000000000 0.8015658172 0.0021008214
15700.0000000000 0.7876706502 0.0007941285
15800.0000000000 0.7849605362 0.0008226988
15900.0000000000 0.7897344300 0.0009013426
16000.0000000000 0.7855441209 0.0015149036
16100.0000000000 0.7898418459 0.0031279409
16200.0000000000 0.7855505228 0.0026075614
16300.0000000000 0.7850987555 0.0009274018
16400.0000000000 0.7844382627 0.0007094349
16500.0000000000 0.7821943767 0.0008635802
16600.0000000000 0.7828903327 0.0012686672
16700.0000000000 0.7865024806 0.0007991382
16800.0000000000 0.7808392303 0.0008349825
16900.0000000000 0.7790941345 0.0007552214
17000.0000000000 0.7791084645 0.0006352090
17100.0000000000 0.7757128274 0.0007527923
17200.0000000000 0.7757945105 0.0005858077
17300.0000000000 0.7767683304 0.0006699599
17400.0000000000 0.7747977605 0.0006804953
17500.0000000000 0.7738114419 0.0006911955
17600.0000000000 0.7726189474 0.0007228314
17700.0000000000 0.7701412808 0.0008138069
17800.0000000000 0.7674889630 0.0005728336
17900.0000000000 0.7693452928 0.0005799782
18000.0000000000 0.7641508324 0.0010492274
18100.0000000000 0.7638228363 0.0009207336
18200.0000000000 0.7638297279 0.0006932206
18300.0000000000 0.7639670299 0.0009349697
18400.0000000000 0.7599453709 0.0005494129
18500.0000000000 0.7569741343 0.0006501706
18600.0000000000 0.7576489915 0.0005261344
18700.0000000000 0.7560007924 0.0008339003
18800.0000000000 0.7549999019 0.0005501586
18900.0000000000 0.7549657912 0.0008736662
19000.0000000000 0.7508328174 0.0008594078
19100.0000000000 0.7534342187 0.0005483304
19200.0000000000 0.7509920492 0.0004794041
19300.0000000000 0.7500667771 0.0016536526
19400.0000000000 0.7484835999 0.0006079266
19500.0000000000 0.7463789445 0.0006520508
19600.0000000000 0.7464610093 0.0005160613
19700.0000000000 0.7458563376 0.0005942830
19800.0000000000 0.7437172109 0.0005709891
19900.0000000000 0.7419198359 0.0004949524
20000.0000000000 0.7425111818 0.0007874061
20100.0000000000 0.7356680951 0.0004262310
20200.0000000000 0.7340726048 0.0006095480
20300.0000000000 0.7344428249 0.0003903055
20400.0000000000 0.7329415384 0.0005816558
20500.0000000000 0.7321942271 0.0004296616
20600.0000000000 0.7291679146 0.0003595263
20700.0000000000 0.7283274801 0.0004986210
20800.0000000000 0.7268759890 0.0006814441
20900.0000000000 0.7244191456 0.0004407368
21000.0000000000 0.7219455952 0.0003493298
21100.0000000000 0.7221247087 0.0005142048
21200.0000000000 0.7202828318 0.0003730060
21300.0000000000 0.7192624762 0.0003766815
21400.0000000000 0.7152694699 0.0005078017
21500.0000000000 0.7147493008 0.0003935300
21600.0000000000 0.7149615661 0.0006555642
21700.0000000000 0.7122385980 0.0005828037
21800.0000000000 0.7091270957 0.0004176763
21900.0000000000 0.7084353703 0.0005156252
22000.0000000000 0.7060789550 0.0002693757
22100.0000000000 0.7052511928 0.0005272364
22200.0000000000 0.7043798019 0.0004204931
22300.0000000000 0.7012280985 0.0003536080
22400.0000000000 0.7018160598 0.0005015823
22500.0000000000 0.6990465864 0.0003066447
22600.0000000000 0.6996331126 0.0002705108
22700.0000000000 0.6963805298 0.0004069315
22800.0000000000 0.6950483905 0.0002460487
22900.0000000000 0.6945745033 0.0002312041
23000.0000000000 0.6959044335 0.0002735645
23100.0000000000 0.6913848851 0.0003731519
23200.0000000000 0.6901625604 0.0004617538
23300.0000000000 0.6892208218 0.0002687466
23400.0000000000 0.6878009950 0.0002091994
23500.0000000000 0.6854996401 0.0006646250
23600.0000000000 0.6832046600 0.0009167360
23700.0000000000 0.6831570763 0.0004613314
23800.0000000000 0.6810482672 0.0006199564
23900.0000000000 0.6810766217 0.0002750245
24000.0000000000 0.6792999491 0.0002728988
24100.0000000000 0.6776390005 0.0006156737
24200.0000000000 0.6764840271 0.0003641942
24300.0000000000 0.6754047659 0.0002156988
24400.0000000000 0.6726412328 0.0005047577
24500.0000000000 0.6719924907 0.0005206304
24600.0000000000 0.6716891150 0.0003904484
24700.0000000000 0.6704941402 0.0003295495
24800.0000000000 0.6688234860 0.0003087802
24900.0000000000 0.6668751424 0.0003779656
25000.0000000000 0.6662274938 0.0002749001
25100.0000000000 0.6580258258 0.0001870167
25200.0000000000 0.6562539941 0.0002923055
25300.0000000000 0.6542443739 0.0002053303
25400.0000000000 0.6537610114 0.0001784886
25500.0000000000 0.6543623248 0.0003151954
25600.0000000000 0.6506276275 0.0003718556
25700.0000000000 0.6502880151 0.0002791093
25800.0000000000 0.6496990261 0.0002956941
25900.0000000000 0.6488607691 0.0003785695
26000.0000000000 0.6488683141 0.0002353080
26100.0000000000 0.6482604220 0.0003136316
26200.0000000000 0.6457147615 0.0003458600
26300.0000000000 0.6476560255 0.0004097573
26400.0000000000 0.6419832402 0.0006020832
26500.0000000000 0.6412704209 0.0002534495
26600.0000000000 0.6413441884 0.0004685384
26700.0000000000 0.6410857893 0.0001781438
26800.0000000000 0.6409074753 0.0001890118
26900.0000000000 0.6387975300 0.0002267950
27000.0000000000 0.6380334397 0.0004362514
27100.0000000000 0.6370927177 0.0001291525
27200.0000000000 0.6380076515 0.0003212494
27300.0000000000 0.6334184891 0.0003749311
27400.0000000000 0.6360268712 0.0003015538
27500.0000000000 0.6339663234 0.0004001729
27600.0000000000 0.6378112259 0.0002566032
27700.0000000000 0.6331189570 0.0001631443
27800.0000000000 0.6316980403 0.0002065404
27900.0000000000 0.6313312294 0.0002401980
28000.0000000000 0.6310857837 0.0004062392
28100.0000000000 0.6301645550 0.0002870646
28200.0000000000 0.6324162844 0.0003767397
28300.0000000000 0.6303743294 0.0001221881
28400.0000000000 0.6303686780 0.0002109638
28500.0000000000 0.6302644641 0.0002214836
28600.0000000000 0.6279641911 0.0001259387
28700.0000000000 0.6282436826 0.0001794101
28800.0000000000 0.6303141990 0.0001783337
28900.0000000000 0.6275534907 0.0001827629
29000.0000000000 0.6280462812 0.0002668382
29100.0000000000 0.6279212283 0.0002580924
29200.0000000000 0.6275425727 0.0001908080
29300.0000000000 0.6268507219 0.0001716439
29400.0000000000 0.6255604164 0.0001452583
29500.0000000000 0.6274258702 0.0002294514
29600.0000000000 0.6242477731 0.0001263207
29700.0000000000 0.6254368010 0.0001995348
29800.0000000000 0.6241821772 0.0002163600
29900.0000000000 0.6244720930 0.0003375973
30000.0000000000 0.6233051014 0.0002765800
30100.0000000000 0.6207288391 0.0001042608
30200.0000000000 0.6190235827 0.0002087072
30300.0000000000 0.6206100970 0.0001532044
30400.0000000000 0.6183476304 0.0002919044
30500.0000000000 0.6201482043 0.0002042815
30600.0000000000 0.6248240821 0.0002606068
30700.0000000000 0.6209274131 0.0001178900
30800.0000000000 0.6203401682 0.0001369839
30900.0000000000 0.6190922037 0.0002662780
31000.0000000000 0.6191219625 0.0002027677
31100.0000000000 0.6209077243 0.0002018941
31200.0000000000 0.6196933887 0.0001149408
31300.0000000000 0.6191429131 0.0001381998
31400.0000000000 0.6197486096 0.0001762187
31500.0000000000 0.6212217715 0.0001798913
31600.0000000000 0.6208084138 0.0004128970
31700.0000000000 0.6209479211 0.0001297974
31800.0000000000 0.6201060878 0.0001435947
31900.0000000000 0.6191496524 0.0003474612
32000.0000000000 0.6175211953 0.0002034173
32100.0000000000 0.6191602233 0.0001178650
32200.0000000000 0.6202996364 0.0001212054
32300.0000000000 0.6194027905 0.0003813216
32400.0000000000 0.6192615368 0.0001938790
32500.0000000000 0.6185044953 0.0002217362
32600.0000000000 0.6198950562 0.0001559568
32700.0000000000 0.6234761761 0.0003379217
32800.0000000000 0.6199827647 0.0001162962
32900.0000000000 0.6185648731 0.0002804718
33000.0000000000 0.6172055580 0.0001681878
33100.0000000000 0.6182616527 0.0002320665
33200.0000000000 0.6178964428 0.0003631699
33300.0000000000 0.6192834046 0.0001152066
33400.0000000000 0.6189511908 0.0002809243
33500.0000000000 0.6199075528 0.0002015367
33600.0000000000 0.6178426962 0.0001464184
33700.0000000000 0.6168194997 0.0002485580
33800.0000000000 0.6179828608 0.0002156479
33900.0000000000 0.6178189444 0.0001559777
34000.0000000000 0.6200885910 0.0002507811
34100.0000000000 0.6167074798 0.0001766358
34200.0000000000 0.6179762773 0.0001085792
34300.0000000000 0.6173209044 0.0001137551
34400.0000000000 0.6184056414 0.0003623072
34500.0000000000 0.6185073586 0.0001940050
34600.0000000000 0.6191457602 0.0001178541
34700.0000000000 0.6179841893 0.0001585642
34800.0000000000 0.6194847361 0.0001671271
34900.0000000000 0.6182187087 0.0001839871
35000.0000000000 0.6186451493 0.0002317550
35100.0000000000 0.6157603068 0.0001363134
35200.0000000000 0.6153586485 0.0001340176
35300.0000000000 0.6159952108 0.0001520704
35400.0000000000 0.6158828585 0.0002321496
35500.0000000000 0.6169657887 0.0001094343
35600.0000000000 0.6158490618 0.0001941882
35700.0000000000 0.6158956915 0.0001788907
35800.0000000000 0.6164490843 0.0001372830
35900.0000000000 0.6149780826 0.0001120797
36000.0000000000 0.6147122599 0.0001663808
36100.0000000000 0.6146236561 0.0002299064
36200.0000000000 0.6169737867 0.0001457844
36300.0000000000 0.6158215390 0.0001431487
36400.0000000000 0.6156202635 0.0001860361
36500.0000000000 0.6161400256 0.0001352817
36600.0000000000 0.6165905091 0.0001139335
36700.0000000000 0.6174161221 0.0002243044
36800.0000000000 0.6168455539 0.0001265702
36900.0000000000 0.6162095492 0.0000924611
37000.0000000000 0.6163438964 0.0001523582
37100.0000000000 0.6168856002 0.0001425600
37200.0000000000 0.6172966046 0.0001115091
37300.0000000000 0.6172617772 0.0000924881
37400.0000000000 0.6180368603 0.0001861318
37500.0000000000 0.6165320200 0.0001679338
37600.0000000000 0.6173775903 0.0002828280
37700.0000000000 0.6173833174 0.0001771030
37800.0000000000 0.6160767582 0.0001499422
37900.0000000000 0.6161412066 0.0001998869
38000.0000000000 0.6164767320 0.0001265935
38100.0000000000 0.6169287425 0.0001074129
38200.0000000000 0.6182609419 0.0001444645
38300.0000000000 0.6160825504 0.0000771407
38400.0000000000 0.6159973810 0.0000904963
38500.0000000000 0.6173142213 0.0003667095
38600.0000000000 0.6161403180 0.0001057607
38700.0000000000 0.6156364003 0.0001147054
38800.0000000000 0.6152353358 0.0001670079
38900.0000000000 0.6166203745 0.0001139185
39000.0000000000 0.6159174811 0.0001017283
39100.0000000000 0.6179105038 0.0001559358
39200.0000000000 0.6163098692 0.0002606769
39300.0000000000 0.6181421895 0.0002251377
39400.0000000000 0.6178276040 0.0001160520
39500.0000000000 0.6165018114 0.0001207252
39600.0000000000 0.6178519166 0.0002596721
39700.0000000000 0.6158144842 0.0003937088
39800.0000000000 0.6173745366 0.0001846557
39900.0000000000 0.6169903741 0.0003293053
40000.0000000000 0.6176450835 0.0002278298
40100.0000000000 0.6156177671 0.0000804495
40200.0000000000 0.6152626388 0.0000936071
40300.0000000000 0.6158646610 0.0000896952
40400.0000000000 0.6160267106 0.0001193939
40500.0000000000 0.6156558268 0.0001154259
40600.0000000000 0.6155283890 0.0001017993
40700.0000000000 0.6166291194 0.0001817456
40800.0000000000 0.6155632695 0.0001192274
40900.0000000000 0.6174131536 0.0001392946
41000.0000000000 0.6173990184 0.0001289234
41100.0000000000 0.6156563953 0.0001045934
41200.0000000000 0.6176263016 0.0001471386
41300.0000000000 0.6174807811 0.0001335517
41400.0000000000 0.6161498043 0.0001194611
41500.0000000000 0.6162826180 0.0000958069
41600.0000000000 0.6163947122 0.0001128341
41700.0000000000 0.6175320255 0.0002537987
41800.0000000000 0.6176906009 0.0001440411
41900.0000000000 0.6173835814 0.0000879421
42000.0000000000 0.6170968103 0.0000919669
42100.0000000000 0.6165860872 0.0001271640
42200.0000000000 0.6179485602 0.0001439757
42300.0000000000 0.6169042576 0.0001067665
42400.0000000000 0.6166523790 0.0001183627
42500.0000000000 0.6169921769 0.0001581897
42600.0000000000 0.6176695365 0.0001182443
42700.0000000000 0.6175345124 0.0001786472
42800.0000000000 0.6182294471 0.0002462486
42900.0000000000 0.6172831158 0.0001591150
43000.0000000000 0.6170380131 0.0001069860
43100.0000000000 0.6172489422 0.0001837174
43200.0000000000 0.6167241321 0.0000976318
43300.0000000000 0.6168864376 0.0002137161
43400.0000000000 0.6162815280 0.0000686205
43500.0000000000 0.6165870864 0.0001363619
43600.0000000000 0.6184585436 0.0001181890
43700.0000000000 0.6171911925 0.0000994886
43800.0000000000 0.6160127510 0.0001256962
43900.0000000000 0.6170686931 0.0000971096
44000.0000000000 0.6182041201 0.0001511142
44100.0000000000 0.6175697373 0.0001755671
44200.0000000000 0.6174745759 0.0000919887
44300.0000000000 0.6184117178 0.0001121910
44400.0000000000 0.6178056888 0.0001091890
44500.0000000000 0.6175910697 0.0001240057
44600.0000000000 0.6161657444 0.0001005545
44700.0000000000 0.6161092026 0.0001078898
44800.0000000000 0.6173990158 0.0001857985
44900.0000000000 0.6174862294 0.0001798273
45000.0000000000 0.6172814418 0.0000816470
45100.0000000000 0.6165947844 0.0000808293
45200.0000000000 0.6159412531 0.0000787131
45300.0000000000 0.6174379416 0.0001592812
45400.0000000000 0.6167046764 0.0000950141
45500.0000000000 0.6168114761 0.0000883968
45600.0000000000 0.6166188374 0.0001040533
45700.0000000000 0.6167446923 0.0001433451
45800.0000000000 0.6172039181 0.0000890447
45900.0000000000 0.6166381183 0.0000892160
46000.0000000000 0.6165389358 0.0000946538
46100.0000000000 0.6172469101 0.0002212212
46200.0000000000 0.6178728512 0.0001021104
46300.0000000000 0.6175395006 0.0001238023
46400.0000000000 0.6176881858 0.0001410962
46500.0000000000 0.6168415761 0.0000862024
46600.0000000000 0.6162491181 0.0000783528
46700.0000000000 0.6174956156 0.0002346680
46800.0000000000 0.6167308118 0.0000812367
46900.0000000000 0.6172488244 0.0000951163
47000.0000000000 0.6173263532 0.0000860245
47100.0000000000 0.6176753854 0.0000884130
47200.0000000000 0.6171291103 0.0002140330
47300.0000000000 0.6173288277 0.0001067636
47400.0000000000 0.6170545085 0.0001069548
47500.0000000000 0.6177576998 0.0001750684
47600.0000000000 0.6172128988 0.0000885230
47700.0000000000 0.6165588968 0.0000802096
47800.0000000000 0.6172068612 0.0001215711
47900.0000000000 0.6184785583 0.0001298842
48000.0000000000 0.6176169720 0.0001073025
48100.0000000000 0.6171360428 0.0000966309
48200.0000000000 0.6198988503 0.0002346670
48300.0000000000 0.6171025340 0.0001115854
48400.0000000000 0.6180950437 0.0002176009
48500.0000000000 0.6177620737 0.0000994596
48600.0000000000 0.6160684628 0.0001256384
48700.0000000000 0.6178045619 0.0001191547
48800.0000000000 0.6172563267 0.0000836549
48900.0000000000 0.6174169404 0.0000783771
49000.0000000000 0.6179224864 0.0001019079
49100.0000000000 0.6164615138 0.0000959728
49200.0000000000 0.6175445293 0.0001055663
49300.0000000000 0.6182235693 0.0000910448
49400.0000000000 0.6181598656 0.0000927665
49500.0000000000 0.6171544219 0.0001003919
49600.0000000000 0.6177072698 0.0000905055
49700.0000000000 0.6181199050 0.0001270398
49800.0000000000 0.6175763587 0.0000773343
49900.0000000000 0.6164186168 0.0001703035
50000.0000000000 0.6170798808 0.0000682354
50100.0000000000 0.6164744162 0.0000657846
50200.0000000000 0.6171003007 0.0000577445
50300.0000000000 0.6179736559 0.0000926603
50400.0000000000 0.6167170209 0.0000850245
50500.0000000000 0.6167647383 0.0001268724
50600.0000000000 0.6165439593 0.0000855644
50700.0000000000 0.6164339576 0.0000876672
50800.0000000000 0.6169135706 0.0001118975
50900.0000000000 0.6171775659 0.0000784745
51000.0000000000 0.6165551424 0.0001060658
51100.0000000000 0.6172887956 0.0000750497
51200.0000000000 0.6159511370 0.0000939251
51300.0000000000 0.6172276196 0.0001063753
51400.0000000000 0.6182833167 0.0001226518
51500.0000000000 0.6165276253 0.0000654659
51600.0000000000 0.6161598286 0.0001117908
51700.0000000000 0.6170813097 0.0001047787
51800.0000000000 0.6174664339 0.0000617267
51900.0000000000 0.6174275850 0.0000712683
52000.0000000000 0.6173418657 0.0000866844
52100.0000000000 0.6160449814 0.0001190997
52200.0000000000 0.6177713836 0.0000858282
52300.0000000000 0.6174938028 0.0000888344
52400.0000000000 0.6180947993 0.0000998935
52500.0000000000 0.6177612568 0.0000955258
52600.0000000000 0.6170156115 0.0001157954
52700.0000000000 0.6167039059 0.0000794554
52800.0000000000 0.6168523884 0.0001041904
52900.0000000000 0.6172289665 0.0000807974
53000.0000000000 0.6174571424 0.0001592966
53100.0000000000 0.6179997761 0.0000892484
53200.0000000000 0.6180054812 0.0000842710
53300.0000000000 0.6169797429 0.0000915288
53400.0000000000 0.6168431649 0.0001166638
53500.0000000000 0.6172739276 0.0000930170
53600.0000000000 0.6182902097 0.0001043046
53700.0000000000 0.6169079300 0.0001019735
53800.0000000000 0.6168236542 0.0001770590
53900.0000000000 0.6174633168 0.0000790586
54000.0000000000 0.6168247463 0.0000743979
54100.0000000000 0.6171373545 0.0000778003
54200.0000000000 0.6173140836 0.0000879247
54300.0000000000 0.6178321847 0.0001264796
54400.0000000000 0.6181422280 0.0000909589
54500.0000000000 0.6162802615 0.0001017696
54600.0000000000 0.6166136390 0.0001068177
54700.0000000000 0.6187164264 0.0000971560
54800.0000000000 0.6172537415 0.0000663307
54900.0000000000 0.6175463309 0.0001171864
55000.0000000000 0.6178241387 0.0000851417
55100.0000000000 0.6169293840 0.0000652619
55200.0000000000 0.6166179444 0.0000616059
55300.0000000000 0.6173669522 0.0000941748
55400.0000000000 0.6168961807 0.0000689994
55500.0000000000 0.6170266042 0.0000789365
55600.0000000000 0.6177900967 0.0000741353
55700.0000000000 0.6176092200 0.0000789793
55800.0000000000 0.6175737382 0.0000796048
55900.0000000000 0.6169472066 0.0001126166
56000.0000000000 0.6166479470 0.0001298552
56100.0000000000 0.6171510615 0.0001133496
56200.0000000000 0.6176259761 0.0000793617
56300.0000000000 0.6169473908 0.0000814963
56400.0000000000 0.6169263522 0.0001304844
56500.0000000000 0.6171141411 0.0000653032
56600.0000000000 0.6166876252 0.0000754034
56700.0000000000 0.6177584786 0.0000967615
56800.0000000000 0.6165802265 0.0001195110
56900.0000000000 0.6178056450 0.0001041154
57000.0000000000 0.6171773922 0.0000717216
57100.0000000000 0.6172579169 0.0001180582
57200.0000000000 0.6171003314 0.0000720867
57300.0000000000 0.6169821981 0.0000822857
57400.0000000000 0.6174189963 0.0001202320
57500.0000000000 0.6181922961 0.0001368134
57600.0000000000 0.6172934921 0.0000909848
57700.0000000000 0.6170701174 0.0000869792
57800.0000000000 0.6173832401 0.0001292050
57900.0000000000 0.6170083344 0.0000972186
58000.0000000000 0.6158901510 0.0001020198
58100.0000000000 0.6175057482 0.0001059375
58200.0000000000 0.6174971825 0.0000807539
58300.0000000000 0.6173162007 0.0001158549
58400.0000000000 0.6166814977 0.0001087593
58500.0000000000 0.6171635826 0.0000650102
58600.0000000000 0.6174380894 0.0000627834
58700.0000000000 0.6168145560 0.0000817836
58800.0000000000 0.6172011743 0.0000926777
58900.0000000000 0.6168294270 0.0001268801
59000.0000000000 0.6170999843 0.0000865583
59100.0000000000 0.6172644099 0.0000869841
59200.0000000000 0.6170644394 0.0000644481
59300.0000000000 0.6172185256 0.0000567024
59400.0000000000 0.6169652026 0.0001367021
59500.0000000000 0.6175606569 0.0000961616
59600.0000000000 0.6175911573 0.0000815291
59700.0000000000 0.6172234107 0.0000924960
59800.0000000000 0.6168275686 0.0000947379
59900.0000000000 0.6176160483 0.0000928819
60000.0000000000 0.6169843908 0.0000945379
60100.0000000000 0.6169881609 0.0000673960
60200.0000000000 0.6166896982 0.0000831690
60300.0000000000 0.6167631093 0.0000689601
60400.0000000000 0.6166565179 0.0001356758
60500.0000000000 0.6174881496 0.0000660292
60600.0000000000 0.6167608327 0.0000694600
60700.0000000000 0.6175086862 0.0000851522
60800.0000000000 0.6165947158 0.0000585536
60900.0000000000 0.6172114973 0.0000987034
61000.0000000000 0.6172317137 0.0001091486
61100.0000000000 0.6164737179 0.0001190910
61200.0000000000 0.6164581014 0.0000723305
61300.0000000000 0.6169874559 0.0000630572
61400.0000000000 0.6176285890 0.0001034339
61500.0000000000 0.6172752634 0.0001018650
61600.0000000000 0.6170784763 0.0001031755
61700.0000000000 0.6178712276 0.0001018977
61800.0000000000 0.6179279142 0.0000737721
61900.0000000000 0.6165229563 0.0000679657
62000.0000000000 0.6164135876 0.0000877634
62100.0000000000 0.6175440443 0.0000609527
62200.0000000000 0.6175478971 0.0000770310
62300.0000000000 0.6172882004 0.0000749297
62400.0000000000 0.6181020218 0.0000737489
62500.0000000000 0.6169897300 0.0000777267
62600.0000000000 0.6161659183 0.0000743060
62700.0000000000 0.6170214879 0.0000741318
62800.0000000000 0.6169642125 0.0000998024
62900.0000000000 0.6166589524 0.0000951721
63000.0000000000 0.6167052871 0.0000593323
63100.0000000000 0.6174267409 0.0001153570
63200.0000000000 0.6171587656 0.0000706142
63300.0000000000 0.6168705884 0.0001005998
63400.0000000000 0.6167821441 0.0000947529
63500.0000000000 0.6166749261 0.0000601400
63600.0000000000 0.6177610580 0.0000740595
63700.0000000000 0.6163356062 0.0001087611
63800.0000000000 0.6170851742 0.0000881653
63900.0000000000 0.6168684789 0.0000779221
64000.0000000000 0.6171351118 0.0000693380
64100.0000000000 0.6172960963 0.0000703063
64200.0000000000 0.6169511088 0.0000656077
64300.0000000000 0.6171152409 0.0000829383
64400.0000000000 0.6178203803 0.0000785578
64500.0000000000 0.6160203971 0.0000769300
64600.0000000000 0.6175625508 0.0000859997
64700.0000000000 0.6165208367 0.0000848336
64800.0000000000 0.6171566475 0.0000572620
64900.0000000000 0.6172147544 0.0000754739
65000.0000000000 0.6179145280 0.0000947687
65100.0000000000 0.6172005548 0.0000760165
65200.0000000000 0.6165767966 0.0000592095
65300.0000000000 0.6173617586 0.0000670671
65400.0000000000 0.6172224230 0.0000944052
65500.0000000000 0.6169499896 0.0000717245
65600.0000000000 0.6169319226 0.0000737985
65700.0000000000 0.6177052299 0.0000708231
65800.0000000000 0.6164405382 0.0000707829
65900.0000000000 0.6171175456 0.0000695293
66000.0000000000 0.6170697349 0.0000842108
66100.0000000000 0.6172015571 0.0000719576
66200.0000000000 0.6170995144 0.0000620745
66300.0000000000 0.6170611516 0.0000859921
66400.0000000000 0.6171338594 0.0001067633
66500.0000000000 0.6169801086 0.0000637454
66600.0000000000 0.6167605700 0.0000731017
66700.0000000000 0.6170748789 0.0000659343
66800.0000000000 0.6167819021 0.0000691766
66900.0000000000 0.6164144127 0.0000531055
67000.0000000000 0.6169311175 0.0000976133
67100.0000000000 0.6174551259 0.0000880409
67200.0000000000 0.6175883125 0.0000863214
67300.0000000000 0.6170078448 0.0000564158
67400.0000000000 0.6176062123 0.0000998307
67500.0000000000 0.6170948923 0.0000727005
67600.0000000000 0.6169621328 0.0000749519
67700.0000000000 0.6175869343 0.0000944892
67800.0000000000 0.6167659436 0.0000698050
67900.0000000000 0.6161711487 0.0000660389
68000.0000000000 0.6170750797 0.0000735692
68100.0000000000 0.6163838021 0.0000666393
68200.0000000000 0.6171982728 0.0000714615
68300.0000000000 0.6176020518 0.0000599146
68400.0000000000 0.6164830623 0.0000896852
68500.0000000000 0.6171599494 0.0000690557
68600.0000000000 0.6167196121 0.0000773239
68700.0000000000 0.6174474127 0.0000617292
68800.0000000000 0.6167451089 0.0000806721
68900.0000000000 0.6173741715 0.0000634333
69000.0000000000 0.6172257905 0.0000889095
69100.0000000000 0.6176074346 0.0000719907
69200.0000000000 0.6170062379 0.0000624673
69300.0000000000 0.6172429960 0.0000627507
69400.0000000000 0.6168175343 0.0000775425
69500.0000000000 0.6175049322 0.0000724262
69600.0000000000 0.6164336956 0.0001018011
69700.0000000000 0.6164494274 0.0000639977
69800.0000000000 0.6170013252 0.0000667695
69900.0000000000 0.6170882686 0.0000782221
70000.0000000000 0.6169873901 0.0000589265
70100.0000000000 0.6168568506 0.0000717520
70200.0000000000 0.6172362852 0.0000637914
70300.0000000000 0.6174256014 0.0000656599
70400.0000000000 0.6174485546 0.0000776708
70500.0000000000 0.6162363389 0.0000720950
70600.0000000000 0.6168785431 0.0000627686
70700.0000000000 0.6168416519 0.0000741585
70800.0000000000 0.6170312435 0.0000948548
70900.0000000000 0.6177214277 0.0000799693
71000.0000000000 0.6166907690 0.0000601349
71100.0000000000 0.6167382797 0.0000867824
71200.0000000000 0.6175492439 0.0000574795
71300.0000000000 0.6165790100 0.0000596429
71400.0000000000 0.6174699270 0.0000869022
71500.0000000000 0.6173723800 0.0000687338
71600.0000000000 0.6170913607 0.0000723740
71700.0000000000 0.6176578311 0.0000571395
71800.0000000000 0.6175154271 0.0000676354
71900.0000000000 0.6169074622 0.0000633710
72000.0000000000 0.6169609383 0.0000823304
72100.0000000000 0.6168715278 0.0000711231
72200.0000000000 0.6164095645 0.0000741077
72300.0000000000 0.6163721380 0.0000768587
72400.0000000000 0.6168214313 0.0000624401
72500.0000000000 0.6175391676 0.0000953932
72600.0000000000 0.6175491886 0.0000673208
72700.0000000000 0.6173721568 0.0000563995
72800.0000000000 0.6169100776 0.0000693954
72900.0000000000 0.6172266988 0.0000790960
73000.0000000000 0.6170796583 0.0000731583
73100.0000000000 0.6174495336 0.0000723397
73200.0000000000 0.6168240595 0.0000798771
73300.0000000000 0.6164818261 0.0000782268
73400.0000000000 0.6170705903 0.0000532391
73500.0000000000 0.6165663250 0.0000778685
73600.0000000000 0.6170076159 0.0000702148
73700.0000000000 0.6161879492 0.0000708832
73800.0000000000 0.6172793166 0.0000670609
73900.0000000000 0.6172439825 0.0000723638
74000.0000000000 0.6171671623 0.0000710939
74100.0000000000 0.6167657087 0.0000815533
74200.0000000000 0.6168272579 0.0000678799
74300.0000000000 0.6172984640 0.0000701231
74400.0000000000 0.6165725301 0.0000710150
74500.0000000000 0.6170861531 0.0000566505
74600.0000000000 0.6166291815 0.0000712448
74700.0000000000 0.6171226558 0.0000542896
74800.0000000000 0.6171027562 0.0000597670
74900.0000000000 0.6169180886 0.0000610088
75000.0000000000 0.6171310499 0.0000631649
75100.0000000000 0.6174846888 0.0000564849
75200.0000000000 0.6167406166 0.0000765385
75300.0000000000 0.6170247290 0.0000586017
75400.0000000000 0.6168124563 0.0000701338
75500.0000000000 0.6167457566 0.0000523394
75600.0000000000 0.6171893964 0.0000543056
75700.0000000000 0.6166078849 0.0000776065
75800.0000000000 0.6171542407 0.0000650639
75900.0000000000 0.6164515148 0.0000683989
76000.0000000000 0.6168804125 0.0000652092
76100.0000000000 0.6166437589 0.0000622309
76200.0000000000 0.6173402303 0.0000622291
76300.0000000000 0.6174393063 0.0000619636
76400.0000000000 0.6169338888 0.0000707176
76500.0000000000 0.6172345503 0.0000605377
76600.0000000000 0.6173783396 0.0000667156
76700.0000000000 0.6164772120 0.0000677011
76800.0000000000 0.6172013824 0.0000696981
76900.0000000000 0.6167484330 0.0000715678
77000.0000000000 0.6166220865 0.0000605021
77100.0000000000 0.6170692771 0.0000622464
77200.0000000000 0.6171363734 0.0000647243
77300.0000000000 0.6167208592 0.0000577034
77400.0000000000 0.6167579908 0.0000650318
77500.0000000000 0.6170144476 0.0000542952
77600.0000000000 0.6169088165 0.0000689074
77700.0000000000 0.6167113289 0.0000677396
77800.0000000000 0.6164466626 0.0000879596
77900.0000000000 0.6166774387 0.0000590973
78000.0000000000 0.6176562415 0.0000738338
78100.0000000000 0.6169986604 0.0000637503
78200.0000000000 0.6158924239 0.0000808987
78300.0000000000 0.6172598148 0.0001024045
78400.0000000000 0.6169460417 0.0000533105
78500.0000000000 0.6168381940 0.0000575879
78600.0000000000 0.6166035067 0.0000666596
78700.0000000000 0.6166873347 0.0000634804
78800.0000000000 0.6171008685 0.0000557823
78900.0000000000 0.6174376927 0.0000760439
79000.0000000000 0.6168267981 0.0000706441
79100.0000000000 0.6172343895 0.0000572417
79200.0000000000 0.6170748445 0.0000764327
79300.0000000000 0.6170749398 0.0000554650
79400.0000000000 0.6170761185 0.0000613118
79500.0000000000 0.6171995866 0.0000546390
79600.0000000000 0.6165920087 0.0000560940
79700.0000000000 0.6164314580 0.0000617081
79800.0000000000 0.6165912269 0.0000554552
79900.0000000000 0.6170644982 0.0000588186
80000.0000000000 0.6166397849 0.0000623129
80100.0000000000 0.6171798133 0.0000568854
80200.0000000000 0.6169752367 0.0000476156
80300.0000000000 0.6162340157 0.0000607773
80400.0000000000 0.6169661351 0.0000529514
80500.0000000000 0.6172738980 0.0000675834
80600.0000000000 0.6168231676 0.0000635022
80700.0000000000 0.6167518977 0.0000561269
80800.0000000000 0.6174843145 0.0000890610
80900.0000000000 0.6166761513 0.0000512541
81000.0000000000 0.6172894228 0.0000557451
81100.0000000000 0.6171578853 0.0000538044
81200.0000000000 0.6169017072 0.0000625671
81300.0000000000 0.6172341779 0.0000636741
81400.0000000000 0.6170271408 0.0000732922
81500.0000000000 0.6166966548 0.0000596175
81600.0000000000 0.6168116655 0.0000840516
81700.0000000000 0.6167621779 0.0000589568
81800.0000000000 0.6171133485 0.0000578382
81900.0000000000 0.6166509030 0.0000563247
82000.0000000000 0.6168425365 0.0000662049
82100.0000000000 0.6172662759 0.0000727033
82200.0000000000 0.6170356243 0.0000796331
82300.0000000000 0.6172123687 0.0000549981
82400.0000000000 0.6164709063 0.0000635925
82500.0000000000 0.6168981993 0.0000600537
82600.0000000000 0.6166561611 0.0000605660
82700.0000000000 0.6175756955 0.0000545204
82800.0000000000 0.6173711097 0.0000552183
82900.0000000000 0.6168665314 0.0000576026
83000.0000000000 0.6164402267 0.0000645504
83100.0000000000 0.6174192721 0.0000609997
83200.0000000000 0.6162356976 0.0000759110
83300.0000000000 0.6167465990 0.0000575171
83400.0000000000 0.6170350673 0.0000607622
83500.0000000000 0.6161988226 0.0000727665
83600.0000000000 0.6164493681 0.0000732909
83700.0000000000 0.6166502985 0.0000628664
83800.0000000000 0.6170693603 0.0000801091
83900.0000000000 0.6172334681 0.0000708063
84000.0000000000 0.6169115675 0.0000531328
84100.0000000000 0.6165258797 0.0000722556
84200.0000000000 0.6169358482 0.0000607959
84300.0000000000 0.6170711479 0.0000656216
84400.0000000000 0.6167330521 0.0000562775
84500.0000000000 0.6163326657 0.0000634991
84600.0000000000 0.6173026014 0.0000612955
84700.0000000000 0.6167363838 0.0000572090
84800.0000000000 0.6179795365 0.0000790132
84900.0000000000 0.6169338578 0.0000571107
85000.0000000000 0.6163542274 0.0000571587
85100.0000000000 0.6170040682 0.0000520019
85200.0000000000 0.6168996302 0.0000524429
85300.0000000000 0.6168966202 0.0000507221
85400.0000000000 0.6169415876 0.0000617710
85500.0000000000 0.6174796906 0.0000599207
85600.0000000000 0.6169234362 0.0000610677
85700.0000000000 0.6173507376 0.0000515378
85800.0000000000 0.6167338083 0.0000498797
85900.0000000000 0.6168341282 0.0000501882
86000.0000000000 0.6168581018 0.0000574707
86100.0000000000 0.6170305603 0.0000556103
86200.0000000000 0.6168353392 0.0000512947
86300.0000000000 0.6171730679 0.0000553973
86400.0000000000 0.6168311202 0.0000631895
86500.0000000000 0.6168937055 0.0000542144
86600.0000000000 0.6168752549 0.0000609315
86700.0000000000 0.6169221830 0.0000605385
86800.0000000000 0.6170544439 0.0000496560
86900.0000000000 0.6167108681 0.0000551208
87000.0000000000 0.6169318104 0.0000530506
87100.0000000000 0.6164999887 0.0000594428
87200.0000000000 0.6166512403 0.0000610754
87300.0000000000 0.6166748955 0.0000502974
87400.0000000000 0.6171646631 0.0000664582
87500.0000000000 0.6165707400 0.0000562927
87600.0000000000 0.6165332925 0.0000531165
87700.0000000000 0.6170344445 0.0000590209
87800.0000000000 0.6169096953 0.0000585320
87900.0000000000 0.6173203023 0.0000631708
88000.0000000000 0.6170302497 0.0000579303
88100.0000000000 0.6169427022 0.0000561315
88200.0000000000 0.6169692054 0.0000576002
88300.0000000000 0.6168409199 0.0000536711
88400.0000000000 0.6166466925 0.0000529938
88500.0000000000 0.6169139829 0.0000582819
88600.0000000000 0.6168374684 0.0000557666
88700.0000000000 0.6167825716 0.0000499947
88800.0000000000 0.6170684844 0.0000550606
88900.0000000000 0.6167725999 0.0000564227
89000.0000000000 0.6164522615 0.0000600675
89100.0000000000 0.6166627024 0.0000638537
89200.0000000000 0.6169834118 0.0000583850
89300.0000000000 0.6164265566 0.0000514032
89400.0000000000 0.6168265098 0.0000696269
89500.0000000000 0.6167252037 0.0000531306
89600.0000000000 0.6167228247 0.0000677231
89700.0000000000 0.6169836013 0.0000539771
89800.0000000000 0.6168210798 0.0000499746
89900.0000000000 0.6166234714 0.0000541992
90000.0000000000 0.6172831040 0.0000617103
90100.0000000000 0.6170407531 0.0000489528
90200.0000000000 0.6168604997 0.0000531386
90300.0000000000 0.6168884213 0.0000623136
90400.0000000000 0.6171318049 0.0000547502
90500.0000000000 0.6165109501 0.0000584785
90600.0000000000 0.6166083977 0.0000579093
90700.0000000000 0.6170289900 0.0000560546
90800.0000000000 0.6167701988 0.0000496864
90900.0000000000 0.6170841455 0.0000487184
91000.0000000000 0.6168221996 0.0000505617
91100.0000000000 0.6168589070 0.0000579127
91200.0000000000 0.6169919606 0.0000510408
91300.0000000000 0.6165972226 0.0000622233
91400.0000000000 0.6172511017 0.0000579905
91500.0000000000 0.6169724647 0.0000589221
91600.0000000000 0.6169977582 0.0000485931
91700.0000000000 0.6171847443 0.0000494871
91800.0000000000 0.6170981204 0.0000614497
91900.0000000000 0.6167825148 0.0000578014
92000.0000000000 0.6170585215 0.0000492830
92100.0000000000 0.6168696270 0.0000490679
92200.0000000000 0.6172275986 0.0000550297
92300.0000000000 0.6166279507 0.0000509574
92400.0000000000 0.6167032397 0.0000611895
92500.0000000000 0.6164972062 0.0000513328
92600.0000000000 0.6166904512 0.0000602002
92700.0000000000 0.6171596952 0.0000524193
92800.0000000000 0.6169600686 0.0000616376
92900.0000000000 0.6168117105 0.0000568610
93000.0000000000 0.6166519436 0.0000529816
93100.0000000000 0.6170093220 0.0000486424
93200.0000000000 0.6169264067 0.0000609703
93300.0000000000 0.6168150622 0.0000497164
93400.0000000000 0.6167512071 0.0000618709
93500.0000000000 0.6172738317 0.0000533133
93600.0000000000 0.6171554889 0.0000548364
93700.0000000000 0.6169603379 0.0000618599
93800.0000000000 0.6164594723 0.0000511679
93900.0000000000 0.6166880949 0.0000528656
94000.0000000000 0.6161569314 0.0000621510
94100.0000000000 0.6165634698 0.0000637962
94200.0000000000 0.6168682490 0.0000608541
94300.0000000000 0.6171726844 0.0000565340
94400.0000000000 0.6166236301 0.0000519735
94500.0000000000 0.6165219130 0.0000570875
94600.0000000000 0.6165795411 0.0000519689
94700.0000000000 0.6167071565 0.0000517907
94800.0000000000 0.6165046150 0.0000535431
94900.0000000000 0.6171717022 0.0000518860
95000.0000000000 0.6167696987 0.0000525470
95100.0000000000 0.6168397304 0.0000493232
95200.0000000000 0.6172906269 0.0000597468
95300.0000000000 0.6168878992 0.0000530724
95400.0000000000 0.6170061299 0.0000559183
95500.0000000000 0.6165681546 0.0000503659
95600.0000000000 0.6170092539 0.0000476951
95700.0000000000 0.6170479461 0.0000569048
95800.0000000000 0.6169402203 0.0000498038
95900.0000000000 0.6170956204 0.0000544953
96000.0000000000 0.6170315594 0.0000649744
96100.0000000000 0.6166268466 0.0000604878
96200.0000000000 0.6166357572 0.0000515868
96300.0000000000 0.6169228518 0.0000504446
96400.0000000000 0.6169292793 0.0000487790
96500.0000000000 0.6168076926 0.0000466316
96600.0000000000 0.6169139796 0.0000509215
96700.0000000000 0.6167934859 0.0000535462
96800.0000000000 0.6169619846 0.0000567055
96900.0000000000 0.6170849966 0.0000526980
97000.0000000000 0.6169716760 0.0000552722
97100.0000000000 0.6163839927 0.0000484409
97200.0000000000 0.6169009575 0.0000507818
97300.0000000000 0.6166290144 0.0000497597
97400.0000000000 0.6170838067 0.0000559872
97500.0000000000 0.6168772029 0.0000479193
97600.0000000000 0.6170775712 0.0000494889
97700.0000000000 0.6164001636 0.0000612806
97800.0000000000 0.6167971046 0.0000502125
97900.0000000000 0.6169377897 0.0000533606
98000.0000000000 0.6165901972 0.0000510786
98100.0000000000 0.6167819015 0.0000477672
98200.0000000000 0.6167191095 0.0000477640
98300.0000000000 0.6168280664 0.0000497424
98400.0000000000 0.6166591785 0.0000546513
98500.0000000000 0.6165412893 0.0000508841
98600.0000000000 0.6170909476 0.0000547807
98700.0000000000 0.6169462988 0.0000574442
98800.0000000000 0.6171676490 0.0000544687
98900.0000000000 0.6165733081 0.0000546829
99000.0000000000 0.6170214940 0.0000553736
99100.0000000000 0.6165833648 0.0000643239
99200.0000000000 0.6169747701 0.0000624722
99300.0000000000 0.6165502586 0.0000475314
99400.0000000000 0.6166936063 0.0000560332
99500.0000000000 0.6168316768 0.0000488495
99600.0000000000 0.6169044664 0.0000533109
99700.0000000000 0.6166583385 0.0000480592
99800.0000000000 0.6166235769 0.0000554327
99900.0000000000 0.6163935349 0.0000494354
100000.0000000000 0.6168433738 0.0000536856
100100.0000000000 0.6171334886 0.0000518241
100200.0000000000 0.6171358866 0.0000474244
100300.0000000000 0.6169647388 0.0000506699
100400.0000000000 0.6171448736 0.0000496348
100500.0000000000 0.6167333838 0.0000549386
100600.0000000000 0.6171715370 0.0000528278
100700.0000000000 0.6169802163 0.0000562746
100800.0000000000 0.6169228682 0.0000478546
100900.0000000000 0.6170231535 0.0000582815
101000.0000000000 0.6171456453 0.0000552192
101100.0000000000 0.6165659287 0.0000497996
101200.0000000000 0.6166173125 0.0000493575
101300.0000000000 0.6166824462 0.0000533049
101400.0000000000 0.6169074718 0.0000576611
101500.0000000000 0.6168339963 0.0000489321
101600.0000000000 0.6169609999 0.0000517618
101700.0000000000 0.6167666426 0.0000474438
101800.0000000000 0.6170132484 0.0000531265
101900.0000000000 0.6163982077 0.0000522985
102000.0000000000 0.6167179564 0.0000520956
102100.0000000000 0.6166150485 0.0000556506
102200.0000000000 0.6168170855 0.0000484169
102300.0000000000 0.6167891150 0.0000516189
102400.0000000000 0.6168407151 0.0000543324
102500.0000000000 0.6167553068 0.0000573062
102600.0000000000 0.6167857250 0.0000480775
102700.0000000000 0.6168383131 0.0000570782
102800.0000000000 0.6169827561 0.0000535329
102900.0000000000 0.6166112691 0.0000567902
103000.0000000000 0.6167486244 0.0000514521
103100.0000000000 0.6165701430 0.0000544932
103200.0000000000 0.6169303467 0.0000467184
103300.0000000000 0.6166983594 0.0000500148
103400.0000000000 0.6165016902 0.0000542931
103500.0000000000 0.6165450550 0.0000497091
103600.0000000000 0.6168320529 0.0000522168
103700.0000000000 0.6168729848 0.0000491753
103800.0000000000 0.6166216899 0.0000519273
103900.0000000000 0.6166350841 0.0000587428
104000.0000000000 0.6167481014 0.0000479991
104100.0000000000 0.6168371086 0.0000561886
104200.0000000000 0.6166066557 0.0000575935
104300.0000000000 0.6164970843 0.0000484522
104400.0000000000 0.6164540920 0.0000484979
104500.0000000000 0.6167044236 0.0000483301
104600.0000000000 0.6161350953 0.0000565303
104700.0000000000 0.6164192845 0.0000477456
104800.0000000000 0.6166866282 0.0000487626
104900.0000000000 0.6167656438 0.0000579709
105000.0000000000 0.6165669219 0.0000476319
105100.0000000000 0.6167316190 0.0000468636
105200.0000000000 0.6170843929 0.0000474487
105300.0000000000 0.6167968230 0.0000464819
105400.0000000000 0.6167735905 0.0000504661
105500.0000000000 0.6167321461 0.0000516230
105600.0000000000 0.6169171386 0.0000504224
105700.0000000000 0.6166231527 0.0000528800
105800.0000000000 0.6165990751 0.0000471815
105900.0000000000 0.6166158812 0.0000507528
106000.0000000000 0.6167877270 0.0000492082
106100.0000000000 0.6168637899 0.0000560744
106200.0000000000 0.6169863394 0.0000468780
106300.0000000000 0.6167182096 0.0000510399
106400.0000000000 0.6167873451 0.0000473078
106500.0000000000 0.6170074516 0.0000513474
106600.0000000000 0.6167968310 0.0000465935
106700.0000000000 0.6167234497 0.0000515471
106800.0000000000 0.6168052731 0.0000507715
106900.0000000000 0.6166343696 0.0000511094
107000.0000000000 0.6171147164 0.0000515344
107100.0000000000 0.6164958240 0.0000525899
107200.0000000000 0.6164519950 0.0000476172
107300.0000000000 0.6166593102 0.0000518534
107400.0000000000 0.6170086671 0.0000491443
107500.0000000000 0.6165955984 0.0000522770
107600.0000000000 0.6163276272 0.0000509541
107700.0000000000 0.6167382433 0.0000476025
107800.0000000000 0.6168805395 0.0000477117
107900.0000000000 0.6166490150 0.0000467202
108000.0000000000 0.6169849293 0.0000556588
108100.0000000000 0.6170795186 0.0000486174
108200.0000000000 0.6168373001 0.0000479889
108300.0000000000 0.6165886778 0.0000477350
108400.0000000000 0.6168626976 0.0000483642
108500.0000000000 0.6166684919 0.0000475460
108600.0000000000 0.6168663326 0.0000474178
108700.0000000000 0.6168423693 0.0000508001
108800.0000000000 0.6170606764 0.0000584181
108900.0000000000 0.6164891946 0.0000487854
109000.0000000000 0.6170525949 0.0000508432
109100.0000000000 0.6164313385 0.0000492596
109200.0000000000 0.6163951611 0.0000514631
109300.0000000000 0.6169563607 0.0000521103
109400.0000000000 0.6166820185 0.0000471313
109500.0000000000 0.6166456494 0.0000509483
109600.0000000000 0.6164251801 0.0000532840
109700.0000000000 0.6162359735 0.0000661226
109800.0000000000 0.6166005455 0.0000588964
109900.0000000000 0.6168406218 0.0000481241
110000.0000000000 0.6166205863 0.0000506458
110100.0000000000 0.6168549822 0.0000499697
110200.0000000000 0.6164738826 0.0000501314
110300.0000000000 0.6169003276 0.0000450654
110400.0000000000 0.6168008630 0.0000446837
110500.0000000000 0.6168717994 0.0000471455
110600.0000000000 0.6167355159 0.0000485900
110700.0000000000 0.6166348965 0.0000472621
110800.0000000000 0.6168056776 0.0000465805
110900.0000000000 0.6168708677 0.0000497336
111000.0000000000 0.6167989356 0.0000456654
111100.0000000000 0.6162901159 0.0000505080
111200.0000000000 0.6167170339 0.0000451271
111300.0000000000 0.6166448204 0.0000480141
111400.0000000000 0.6169035593 0.0000513291
111500.0000000000 0.6165855661 0.0000486393
111600.0000000000 0.6168725266 0.0000482426
111700.0000000000 0.6165975890 0.0000453749
111800.0000000000 0.6168153405 0.0000532094
111900.0000000000 0.6165335764 0.0000508275
112000.0000000000 0.6168501310 0.0000523439
112100.0000000000 0.6168062006 0.0000472248
112200.0000000000 0.6166063721 0.0000467138
112300.0000000000 0.6167797879 0.0000487286
112400.0000000000 0.6167009333 0.0000562305
112500.0000000000 0.6167639613 0.0000461578
112600.0000000000 0.6167237887 0.0000490426
112700.0000000000 0.6167312183 0.0000490035
112800.0000000000 0.6168260906 0.0000471243
112900.0000000000 0.6164109031 0.0000496725
113000.0000000000 0.6165887904 0.0000519544
113100.0000000000 0.6169365622 0.0000502380
113200.0000000000 0.6168370698 0.0000466532
113300.0000000000 0.6166982934 0.0000477850
113400.0000000000 0.6164233084 0.0000496792
113500.0000000000 0.6165016245 0.0000493315
113600.0000000000 0.6171414774 0.0000542547
113700.0000000000 0.6164719027 0.0000458892
113800.0000000000 0.6164254365 0.0000522894
113900.0000000000 0.6164854376 0.0000488645
114000.0000000000 0.6168195417 0.0000463189
114100.0000000000 0.6164882353 0.0000491252
114200.0000000000 0.6168638433 0.0000503842
114300.0000000000 0.6165519157 0.0000502916
114400.0000000000 0.6165323373 0.0000458686
114500.0000000000 0.6164131527 0.0000503812
114600.0000000000 0.6164069954 0.0000550488
114700.0000000000 0.6165655415 0.0000589742
114800.0000000000 0.6160940654 0.0000595853
114900.0000000000 0.6165000026 0.0000553564
115000.0000000000 0.6161920018 0.0000516553
115100.0000000000 0.6161800602 0.0000492472
115200.0000000000 0.6160461289 0.0000492036
115300.0000000000 0.6160955269 0.0000474457
115400.0000000000 0.6160680972 0.0000502595
115500.0000000000 0.6162360078 0.0000485810
115600.0000000000 0.6161076664 0.0000482562
115700.0000000000 0.6161804971 0.0000469654
115800.0000000000 0.6161997005 0.0000494955
115900.0000000000 0.6161378221 0.0000487985
116000.0000000000 0.6162717189 0.0000478612
116100.0000000000 0.6161836972 0.0000476583
116200.0000000000 0.6162664026 0.0000481351
116300.0000000000 0.6161507408 0.0000496865
116400.0000000000 0.6161336478 0.0000519261
116500.0000000000 0.6162351805 0.0000489043
116600.0000000000 0.6165800013 0.0000541662
116700.0000000000 0.6163201048 0.0000466567
116800.0000000000 0.6163193783 0.0000489681
116900.0000000000 0.6162514715 0.0000492259
117000.0000000000 0.6162639432 0.0000509634
117100.0000000000 0.6165830959 0.0000488198
117200.0000000000 0.6164850298 0.0000478801
117300.0000000000 0.6161137247 0.0000539325
117400.0000000000 0.6161697203 0.0000534677
117500.0000000000 0.6163913125 0.0000511873
117600.0000000000 0.6163179139 0.0000517802
117700.0000000000 0.6163228454 0.0000496099
117800.0000000000 0.6164700331 0.0000484421
117900.0000000000 0.6164658894 0.0000489076
118000.0000000000 0.6166190952 0.0000514772
118100.0000000000 0.6165870775 0.0000500433
118200.0000000000 0.6164340203 0.0000481998
118300.0000000000 0.6163790254 0.0000521809
118400.0000000000 0.6164157779 0.0000477696
118500.0000000000 0.6163632081 0.0000514283
118600.0000000000 0.6163649831 0.0000483918
118700.0000000000 0.6165435668 0.0000481305
118800.0000000000 0.6166214398 0.0000513913
118900.0000000000 0.6165926265 0.0000486962
119000.0000000000 0.6164143142 0.0000501971
119100.0000000000 0.6167351933 0.0000518936
119200.0000000000 0.6163696660 0.0000507612
119300.0000000000 0.6166431632 0.0000517190
119400.0000000000 0.6166831542 0.0000500964
119500.0000000000 0.6166813924 0.0000470495
119600.0000000000 0.6164640316 0.0000474604
119700.0000000000 0.6165050081 0.0000485679
119800.0000000000 0.6163564794 0.0000514596
119900.0000000000 0.6166640217 0.0000520615
120000.0000000000 0.6164753003 0.0000502037
120100.0000000000 0.6166214488 0.0000477631
120200.0000000000 0.6165350249 0.0000489804
120300.0000000000 0.6168487809 0.0000491310
120400.0000000000 0.6165050377 0.0000489602
120500.0000000000 0.6168179896 0.0000482046
120600.0000000000 0.6166211897 0.0000497546
120700.0000000000 0.6165215138 0.0000490755
120800.0000000000 0.6166286188 0.0000477438
120900.0000000000 0.6167750326 0.0000480537
121000.0000000000 0.6167330901 0.0000477829
121100.0000000000 0.6168472889 0.0000486090
121200.0000000000 0.6167464586 0.0000481626
121300.0000000000 0.6167971908 0.0000458989
121400.0000000000 0.6167676737 0.0000477312
121500.0000000000 0.6167308877 0.0000508735
121600.0000000000 0.6167066132 0.0000479536
121700.0000000000 0.6168075444 0.0000491211
121800.0000000000 0.6167076376 0.0000506965
121900.0000000000 0.6165486009 0.0000504430
122000.0000000000 0.6168299602 0.0000511708
122100.0000000000 0.6163381242 0.0000506403
122200.0000000000 0.6166796857 0.0000463306
122300.0000000000 0.6166631313 0.0000510344
122400.0000000000 0.6167676484 0.0000481910
122500.0000000000 0.6165926330 0.0000500887
122600.0000000000 0.6167517539 0.0000480416
122700.0000000000 0.6166354958 0.0000474197
122800.0000000000 0.6165992801 0.0000471859
122900.0000000000 0.6165942981 0.0000483584
123000.0000000000 0.6167901709 0.0000478811
123100.0000000000 0.6165479541 0.0000475893
123200.0000000000 0.6166328369 0.0000515991
123300.0000000000 0.6168846204 0.0000488681
123400.0000000000 0.6167782725 0.0000518178
123500.0000000000 0.6166350267 0.0000488050
123600.0000000000 0.6168471366 0.0000500444
123700.0000000000 0.6166987261 0.0000469878
123800.0000000000 0.6166827701 0.0000504143
123900.0000000000 0.6167283092 0.0000483775
124000.0000000000 0.6166216898 0.0000490586
124100.0000000000 0.6166427920 0.0000494748
124200.0000000000 0.6164649689 0.0000520656
124300.0000000000 0.6168363550 0.0000468081
124400.0000000000 0.6167357189 0.0000483961
124500.0000000000 0.6165647427 0.0000485786
124600.0000000000 0.6166432857 0.0000495013
124700.0000000000 0.6166679519 0.0000466368
124800.0000000000 0.6167690953 0.0000509297
124900.0000000000 0.6167053282 0.0000479472
125000.0000000000 0.6167099141 0.0000497933
125100.0000000000 0.6167047615 0.0000494481
125200.0000000000 0.6169098051 0.0000458819
125300.0000000000 0.6168175499 0.0000456074
125400.0000000000 0.6170015479 0.0000479230
125500.0000000000 0.6169151875 0.0000474959
125600.0000000000 0.6169432903 0.0000455944
125700.0000000000 0.6168622552 0.0000468807
125800.0000000000 0.6168562348 0.0000502827
125900.0000000000 0.6169769591 0.0000502350
126000.0000000000 0.6169430582 0.0000485005
126100.0000000000 0.6167760726 0.0000461575
126200.0000000000 0.6168543394 0.0000476233
126300.0000000000 0.6168165923 0.0000484445
126400.0000000000 0.6166793307 0.0000489607
126500.0000000000 0.6168362398 0.0000466681
126600.0000000000 0.6166937262 0.0000470555
126700.0000000000 0.6168517477 0.0000461222
126800.0000000000 0.6167673960 0.0000485706
126900.0000000000 0.6168574854 0.0000472853
127000.0000000000 0.6169140621 0.0000459270
127100.0000000000 0.6168256645 0.0000489497
127200.0000000000 0.6168022753 0.0000454965
127300.0000000000 0.6166692383 0.0000472758
127400.0000000000 0.6169254105 0.0000488540
127500.0000000000 0.6168900661 0.0000476315
127600.0000000000 0.6169432938 0.0000471769
127700.0000000000 0.6168524113 0.0000503051
127800.0000000000 0.6167805367 0.0000471717
127900.0000000000 0.6166929322 0.0000484456
128000.0000000000 0.6167070768 0.0000496059
128100.0000000000 0.6167282519 0.0000472148
128200.0000000000 0.6166930218 0.0000494931
128300.0000000000 0.6168270375 0.0000477211
128400.0000000000 0.6168192921 0.0000485489
128500.0000000000 0.6167932585 0.0000469448
128600.0000000000 0.6167875209 0.0000467555
128700.0000000000 0.6167628258 0.0000464032
128800.0000000000 0.6168425798 0.0000484215
128900.0000000000 0.6169166438 0.0000493191
129000.0000000000 0.6167659462 0.0000474031
129100.0000000000 0.6169086325 0.0000463927
129200.0000000000 0.6168223985 0.0000468965
129300.0000000000 0.6167150292 0.0000462621
129400.0000000000 0.6169056641 0.0000470991
129500.0000000000 0.6167528798 0.0000470954
129600.0000000000 0.6167359453 0.0000469368
129700.0000000000 0.6167800831 0.0000472356
129800.0000000000 0.6166456625 0.0000472109
129900.0000000000 0.6167099501 0.0000469384
130000.0000000000 0.6169423927 0.0000504735
130100.0000000000 0.6168620974 0.0000454136
130200.0000000000 0.6169385958 0.0000450738
130300.0000000000 0.6171845268 0.0000468321
130400.0000000000 0.6168118921 0.0000462101
130500.0000000000 0.6170378003 0.0000470697
130600.0000000000 0.6168565985 0.0000459806
130700.0000000000 0.6169008536 0.0000464959
130800.0000000000 0.6168842188 0.0000480476
130900.0000000000 0.6169417032 0.0000459681
131000.0000000000 0.6169518567 0.0000471491
131100.0000000000 0.6167954907 0.0000465662
131200.0000000000 0.6167660292 0.0000477504
131300.0000000000 0.6169979439 0.0000460135
131400.0000000000 0.6170545800 0.0000467834
131500.0000000000 0.6168067278 0.0000469103
131600.0000000000 0.6168710214 0.0000456568
131700.0000000000 0.6169200363 0.0000458527
131800.0000000000 0.6170502614 0.0000468101
131900.0000000000 0.6168576105 0.0000452242
132000.0000000000 0.6169066900 0.0000453417
132100.0000000000 0.6168622054 0.0000459569
132200.0000000000 0.6168138572 0.0000458340
132300.0000000000 0.6167178835 0.0000486220
132400.0000000000 0.6168705774 0.0000472797
132500.0000000000 0.6169870766 0.0000459536
132600.0000000000 0.6169892592 0.0000464467
132700.0000000000 0.6170177427 0.0000474824
132800.0000000000 0.6168812732 0.0000470598
132900.0000000000 0.6168868664 0.0000468657
133000.0000000000 0.6168072062 0.0000456245
133100.0000000000 0.6169203421 0.0000457379
133200.0000000000 0.6168291577 0.0000463706
133300.0000000000 0.6169424622 0.0000481551
133400.0000000000 0.6167910914 0.0000472264
133500.0000000000 0.6166429075 0.0000483019
133600.0000000000 0.6167692095 0.0000469706
133700.0000000000 0.6168832617 0.0000465133
133800.0000000000 0.6167783638 0.0000469980
133900.0000000000 0.6168206186 0.0000459113
134000.0000000000 0.6167321473 0.0000482335
134100.0000000000 0.6168188499 0.0000458775
134200.0000000000 0.6167701591 0.0000457549
134300.0000000000 0.6167168831 0.0000469916
134400.0000000000 0.6167430981 0.0000459034
134500.0000000000 0.6167234383 0.0000460674
134600.0000000000 0.6168084930 0.0000466861
134700.0000000000 0.6169069607 0.0000471657
134800.0000000000 0.6167579627 0.0000470504
134900.0000000000 0.6169513928 0.0000481454
135000.0000000000 0.6168088044 0.0000470319
135100.0000000000 0.6167653415 0.0000450954
135200.0000000000 0.6170823643 0.0000468771
135300.0000000000 0.6168965121 0.0000445558
135400.0000000000 0.6170839053 0.0000471773
135500.0000000000 0.6167868591 0.0000454976
135600.0000000000 0.6169912368 0.0000459925
135700.0000000000 0.6168852262 0.0000457969
135800.0000000000 0.6170304425 0.0000454328
135900.0000000000 0.6169300853 0.0000446187
136000.0000000000 0.6169644819 0.0000463746
136100.0000000000 0.6168234153 0.0000465260
136200.0000000000 0.6167752032 0.0000468693
136300.0000000000 0.6167626132 0.0000450731
136400.0000000000 0.6166357527 0.0000469718
136500.0000000000 0.6169305698 0.0000442508
136600.0000000000 0.6167929721 0.0000462960
136700.0000000000 0.6166041125 0.0000488408
136800.0000000000 0.6169142109 0.0000449360
136900.0000000000 0.6169604069 0.0000455970
137000.0000000000 0.6163226067 0.0000499928
137100.0000000000 0.6166596140 0.0000470689
137200.0000000000 0.6165457004 0.0000476646
137300.0000000000 0.6167976278 0.0000459020
137400.0000000000 0.6166512931 0.0000476159
137500.0000000000 0.6167340069 0.0000485436
137600.0000000000 0.6166923788 0.0000463459
137700.0000000000 0.6166514189 0.0000455218
137800.0000000000 0.6166153147 0.0000468178
137900.0000000000 0.6166774911 0.0000459455
138000.0000000000 0.6166938498 0.0000446674
138100.0000000000 0.6168008158 0.0000452455
138200.0000000000 0.6167923938 0.0000455845
138300.0000000000 0.6167231064 0.0000475657
138400.0000000000 0.6168494806 0.0000465064
138500.0000000000 0.6168011943 0.0000456849
138600.0000000000 0.6166851157 0.0000471327
138700.0000000000 0.6166984136 0.0000445865
138800.0000000000 0.6168239827 0.0000466902
138900.0000000000 0.6168764805 0.0000457825
139000.0000000000 0.6167986819 0.0000471438
139100.0000000000 0.6167064094 0.0000485105
139200.0000000000 0.6168328146 0.0000456878
139300.0000000000 0.6166821302 0.0000470237
139400.0000000000 0.6166792760 0.0000479170
139500.0000000000 0.6166287116 0.0000480914
139600.0000000000 0.6167718266 0.0000463206
139700.0000000000 0.6167310945 0.0000440651
139800.0000000000 0.6166895200 0.0000461870
139900.0000000000 0.6165824502 0.0000460463
140000.0000000000 0.6167427430 0.0000460338
140100.0000000000 0.6167743544 0.0000453336
140200.0000000000 0.6169007056 0.0000450757
140300.0000000000 0.6167394454 0.0000453688
140400.0000000000 0.6168503707 0.0000450843
140500.0000000000 0.6168518371 0.0000449945
140600.0000000000 0.6168679356 0.0000459170
140700.0000000000 0.6167500879 0.0000458451
140800.0000000000 0.6169795548 0.0000468840
140900.0000000000 0.6166882060 0.0000457349
141000.0000000000 0.6170231835 0.0000476590
141100.0000000000 0.6166992296 0.0000455191
141200.0000000000 0.6167500514 0.0000461911
141300.0000000000 0.6169007010 0.0000452730
141400.0000000000 0.6167290698 0.0000444881
141500.0000000000 0.6168897055 0.0000454576
141600.0000000000 0.6168973667 0.0000462318
141700.0000000000 0.6166065413 0.0000464258
141800.0000000000 0.6167073423 0.0000442322
141900.0000000000 0.6168554389 0.0000451741
142000.0000000000 0.6168111552 0.0000455001
142100.0000000000 0.6166497387 0.0000447854
142200.0000000000 0.6166760088 0.0000451297
142300.0000000000 0.6167985699 0.0000449672
142400.0000000000 0.6169483181 0.0000482460
142500.0000000000 0.6168311970 0.0000453566
142600.0000000000 0.6167704401 0.0000447033
142700.0000000000 0.6168239919 0.0000445604
142800.0000000000 0.6167140486 0.0000450524
142900.0000000000 0.6167317886 0.0000456608
143000.0000000000 0.6167663292 0.0000442043
143100.0000000000 0.6168636621 0.0000439241
143200.0000000000 0.6168316337 0.0000459016
143300.0000000000 0.6167586364 0.0000467261
143400.0000000000 0.6166824702 0.0000442696
143500.0000000000 0.6167784433 0.0000446018
143600.0000000000 0.6167651907 0.0000464145
143700.0000000000 0.6168828481 0.0000460559
143800.0000000000 0.6167702698 0.0000458925
143900.0000000000 0.6167060468 0.0000465305
144000.0000000000 0.6168204530 0.0000456238
144100.0000000000 0.6166815748 0.0000455401
144200.0000000000 0.6166760147 0.0000466871
144300.0000000000 0.6166512930 0.0000449738
144400.0000000000 0.6167521860 0.0000446568
144500.0000000000 0.6165773278 0.0000449452
144600.0000000000 0.6166917159 0.0000456481
144700.0000000000 0.6166990165 0.0000443526
144800.0000000000 0.6166646591 0.0000454517
144900.0000000000 0.6166195346 0.0000446772
145000.0000000000 0.6165680064 0.0000454878
145100.0000000000 0.6166151218 0.0000449342
145200.0000000000 0.6168791181 0.0000456121
145300.0000000000 0.6165990220 0.0000468009
145400.0000000000 0.6167191456 0.0000435966
145500.0000000000 0.6165341775 0.0000472859
145600.0000000000 0.6168610716 0.0000441254
145700.0000000000 0.6168938746 0.0000457781
145800.0000000000 0.6167890686 0.0000460595
145900.0000000000 0.6166482885 0.0000438133
146000.0000000000 0.6169468439 0.0000453482
146100.0000000000 0.6167392600 0.0000450958
146200.0000000000 0.6167805791 0.0000437844
146300.0000000000 0.6167398829 0.0000451115
146400.0000000000 0.6165948789 0.0000445364
146500.0000000000 0.6166864544 0.0000438959
146600.0000000000 0.6167661709 0.0000444801
146700.0000000000 0.6167670265 0.0000448894
146800.0000000000 0.6165137469 0.0000447518
146900.0000000000 0.6166423722 0.0000438816
147000.0000000000 0.6166621180 0.0000448312
147100.0000000000 0.6166488749 0.0000456362
147200.0000000000 0.6166190261 0.0000443788
147300.0000000000 0.6166845281 0.0000455529
147400.0000000000 0.6166234409 0.0000438567
147500.0000000000 0.6167358952 0.0000440426
147600.0000000000 0.6166585654 0.0000441326
147700.0000000000 0.6167956040 0.0000454062
147800.0000000000 0.6167065851 0.0000442820
147900.0000000000 0.6166860301 0.0000440987
148000.0000000000 0.6166975317 0.0000441885
148100.0000000000 0.6167243215 0.0000436569
148200.0000000000 0.6164721117 0.0000451440
148300.0000000000 0.6166450408 0.0000449203
148400.0000000000 0.6166523480 0.0000451493
148500.0000000000 0.6166855052 0.0000440298
148600.0000000000 0.6166971805 0.0000454134
148700.0000000000 0.6166837026 0.0000439000
148800.0000000000 0.6166371081 0.0000444658
148900.0000000000 0.6166105059 0.0000443628
149000.0000000000 0.6165970766 0.0000439007
149100.0000000000 0.6167212081 0.0000444306
149200.0000000000 0.6167678357 0.0000442147
149300.0000000000 0.6167417305 0.0000479527
149400.0000000000 0.6164964975 0.0000450107
149500.0000000000 0.6167221179 0.0000453943
149600.0000000000 0.6167519045 0.0000444659
149700.0000000000 0.6165483268 0.0000443476
149800.0000000000 0.6167115546 0.0000464243
149900.0000000000 0.6164843420 0.0000451164
150000.0000000000 0.6166863593 0.0000443455
150100.0000000000 0.6167021072 0.0000429172
150200.0000000000 0.6165724013 0.0000437778
150300.0000000000 0.6166755400 0.0000437806
150400.0000000000 0.6166781326 0.0000437978
150500.0000000000 0.6167517524 0.0000457214
150600.0000000000 0.6166670844 0.0000440917
150700.0000000000 0.6166482522 0.0000443382
150800.0000000000 0.6166463922 0.0000441222
150900.0000000000 0.6167283604 0.0000442733
151000.0000000000 0.6166560572 0.0000435982
151100.0000000000 0.6166630293 0.0000439770
151200.0000000000 0.6165770589 0.0000444127
151300.0000000000 0.6165831829 0.0000440696
151400.0000000000 0.6164119214 0.0000470075
151500.0000000000 0.6164323373 0.0000450614
151600.0000000000 0.6165117750 0.0000455844
151700.0000000000 0.6164857590 0.0000448295
151800.0000000000 0.6164057987 0.0000438481
151900.0000000000 0.6163475064 0.0000459304
152000.0000000000 0.6164885900 0.0000433178
152100.0000000000 0.6164474299 0.0000443168
152200.0000000000 0.6164598113 0.0000442846
152300.0000000000 0.6164389877 0.0000441435
152400.0000000000 0.6163984842 0.0000448740
152500.0000000000 0.6164453233 0.0000441617
152600.0000000000 0.6165472338 0.0000437685
152700.0000000000 0.6166202810 0.0000452845
152800.0000000000 0.6166647388 0.0000458703
152900.0000000000 0.6166020026 0.0000443385
153000.0000000000 0.6165131401 0.0000432988
153100.0000000000 0.6163144431 0.0000465961
153200.0000000000 0.6163813483 0.0000444268
153300.0000000000 0.6164742865 0.0000454465
153400.0000000000 0.6166596304 0.0000439640
153500.0000000000 0.6161849721 0.0000498544
153600.0000000000 0.6163433933 0.0000440413
153700.0000000000 0.6164625913 0.0000441734
153800.0000000000 0.6165507668 0.0000437547
153900.0000000000 0.6164695775 0.0000440607
154000.0000000000 0.6165837624 0.0000475965
154100.0000000000 0.6164965437 0.0000429360
154200.0000000000 0.6164320647 0.0000433026
154300.0000000000 0.6164747045 0.0000435247
154400.0000000000 0.6164237091 0.0000437414
154500.0000000000 0.6165643325 0.0000439063
154600.0000000000 0.6164853681 0.0000433792
154700.0000000000 0.6164275419 0.0000433662
154800.0000000000 0.6164881743 0.0000432092
154900.0000000000 0.6164124507 0.0000434856
155000.0000000000 0.6164364260 0.0000432105
155100.0000000000 0.6166436487 0.0000441466
155200.0000000000 0.6165233840 0.0000431995
155300.0000000000 0.6165205092 0.0000439203
155400.0000000000 0.6164751967 0.0000442280
155500.0000000000 0.6165991191 0.0000429851
155600.0000000000 0.6166995601 0.0000451846
155700.0000000000 0.6165499352 0.0000439236
155800.0000000000 0.6164724445 0.0000445455
155900.0000000000 0.6165449736 0.0000430066
156000.0000000000 0.6163340769 0.0000448640
156100.0000000000 0.6163982149 0.0000435787
156200.0000000000 0.6163655452 0.0000442516
156300.0000000000 0.6163754971 0.0000439105
156400.0000000000 0.6163293017 0.0000450925
156500.0000000000 0.6165266313 0.0000462465
156600.0000000000 0.6164145066 0.0000430778
156700.0000000000 0.6164190345 0.0000432920
156800.0000000000 0.6164589461 0.0000453855
156900.0000000000 0.6163635969 0.0000435711
157000.0000000000 0.6163143863 0.0000440892
157100.0000000000 0.6163194389 0.0000430902
157200.0000000000 0.6164378674 0.0000430969
157300.0000000000 0.6164279143 0.0000436533
157400.0000000000 0.6164878206 0.0000429155
157500.0000000000 0.6165286438 0.0000430254
157600.0000000000 0.6164094074 0.0000433553
157700.0000000000 0.6164434640 0.0000431533
157800.0000000000 0.6164951870 0.0000429526
157900.0000000000 0.6165048867 0.0000438133
158000.0000000000 0.6164976988 0.0000439319
158100.0000000000 0.6163964272 0.0000435376
158200.0000000000 0.6163921098 0.0000442771
158300.0000000000 0.6164106406 0.0000440188
158400.0000000000 0.6165053143 0.0000439820
158500.0000000000 0.6164393568 0.0000435984
158600.0000000000 0.6165369272 0.0000429531
158700.0000000000 0.6163342266 0.0000446650
158800.0000000000 0.6165011384 0.0000434724
158900.0000000000 0.6164223296 0.0000430055
159000.0000000000 0.6162966005 0.0000429842
159100.0000000000 0.6163389487 0.0000441616
159200.0000000000 0.6163621245 0.0000435227
159300.0000000000 0.6164025082 0.0000430255
159400.0000000000 0.6164075227 0.0000447071
159500.0000000000 0.6164269689 0.0000441472
159600.0000000000 0.6163653328 0.0000438870
159700.0000000000 0.6163999900 0.0000435242
159800.0000000000 0.6163797072 0.0000429228
159900.0000000000 0.6163711570 0.0000431735
160000.0000000000 0.6164437622 0.0000434391
160100.0000000000 0.6164775300 0.0000427560
160200.0000000000 0.6164810739 0.0000438686
160300.0000000000 0.6165183455 0.0000434309
160400.0000000000 0.6164060194 0.0000428553
160500.0000000000 0.6164010077 0.0000428363
160600.0000000000 0.6164703442 0.0000436776
160700.0000000000 0.6164895354 0.0000446750
160800.0000000000 0.6164136122 0.0000429123
160900.0000000000 0.6164431031 0.0000428958
161000.0000000000 0.6164470251 0.0000448957
161100.0000000000 0.6164423408 0.0000428190
161200.0000000000 0.6164377617 0.0000427216
161300.0000000000 0.6164200519 0.0000439841
161400.0000000000 0.6163321369 0.0000445417
161500.0000000000 0.6163876455 0.0000433240
161600.0000000000 0.6163395671 0.0000434609
161700.0000000000 0.6164174676 0.0000426716
161800.0000000000 0.6163408320 0.0000430362
161900.0000000000 0.6163427981 0.0000440486
162000.0000000000 0.6163451932 0.0000436825
162100.0000000000 0.6163696477 0.0000427242
162200.0000000000 0.6162949984 0.0000443279
162300.0000000000 0.6164110037 0.0000432102
162400.0000000000 0.6164157980 0.0000433298
162500.0000000000 0.6164999100 0.0000450806
162600.0000000000 0.6162386623 0.0000457509
162700.0000000000 0.6161967080 0.0000447021
162800.0000000000 0.6163021605 0.0000432937
162900.0000000000 0.6162611000 0.0000433221
163000.0000000000 0.6162720949 0.0000433421
163100.0000000000 0.6161872921 0.0000436108
163200.0000000000 0.6162185688 0.0000452887
163300.0000000000 0.6162028963 0.0000433056
163400.0000000000 0.6162489908 0.0000427518
163500.0000000000 0.6162501429 0.0000428840
163600.0000000000 0.6162366453 0.0000429938
163700.0000000000 0.6161502176 0.0000433397
163800.0000000000 0.6162265914 0.0000434173
163900.0000000000 0.6162392213 0.0000434171
164000.0000000000 0.6162684307 0.0000439319
164100.0000000000 0.6163029386 0.0000438129
164200.0000000000 0.6162260807 0.0000440173
164300.0000000000 0.6161599086 0.0000432720
164400.0000000000 0.6161596007 0.0000432598
164500.0000000000 0.6161520991 0.0000433498
164600.0000000000 0.6161873006 0.0000429548
164700.0000000000 0.6162023684 0.0000428414
164800.0000000000 0.6162249457 0.0000429326
164900.0000000000 0.6161321240 0.0000441599
165000.0000000000 0.6161777680 0.0000428694
165100.0000000000 0.6162594495 0.0000425838
165200.0000000000 0.6163320794 0.0000435706
165300.0000000000 0.6162010296 0.0000444578
165400.0000000000 0.6162611858 0.0000441741
165500.0000000000 0.6162728493 0.0000422694
165600.0000000000 0.6162235862 0.0000428265
165700.0000000000 0.6162428724 0.0000426571
165800.0000000000 0.6162361191 0.0000426484
165900.0000000000 0.6162757190 0.0000427347
166000.0000000000 0.6162784002 0.0000430499
166100.0000000000 0.6162208275 0.0000428372
166200.0000000000 0.6162298374 0.0000424933
166300.0000000000 0.6162396072 0.0000432509
166400.0000000000 0.6161774232 0.0000434951
166500.0000000000 0.6162725366 0.0000431294
166600.0000000000 0.6162810906 0.0000429810
166700.0000000000 0.6162345582 0.0000426319
166800.0000000000 0.6162462878 0.0000445080
166900.0000000000 0.6161598483 0.0000439834
167000.0000000000 0.6162061745 0.0000429191
167100.0000000000 0.6163006499 0.0000424301
167200.0000000000 0.6162643437 0.0000421580
167300.0000000000 0.6162811664 0.0000433477
167400.0000000000 0.6162612597 0.0000423061
167500.0000000000 0.6162110355 0.0000426548
167600.0000000000 0.6162656609 0.0000424471
167700.0000000000 0.6161073238 0.0000426291
167800.0000000000 0.6162406863 0.0000426761
167900.0000000000 0.6163019521 0.0000423787
168000.0000000000 0.6162083988 0.0000427862
168100.0000000000 0.6161710044 0.0000434100
168200.0000000000 0.6162628923 0.0000423252
168300.0000000000 0.6161892505 0.0000425424
168400.0000000000 0.6161470898 0.0000427382
168500.0000000000 0.6161591941 0.0000425158
168600.0000000000 0.6162387701 0.0000421758
168700.0000000000 0.6162424707 0.0000423906
168800.0000000000 0.6161529605 0.0000427948
168900.0000000000 0.6162451531 0.0000430907
169000.0000000000 0.6162365564 0.0000423103
169100.0000000000 0.6162197036 0.0000436369
169200.0000000000 0.6161779030 0.0000429440
169300.0000000000 0.6161893145 0.0000426765
169400.0000000000 0.6162179803 0.0000440392
169500.0000000000 0.6161199788 0.0000430027
169600.0000000000 0.6161554942 0.0000427744
169700.0000000000 0.6161756392 0.0000424739
169800.0000000000 0.6161948807 0.0000426778
169900.0000000000 0.6162597008 0.0000426938
170000.0000000000 0.6162318686 0.0000433762
170100.0000000000 0.6162341633 0.0000419853
170200.0000000000 0.6162655449 0.0000419235
170300.0000000000 0.6162938388 0.0000421814
170400.0000000000 0.6161928280 0.0000420503
170500.0000000000 0.6162438305 0.0000422654
170600.0000000000 0.6163373973 0.0000425227
170700.0000000000 0.6163244657 0.0000431744
170800.0000000000 0.6163016307 0.0000449715
170900.0000000000 0.6162398361 0.0000422777
171000.0000000000 0.6162624722 0.0000423897
171100.0000000000 0.6162670010 0.0000422390
171200.0000000000 0.6163122442 0.0000442526
171300.0000000000 0.6163524810 0.0000430274
171400.0000000000 0.6162804488 0.0000425942
171500.0000000000 0.6162950438 0.0000433622
171600.0000000000 0.6162477017 0.0000427786
171700.0000000000 0.6162882719 0.0000460519
171800.0000000000 0.6162084947 0.0000450079
171900.0000000000 0.6161543896 0.0000444988
172000.0000000000 0.6161698337 0.0000443105
172100.0000000000 0.6161152994 0.0000438779
172200.0000000000 0.6161637479 0.0000437338
172300.0000000000 0.6161512089 0.0000436676
172400.0000000000 0.6160486975 0.0000423605
172500.0000000000 0.6161023574 0.0000426217
172600.0000000000 0.6161312247 0.0000424814
172700.0000000000 0.6161575270 0.0000425744
172800.0000000000 0.6161141508 0.0000424752
172900.0000000000 0.6161319156 0.0000425075
173000.0000000000 0.6162077292 0.0000432131
173100.0000000000 0.6161574069 0.0000435108
173200.0000000000 0.6161646058 0.0000425307
173300.0000000000 0.6161245557 0.0000424926
173400.0000000000 0.6161829383 0.0000433876
173500.0000000000 0.6160055913 0.0000434086
173600.0000000000 0.6161783413 0.0000428299
173700.0000000000 0.6161294812 0.0000424768
173800.0000000000 0.6161150043 0.0000429202
173900.0000000000 0.6162169644 0.0000434172
174000.0000000000 0.6161569900 0.0000423145
174100.0000000000 0.6160258425 0.0000429015
174200.0000000000 0.6161204247 0.0000424960
174300.0000000000 0.6160956089 0.0000428253
174400.0000000000 0.6160554607 0.0000430518
174500.0000000000 0.6161247332 0.0000422593
174600.0000000000 0.6160935395 0.0000423245
174700.0000000000 0.6160942740 0.0000427437
174800.0000000000 0.6160735998 0.0000423627
174900.0000000000 0.6161061448 0.0000422496
175000.0000000000 0.6161209038 0.0000428441
175100.0000000000 0.6161453130 0.0000426379
175200.0000000000 0.6161398091 0.0000421242
175300.0000000000 0.6161613904 0.0000419423
175400.0000000000 0.6160964519 0.0000425503
175500.0000000000 0.6161696002 0.0000422283
175600.0000000000 0.6161213687 0.0000419502
175700.0000000000 0.6160912017 0.0000421032
175800.0000000000 0.6161399985 0.0000422825
175900.0000000000 0.6161588808 0.0000420201
176000.0000000000 0.6161310573 0.0000422872
176100.0000000000 0.6161518756 0.0000428388
176200.0000000000 0.6161760582 0.0000422126
176300.0000000000 0.6161571620 0.0000420337
176400.0000000000 0.6160909503 0.0000419576
176500.0000000000 0.6160768216 0.0000422029
176600.0000000000 0.6161065752 0.0000419756
176700.0000000000 0.6160889258 0.0000424108
176800.0000000000 0.6160994967 0.0000420972
176900.0000000000 0.6161090683 0.0000432571
177000.0000000000 0.6160853641 0.0000419777
177100.0000000000 0.6161489559 0.0000419084
177200.0000000000 0.6161598233 0.0000435045
177300.0000000000 0.6161138417 0.0000422811
177400.0000000000 0.6160891720 0.0000424946
177500.0000000000 0.6160751056 0.0000420280
177600.0000000000 0.6161182179 0.0000420827
177700.0000000000 0.6161109840 0.0000421232
177800.0000000000 0.6160394081 0.0000425826
177900.0000000000 0.6160378153 0.0000423749
178000.0000000000 0.6160327738 0.0000427884
178100.0000000000 0.6160953565 0.0000425909
178200.0000000000 0.6161227775 0.0000425754
178300.0000000000 0.6160582690 0.0000420445
178400.0000000000 0.6161517981 0.0000428083
178500.0000000000 0.6161197747 0.0000425376
178600.0000000000 0.6161170921 0.0000423528
178700.0000000000 0.6159616841 0.0000428575
178800.0000000000 0.6160268742 0.0000420273
178900.0000000000 0.6159939777 0.0000424566
179000.0000000000 0.6160275084 0.0000420117
179100.0000000000 0.6160555012 0.0000422679
179200.0000000000 0.6159627475 0.0000425536
179300.0000000000 0.6159858982 0.0000427495
179400.0000000000 0.6159771931 0.0000429050
179500.0000000000 0.6159522938 0.0000422148
179600.0000000000 0.6160256984 0.0000422251
179700.0000000000 0.6160205985 0.0000419777
179800.0000000000 0.6159871215 0.0000420520
179900.0000000000 0.6159837840 0.0000423111
180000.0000000000 0.6159997080 0.0000421642
180100.0000000000 0.6160021882 0.0000419550
180200.0000000000 0.6160304981 0.0000418056
180300.0000000000 0.6160303423 0.0000423589
180400.0000000000 0.6160436140 0.0000415378
180500.0000000000 0.6160300947 0.0000424397
180600.0000000000 0.6160046893 0.0000418022
180700.0000000000 0.6161930202 0.0000467215
180800.0000000000 0.6159673308 0.0000432018
180900.0000000000 0.6159251852 0.0000423794
181000.0000000000 0.6159220852 0.0000417651
181100.0000000000 0.6159837053 0.0000414129
181200.0000000000 0.6159265106 0.0000418921
181300.0000000000 0.6158915178 0.0000417303
181400.0000000000 0.6158908900 0.0000420276
181500.0000000000 0.6158900103 0.0000415645
181600.0000000000 0.6159275462 0.0000412553
181700.0000000000 0.6159836716 0.0000416132
181800.0000000000 0.6160199312 0.0000411587
181900.0000000000 0.6159048343 0.0000427034
182000.0000000000 0.6158309092 0.0000423601
182100.0000000000 0.6158393941 0.0000422119
182200.0000000000 0.6158485799 0.0000423711
182300.0000000000 0.6158923816 0.0000418320
182400.0000000000 0.6158110188 0.0000425566
182500.0000000000 0.6157849066 0.0000426993
182600.0000000000 0.6158408343 0.0000420456
182700.0000000000 0.6158245254 0.0000427565
182800.0000000000 0.6158299334 0.0000421507
182900.0000000000 0.6158264714 0.0000424428
183000.0000000000 0.6158889060 0.0000410602
183100.0000000000 0.6160095616 0.0000412624
183200.0000000000 0.6158480852 0.0000424741
183300.0000000000 0.6158277223 0.0000425418
183400.0000000000 0.6157813961 0.0000428866
183500.0000000000 0.6158954433 0.0000418876
183600.0000000000 0.6160306911 0.0000415742
183700.0000000000 0.6160035810 0.0000413625
183800.0000000000 0.6160258503 0.0000414246
183900.0000000000 0.6159827982 0.0000417669
184000.0000000000 0.6160309761 0.0000412860
184100.0000000000 0.6160631991 0.0000418187
184200.0000000000 0.6160277613 0.0000417477
184300.0000000000 0.6160558969 0.0000414210
184400.0000000000 0.6160345884 0.0000412526
184500.0000000000 0.6160153531 0.0000412541
184600.0000000000 0.6158125728 0.0000424197
184700.0000000000 0.6157703567 0.0000430835
184800.0000000000 0.6157210936 0.0000428832
184900.0000000000 0.6157738709 0.0000418443
185000.0000000000 0.6157416892 0.0000424791
185100.0000000000 0.6159313678 0.0000412094
185200.0000000000 0.6158843799 0.0000417401
185300.0000000000 0.6159926097 0.0000415442
185400.0000000000 0.6159167454 0.0000414142
185500.0000000000 0.6159367643 0.0000413346
185600.0000000000 0.6159977066 0.0000412442
185700.0000000000 0.6159781321 0.0000428707
185800.0000000000 0.6158838794 0.0000422101
185900.0000000000 0.6158192593 0.0000414023
186000.0000000000 0.6159468542 0.0000412743
186100.0000000000 0.6159843014 0.0000415181
186200.0000000000 0.6159221361 0.0000422626
186300.0000000000 0.6158294153 0.0000415026
186400.0000000000 0.6159731280 0.0000421264
186500.0000000000 0.6158685868 0.0000420323
186600.0000000000 0.6158839270 0.0000416629
186700.0000000000 0.6159423568 0.0000411655
186800.0000000000 0.6159688730 0.0000412059
186900.0000000000 0.6158934491 0.0000416857
187000.0000000000 0.6159256478 0.0000416657
187100.0000000000 0.6158144941 0.0000413311
187200.0000000000 0.6158581986 0.0000416301
187300.0000000000 0.6159337536 0.0000414867
187400.0000000000 0.6159109433 0.0000412978
187500.0000000000 0.6158645719 0.0000417568
187600.0000000000 0.6158924521 0.0000417511
187700.0000000000 0.6159073763 0.0000413898
187800.0000000000 0.6159446298 0.0000414306
187900.0000000000 0.6159377434 0.0000414556
188000.0000000000 0.6158441507 0.0000418082
188100.0000000000 0.6157944491 0.0000418525
188200.0000000000 0.6158424227 0.0000411914
188300.0000000000 0.6158263411 0.0000414757
188400.0000000000 0.6158420401 0.0000414126
188500.0000000000 0.6158782538 0.0000418071
188600.0000000000 0.6158455182 0.0000430569
188700.0000000000 0.6157603242 0.0000428709
188800.0000000000 0.6157561184 0.0000424932
188900.0000000000 0.6157639493 0.0000423880
189000.0000000000 0.6157556119 0.0000419588
189100.0000000000 0.6157039516 0.0000423214
189200.0000000000 0.6157281183 0.0000416782
189300.0000000000 0.6158282356 0.0000413962
189400.0000000000 0.6157927468 0.0000412844
189500.0000000000 0.6158494347 0.0000408535
189600.0000000000 0.6158445784 0.0000409484
189700.0000000000 0.6158430871 0.0000414318
189800.0000000000 0.6158779718 0.0000410489
189900.0000000000 0.6158661662 0.0000414681
190000.0000000000 0.6158161484 0.0000420860
190100.0000000000 0.6159381420 0.0000408455
190200.0000000000 0.6159298019 0.0000418346
190300.0000000000 0.6159358426 0.0000414020
190400.0000000000 0.6158848639 0.0000417723
190500.0000000000 0.6158627381 0.0000412611
190600.0000000000 0.6159406267 0.0000408395
190700.0000000000 0.6159222265 0.0000410700
190800.0000000000 0.6158623783 0.0000414504
190900.0000000000 0.6158178035 0.0000410729
191000.0000000000 0.6158454968 0.0000415018
191100.0000000000 0.6159127242 0.0000409403
191200.0000000000 0.6157965003 0.0000412782
191300.0000000000 0.6157956940 0.0000421756
191400.0000000000 0.6157478676 0.0000415097
191500.0000000000 0.6157927259 0.0000414472
191600.0000000000 0.6157365569 0.0000414029
191700.0000000000 0.6157658430 0.0000415635
191800.0000000000 0.6158027202 0.0000413721
191900.0000000000 0.6158215733 0.0000415003
192000.0000000000 0.6157661442 0.0000409760
192100.0000000000 0.6158565716 0.0000410367
192200.0000000000 0.6158566232 0.0000408997
192300.0000000000 0.6159103970 0.0000408298
192400.0000000000 0.6158288754 0.0000423130
192500.0000000000 0.6157470742 0.0000412329
192600.0000000000 0.6158651680 0.0000409573
192700.0000000000 0.6158358871 0.0000423396
192800.0000000000 0.6157201380 0.0000418912
192900.0000000000 0.6156957263 0.0000420146
193000.0000000000 0.6157205573 0.0000411507
193100.0000000000 0.6158099646 0.0000410229
193200.0000000000 0.6157951297 0.0000410416
193300.0000000000 0.6158226677 0.0000408191
193400.0000000000 0.6158150163 0.0000419404
193500.0000000000 0.6157444311 0.0000416236
193600.0000000000 0.6157131708 0.0000408097
193700.0000000000 0.6157603773 0.0000408820
193800.0000000000 0.6158411873 0.0000411043
193900.0000000000 0.6157762920 0.0000423197
194000.0000000000 0.6156999120 0.0000418533
194100.0000000000 0.6156691758 0.0000417909
194200.0000000000 0.6156916874 0.0000416071
194300.0000000000 0.6156429183 0.0000417980
194400.0000000000 0.6156447607 0.0000412385
194500.0000000000 0.6156455852 0.0000419758
194600.0000000000 0.6156940365 0.0000420323
194700.0000000000 0.6157025967 0.0000410440
194800.0000000000 0.6156766879 0.0000411347
194900.0000000000 0.6157578835 0.0000410739
195000.0000000000 0.6157947335 0.0000414123
195100.0000000000 0.6158234873 0.0000406909
195200.0000000000 0.6158351494 0.0000407302
195300.0000000000 0.6158802014 0.0000408433
195400.0000000000 0.6157562773 0.0000422257
195500.0000000000 0.6157608448 0.0000407784
195600.0000000000 0.6158383010 0.0000423127
195700.0000000000 0.6157828760 0.0000407558
195800.0000000000 0.6158003777 0.0000411901
195900.0000000000 0.6158317498 0.0000409042
196000.0000000000 0.6158459054 0.0000406849
196100.0000000000 0.6158377772 0.0000411591
196200.0000000000 0.6157697327 0.0000413322
196300.0000000000 0.6158172116 0.0000408250
196400.0000000000 0.6158528447 0.0000407388
196500.0000000000 0.6158321687 0.0000406179
196600.0000000000 0.6158274486 0.0000410769
196700.0000000000 0.6158190911 0.0000424826
196800.0000000000 0.6157413034 0.0000410465
196900.0000000000 0.6157070681 0.0000425376
197000.0000000000 0.6157057042 0.0000412174
197100.0000000000 0.6157549972 0.0000410072
197200.0000000000 0.6156979959 0.0000414373
197300.0000000000 0.6157297677 0.0000418935
197400.0000000000 0.6156824751 0.0000413709
197500.0000000000 0.6156295711 0.0000422882
197600.0000000000 0.6156418979 0.0000416861
197700.0000000000 0.6156524551 0.0000415609
197800.0000000000 0.6156729809 0.0000414916
197900.0000000000 0.6156600318 0.0000417240
198000.0000000000 0.6156447282 0.0000416854
198100.0000000000 0.6156724078 0.0000410448
198200.0000000000 0.6157078003 0.0000411107
198300.0000000000 0.6156961426 0.0000416376
198400.0000000000 0.6156440462 0.0000414124
198500.0000000000 0.6156400850 0.0000411773
198600.0000000000 0.6157359489 0.0000409700
198700.0000000000 0.6156631739 0.0000406892
198800.0000000000 0.6157307156 0.0000409467
198900.0000000000 0.6157313337 0.0000420115
199000.0000000000 0.6157447172 0.0000423022
199100.0000000000 0.6156869414 0.0000406758
199200.0000000000 0.6156603661 0.0000413413
199300.0000000000 0.6156469897 0.0000414768
199400.0000000000 0.6156202911 0.0000416287
199500.0000000000 0.6157149856 0.0000425209
199600.0000000000 0.6156494774 0.0000412068
199700.0000000000 0.6156139526 0.0000418335
199800.0000000000 0.6156663587 0.0000413054
199900.0000000000 0.6156763233 0.0000411131
200000.0000000000 0.6156967228 0.0000412036
200100.0000000000 0.6157095050 0.0000408654
200200.0000000000 0.6157614019 0.0000411913
200300.0000000000 0.6157051106 0.0000410604
200400.0000000000 0.6157440872 0.0000407399
200500.0000000000 0.6156823465 0.0000417732
200600.0000000000 0.6156625578 0.0000417332
200700.0000000000 0.6156267872 0.0000408436
200800.0000000000 0.6156401461 0.0000407717
200900.0000000000 0.6157003558 0.0000412052
201000.0000000000 0.6157660318 0.0000418055
201100.0000000000 0.6156830691 0.0000408109
201200.0000000000 0.6157330559 0.0000413153
201300.0000000000 0.6156483748 0.0000413513
201400.0000000000 0.6156246325 0.0000409710
201500.0000000000 0.6156146080 0.0000412334
201600.0000000000 0.6155790992 0.0000417247
201700.0000000000 0.6155982073 0.0000411633
201800.0000000000 0.6155748798 0.0000412111
201900.0000000000 0.6155902796 0.0000410988
202000.0000000000 0.6156334072 0.0000408460
202100.0000000000 0.6156040376 0.0000411223
202200.0000000000 0.6155762830 0.0000412154
202300.0000000000 0.6156091482 0.0000409364
202400.0000000000 0.6156542071 0.0000407122
202500.0000000000 0.6156694409 0.0000414004
202600.0000000000 0.6156342455 0.0000410796
202700.0000000000 0.6156322433 0.0000409697
202800.0000000000 0.6156610147 0.0000407749
202900.0000000000 0.6157079193 0.0000408753
203000.0000000000 0.6156398962 0.0000408024
203100.0000000000 0.6156727763 0.0000408740
203200.0000000000 0.6156795902 0.0000410408
203300.0000000000 0.6156841872 0.0000408548
203400.0000000000 0.6156380827 0.0000408620
203500.0000000000 0.6156727844 0.0000409060
203600.0000000000 0.6157170655 0.0000409906
203700.0000000000 0.6156287441 0.0000407296
203800.0000000000 0.6156418919 0.0000409471
203900.0000000000 0.6156539399 0.0000411213
204000.0000000000 0.6156409541 0.0000407917
204100.0000000000 0.6156838611 0.0000418841
204200.0000000000 0.6156407645 0.0000409080
204300.0000000000 0.6156168415 0.0000410105
204400.0000000000 0.6156563840 0.0000408686
204500.0000000000 0.6156352866 0.0000414041
204600.0000000000 0.6156081121 0.0000411555
204700.0000000000 0.6156304425 0.0000410453
204800.0000000000 0.6156153294 0.0000409691
204900.0000000000 0.6155684432 0.0000413287
205000.0000000000 0.6156184973 0.0000407956
205100.0000000000 0.6156716457 0.0000406908
205200.0000000000 0.6156352473 0.0000406782
205300.0000000000 0.6156680880 0.0000409907
205400.0000000000 0.6156647942 0.0000407793
205500.0000000000 0.6156225043 0.0000413026
205600.0000000000 0.6155638682 0.0000410408
205700.0000000000 0.6156009287 0.0000410955
205800.0000000000 0.6156172245 0.0000406788
205900.0000000000 0.6156330359 0.0000407545
206000.0000000000 0.6155923464 0.0000410696
206100.0000000000 0.6156083222 0.0000406704
206200.0000000000 0.6155904346 0.0000405708
206300.0000000000 0.6156419713 0.0000406348
206400.0000000000 0.6155892801 0.0000405753
206500.0000000000 0.6156513496 0.0000405975
206600.0000000000 0.6156369920 0.0000414121
206700.0000000000 0.6156105988 0.0000407567
206800.0000000000 0.6156356051 0.0000402237
206900.0000000000 0.6156437461 0.0000415225
207000.0000000000 0.6156437443 0.0000409673
207100.0000000000 0.6155926927 0.0000412747
207200.0000000000 0.6156416875 0.0000409338
207300.0000000000 0.6155923859 0.0000408723
207400.0000000000 0.6156525914 0.0000407675
207500.0000000000 0.6156282904 0.0000412810
207600.0000000000 0.6156314770 0.0000410115
207700.0000000000 0.6155857180 0.0000420309
207800.0000000000 0.6155936556 0.0000415083
207900.0000000000 0.6155603643 0.0000414589
208000.0000000000 0.6155529872 0.0000412257
208100.0000000000 0.6156090284 0.0000409159
208200.0000000000 0.6156243176 0.0000408308
208300.0000000000 0.6156186401 0.0000411799
208400.0000000000 0.6156193085 0.0000412535
208500.0000000000 0.6156517030 0.0000409427
208600.0000000000 0.6156020807 0.0000406020
208700.0000000000 0.6156167880 0.0000407757
208800.0000000000 0.6156406981 0.0000409776
208900.0000000000 0.6156573107 0.0000410618
209000.0000000000 0.6156109586 0.0000403902
209100.0000000000 0.6156436913 0.0000417949
209200.0000000000 0.6155823667 0.0000406438
209300.0000000000 0.6155808843 0.0000411148
209400.0000000000 0.6155993988 0.0000417141
209500.0000000000 0.6155964946 0.0000408848
209600.0000000000 0.6156841200 0.0000420965
209700.0000000000 0.6156337926 0.0000412069
209800.0000000000 0.6155289991 0.0000417886
209900.0000000000 0.6155269152 0.0000414707
210000.0000000000 0.6155153701 0.0000412763
210100.0000000000 0.6155308782 0.0000406487
210200.0000000000 0.6155304587 0.0000407691
210300.0000000000 0.6155220246 0.0000407585
210400.0000000000 0.6155521857 0.0000406995
210500.0000000000 0.6155898534 0.0000406826
210600.0000000000 0.6155758513 0.0000402015
210700.0000000000 0.6156043272 0.0000411187
210800.0000000000 0.6156107566 0.0000406218
210900.0000000000 0.6156028920 0.0000408581
211000.0000000000 0.6156032684 0.0000402080
211100.0000000000 0.6155891860 0.0000406240
211200.0000000000 0.6155758075 0.0000402878
211300.0000000000 0.6155576531 0.0000414541
211400.0000000000 0.6155550122 0.0000406931
211500.0000000000 0.6155941899 0.0000406495
211600.0000000000 0.6155742850 0.0000413163
211700.0000000000 0.6155857661 0.0000408270
211800.0000000000 0.6155797337 0.0000406712
211900.0000000000 0.6155561258 0.0000411396
212000.0000000000 0.6155222467 0.0000405655
212100.0000000000 0.6155146937 0.0000411143
212200.0000000000 0.6155888419 0.0000411574
212300.0000000000 0.6155403825 0.0000406253
212400.0000000000 0.6155476923 0.0000406661
212500.0000000000 0.6155706073 0.0000408547
212600.0000000000 0.6155616803 0.0000407103
212700.0000000000 0.6155552044 0.0000407224
212800.0000000000 0.6155399532 0.0000410705
212900.0000000000 0.6155491809 0.0000404700
213000.0000000000 0.6155917853 0.0000405857
213100.0000000000 0.6155611825 0.0000412752
213200.0000000000 0.6155410066 0.0000406493
213300.0000000000 0.6154965797 0.0000404157
213400.0000000000 0.6155722003 0.0000412446
213500.0000000000 0.6155176342 0.0000403167
213600.0000000000 0.6155135261 0.0000406135
213700.0000000000 0.6155096784 0.0000406357
213800.0000000000 0.6155067178 0.0000415774
213900.0000000000 0.6155363419 0.0000404241
214000.0000000000 0.6155569870 0.0000410197
214100.0000000000 0.6155891166 0.0000403266
214200.0000000000 0.6155055189 0.0000421318
214300.0000000000 0.6155755900 0.0000413101
214400.0000000000 0.6155386832 0.0000409757
214500.0000000000 0.6154608154 0.0000409340
214600.0000000000 0.6154808806 0.0000407331
214700.0000000000 0.6155197831 0.0000408551
214800.0000000000 0.6155197690 0.0000413655
214900.0000000000 0.6155493179 0.0000408061
215000.0000000000 0.6154802077 0.0000407402
215100.0000000000 0.6155031071 0.0000405255
215200.0000000000 0.6155478109 0.0000410075
215300.0000000000 0.6155234743 0.0000404461
215400.0000000000 0.6155213757 0.0000403685
215500.0000000000 0.6155066537 0.0000413147
215600.0000000000 0.6155262654 0.0000400241
215700.0000000000 0.6154784680 0.0000413541
215800.0000000000 0.6154826574 0.0000410785
215900.0000000000 0.6155479559 0.0000406963
216000.0000000000 0.6155461886 0.0000407633
216100.0000000000 0.6154837686 0.0000403270
216200.0000000000 0.6154971578 0.0000403304
216300.0000000000 0.6154872372 0.0000401928
216400.0000000000 0.6155459753 0.0000404343
216500.0000000000 0.6155769004 0.0000409323
216600.0000000000 0.6155129645 0.0000405276
216700.0000000000 0.6155394360 0.0000406940
216800.0000000000 0.6155141513 0.0000401616
216900.0000000000 0.6155380698 0.0000405141
217000.0000000000 0.6154974865 0.0000409059
217100.0000000000 0.6155457487 0.0000414248
217200.0000000000 0.6154736266 0.0000406701
217300.0000000000 0.6155128764 0.0000407009
217400.0000000000 0.6155171946 0.0000404630
217500.0000000000 0.6154909433 0.0000404932
217600.0000000000 0.6154786384 0.0000406304
217700.0000000000 0.6155001922 0.0000407926
217800.0000000000 0.6154908251 0.0000401101
217900.0000000000 0.6155019030 0.0000405328
218000.0000000000 0.6154669931 0.0000410106
218100.0000000000 0.6155151434 0.0000408982
218200.0000000000 0.6154524518 0.0000403441
218300.0000000000 0.6154520465 0.0000403284
218400.0000000000 0.6154402617 0.0000409370
218500.0000000000 0.6155370132 0.0000406866
218600.0000000000 0.6155399513 0.0000410251
218700.0000000000 0.6154884444 0.0000400904
218800.0000000000 0.6154845594 0.0000406649
218900.0000000000 0.6154664533 0.0000409110
219000.0000000000 0.6155095525 0.0000406733
219100.0000000000 0.6154435175 0.0000400502
219200.0000000000 0.6154653243 0.0000402095
219300.0000000000 0.6155138346 0.0000403893
219400.0000000000 0.6155016435 0.0000402663
219500.0000000000 0.6155209661 0.0000400568
219600.0000000000 0.6155131491 0.0000411711
219700.0000000000 0.6154650600 0.0000406221
219800.0000000000 0.6155113741 0.0000416617
219900.0000000000 0.6153845440 0.0000413152
220000.0000000000 0.6153847518 0.0000417938
220100.0000000000 0.6153834754 0.0000407326
220200.0000000000 0.6153780509 0.0000411585
220300.0000000000 0.6153839593 0.0000412059
220400.0000000000 0.6153578634 0.0000408311
220500.0000000000 0.6153693165 0.0000410186
220600.0000000000 0.6153424224 0.0000412321
220700.0000000000 0.6153450684 0.0000407468
220800.0000000000 0.6153669481 0.0000413462
220900.0000000000 0.6153902061 0.0000414636
221000.0000000000 0.6153764225 0.0000406478
221100.0000000000 0.6153614724 0.0000411110
221200.0000000000 0.6153624616 0.0000412752
221300.0000000000 0.6153673694 0.0000404564
221400.0000000000 0.6153411310 0.0000419499
221500.0000000000 0.6153502941 0.0000411340
221600.0000000000 0.6153840753 0.0000405455
221700.0000000000 0.6153488328 0.0000416037
221800.0000000000 0.6153484211 0.0000411510
221900.0000000000 0.6153422068 0.0000409163
222000.0000000000 0.6153227087 0.0000413477
222100.0000000000 0.6153869062 0.0000411616
222200.0000000000 0.6153523473 0.0000405553
222300.0000000000 0.6153306535 0.0000411507
222400.0000000000 0.6153501499 0.0000414096
222500.0000000000 0.6153812159 0.0000408348
222600.0000000000 0.6153582250 0.0000414475
222700.0000000000 0.6153409010 0.0000410697
222800.0000000000 0.6153497405 0.0000411482
222900.0000000000 0.6153427028 0.0000414331
223000.0000000000 0.6153529847 0.0000411843
223100.0000000000 0.6153875311 0.0000412797
223200.0000000000 0.6153252034 0.0000413725
223300.0000000000 0.6153444828 0.0000410478
223400.0000000000 0.6153408859 0.0000405880
223500.0000000000 0.6153108932 0.0000415218
223600.0000000000 0.6153392708 0.0000411065
223700.0000000000 0.6153606850 0.0000405101
223800.0000000000 0.6153295948 0.0000409196
223900.0000000000 0.6153932311 0.0000419248
224000.0000000000 0.6153821517 0.0000399259
224100.0000000000 0.6153821982 0.0000404372
224200.0000000000 0.6154677700 0.0000404404
224300.0000000000 0.6154607501 0.0000403420
224400.0000000000 0.6154412167 0.0000400631
224500.0000000000 0.6154224829 0.0000403943
224600.0000000000 0.6153903949 0.0000408657
224700.0000000000 0.6154169986 0.0000403009
224800.0000000000 0.6153970792 0.0000400536
224900.0000000000 0.6154280380 0.0000413791
225000.0000000000 0.6154157810 0.0000408291
225100.0000000000 0.6154164779 0.0000401218
225200.0000000000 0.6154232923 0.0000400374
225300.0000000000 0.6154331538 0.0000399912
225400.0000000000 0.6154216106 0.0000400734
225500.0000000000 0.6154269369 0.0000405899
225600.0000000000 0.6154335888 0.0000398835
225700.0000000000 0.6154417425 0.0000398931
225800.0000000000 0.6154274135 0.0000404157
225900.0000000000 0.6154548073 0.0000399946
226000.0000000000 0.6154386427 0.0000403292
226100.0000000000 0.6154283164 0.0000406686
226200.0000000000 0.6154421219 0.0000403315
226300.0000000000 0.6154227833 0.0000405010
226400.0000000000 0.6154809522 0.0000406961
226500.0000000000 0.6154366903 0.0000402018
226600.0000000000 0.6154326605 0.0000398825
226700.0000000000 0.6154629480 0.0000404359
226800.0000000000 0.6154812577 0.0000400577
226900.0000000000 0.6154656867 0.0000402634
227000.0000000000 0.6154166053 0.0000402607
227100.0000000000 0.6154274541 0.0000400472
227200.0000000000 0.6154063527 0.0000406449
227300.0000000000 0.6154308660 0.0000405807
227400.0000000000 0.6154386061 0.0000406056
227500.0000000000 0.6153878260 0.0000402863
227600.0000000000 0.6153876883 0.0000402016
227700.0000000000 0.6154282321 0.0000402786
227800.0000000000 0.6154278145 0.0000398301
227900.0000000000 0.6154279831 0.0000407929
228000.0000000000 0.6154280182 0.0000403141
228100.0000000000 0.6154302604 0.0000403118
228200.0000000000 0.6154045714 0.0000405821
228300.0000000000 0.6154266834 0.0000403816
228400.0000000000 0.6154360261 0.0000408422
228500.0000000000 0.6154720272 0.0000410146
228600.0000000000 0.6154286790 0.0000402835
228700.0000000000 0.6154165344 0.0000402663
228800.0000000000 0.6154173403 0.0000403922
228900.0000000000 0.6154270254 0.0000410586
229000.0000000000 0.6154514322 0.0000407412
229100.0000000000 0.6154374535 0.0000404012
229200.0000000000 0.6154260458 0.0000407033
229300.0000000000 0.6154157117 0.0000403074
229400.0000000000 0.6154172167 0.0000406586
229500.0000000000 0.6154079836 0.0000406827
229600.0000000000 0.6154212558 0.0000402832
229700.0000000000 0.6154339500 0.0000408900
229800.0000000000 0.6154221711 0.0000405893
229900.0000000000 0.6153911479 0.0000401514
230000.0000000000 0.6153793950 0.0000400914
230100.0000000000 0.6153809373 0.0000404838
230200.0000000000 0.6154124107 0.0000399180
230300.0000000000 0.6154307831 0.0000407777
230400.0000000000 0.6154107052 0.0000406030
230500.0000000000 0.6154227906 0.0000398644
230600.0000000000 0.6154337318 0.0000401620
230700.0000000000 0.6154214248 0.0000402063
230800.0000000000 0.6154302701 0.0000402921
230900.0000000000 0.6154008610 0.0000402569
231000.0000000000 0.6153906777 0.0000399669
231100.0000000000 0.6154110713 0.0000402951
231200.0000000000 0.6154211957 0.0000404695
231300.0000000000 0.6153958195 0.0000402489
231400.0000000000 0.6153811005 0.0000408840
231500.0000000000 0.6153827341 0.0000398053
231600.0000000000 0.6153902048 0.0000401974
231700.0000000000 0.6154009458 0.0000407612
231800.0000000000 0.6153847537 0.0000400977
231900.0000000000 0.6153995481 0.0000403256
232000.0000000000 0.6154048927 0.0000401911
232100.0000000000 0.6153850920 0.0000402094
232200.0000000000 0.6154021681 0.0000401312
232300.0000000000 0.6153744527 0.0000403061
232400.0000000000 0.6153533555 0.0000401787
232500.0000000000 0.6153864655 0.0000400685
232600.0000000000 0.6153832594 0.0000400281
232700.0000000000 0.6153964305 0.0000404957
232800.0000000000 0.6153750117 0.0000402629
232900.0000000000 0.6154002218 0.0000405906
233000.0000000000 0.6153543849 0.0000404984
233100.0000000000 0.6154019381 0.0000407039
233200.0000000000 0.6153475101 0.0000398990
233300.0000000000 0.6153531939 0.0000403202
233400.0000000000 0.6153489035 0.0000406928
233500.0000000000 0.6153540298 0.0000397772
233600.0000000000 0.6153593108 0.0000401309
233700.0000000000 0.6153537050 0.0000404703
233800.0000000000 0.6153827082 0.0000399719
233900.0000000000 0.6153872448 0.0000402955
234000.0000000000 0.6153742593 0.0000398874
234100.0000000000 0.6153731676 0.0000398435
234200.0000000000 0.6153482296 0.0000404121
234300.0000000000 0.6153433565 0.0000402696
234400.0000000000 0.6153527784 0.0000402232
234500.0000000000 0.6153614287 0.0000403118
234600.0000000000 0.6153642392 0.0000405593
234700.0000000000 0.6153158352 0.0000409195
234800.0000000000 0.6153477788 0.0000404882
234900.0000000000 0.6153564634 0.0000398610
235000.0000000000 0.6153561278 0.0000401684
235100.0000000000 0.6153394548 0.0000400236
235200.0000000000 0.6153520760 0.0000402915
235300.0000000000 0.6153572823 0.0000398086
235400.0000000000 0.6153584205 0.0000405024
235500.0000000000 0.6153737031 0.0000400181
235600.0000000000 0.6153733378 0.0000398135
235700.0000000000 0.6153855779 0.0000401575
235800.0000000000 0.6153723824 0.0000398449
235900.0000000000 0.6153727435 0.0000401753
236000.0000000000 0.6153588143 0.0000400422
236100.0000000000 0.6153615443 0.0000400193
236200.0000000000 0.6153867908 0.0000403360
236300.0000000000 0.6153165906 0.0000404906
236400.0000000000 0.6153616311 0.0000399240
236500.0000000000 0.6153615125 0.0000399605
236600.0000000000 0.6153441349 0.0000401592
236700.0000000000 0.6153331925 0.0000399168
236800.0000000000 0.6153491796 0.0000398644
236900.0000000000 0.6153605163 0.0000402748
237000.0000000000 0.6153620709 0.0000399354
237100.0000000000 0.6153561332 0.0000398090
237200.0000000000 0.6153615132 0.0000399382
237300.0000000000 0.6153731974 0.0000397903
237400.0000000000 0.6153521058 0.0000398693
237500.0000000000 0.6153404541 0.0000403373
237600.0000000000 0.6153584280 0.0000403343
237700.0000000000 0.6153405494 0.0000400416
237800.0000000000 0.6153362107 0.0000400948
237900.0000000000 0.6153382782 0.0000400616
238000.0000000000 0.6153285843 0.0000401785
238100.0000000000 0.6153148039 0.0000399388
238200.0000000000 0.6153414998 0.0000399972
238300.0000000000 0.6153432718 0.0000402067
238400.0000000000 0.6153403538 0.0000404192
238500.0000000000 0.6153312672 0.0000401508
238600.0000000000 0.6153214948 0.0000401385
238700.0000000000 0.6153016027 0.0000398980
238800.0000000000 0.6153279229 0.0000400830
238900.0000000000 0.6153040972 0.0000407210
239000.0000000000 0.6153403950 0.0000402478
239100.0000000000 0.6153692559 0.0000404202
239200.0000000000 0.6153361312 0.0000399047
239300.0000000000 0.6153238161 0.0000403129
239400.0000000000 0.6153403668 0.0000401616
239500.0000000000 0.6153362229 0.0000403946
239600.0000000000 0.6152543211 0.0000405805
239700.0000000000 0.6153252574 0.0000401361
239800.0000000000 0.6153167200 0.0000400381
239900.0000000000 0.6152962828 0.0000400921
240000.0000000000 0.6153403126 0.0000402551
240100.0000000000 0.6153409556 0.0000406253
240200.0000000000 0.6152966196 0.0000399261
240300.0000000000 0.6153105464 0.0000400508
240400.0000000000 0.6153160375 0.0000398586
240500.0000000000 0.6153387760 0.0000401557
240600.0000000000 0.6153257245 0.0000401834
240700.0000000000 0.6153123755 0.0000398403
240800.0000000000 0.6153335480 0.0000401399
240900.0000000000 0.6152950023 0.0000403684
241000.0000000000 0.6153218308 0.0000401077
241100.0000000000 0.6153124363 0.0000403934
241200.0000000000 0.6153415006 0.0000400260
241300.0000000000 0.6153023844 0.0000401060
241400.0000000000 0.6153394622 0.0000400729
241500.0000000000 0.6153217854 0.0000398430
241600.0000000000 0.6153161311 0.0000401190
241700.0000000000 0.6153036207 0.0000401917
241800.0000000000 0.6153194423 0.0000400679
241900.0000000000 0.6153202935 0.0000399797
242000.0000000000 0.6153166237 0.0000397489
242100.0000000000 0.6153023660 0.0000400231
242200.0000000000 0.6152981564 0.0000397211
242300.0000000000 0.6152796698 0.0000399262
242400.0000000000 0.6153140701 0.0000400115
242500.0000000000 0.6153020781 0.0000400312
242600.0000000000 0.6153141237 0.0000401110
242700.0000000000 0.6153065954 0.0000400120
242800.0000000000 0.6152765135 0.0000398511
242900.0000000000 0.6152894569 0.0000397447
243000.0000000000 0.6153051453 0.0000398157
243100.0000000000 0.6152957653 0.0000399103
243200.0000000000 0.6153009570 0.0000397678
243300.0000000000 0.6152759750 0.0000400893
243400.0000000000 0.6152941745 0.0000398425
243500.0000000000 0.6152821909 0.0000399908
243600.0000000000 0.6152701633 0.0000401574
243700.0000000000 0.6153061528 0.0000402543
243800.0000000000 0.6153146702 0.0000404107
243900.0000000000 0.6152867650 0.0000398599
244000.0000000000 0.6152977435 0.0000398076
244100.0000000000 0.6152964876 0.0000396912
244200.0000000000 0.6152814953 0.0000400037
244300.0000000000 0.6153131956 0.0000401714
244400.0000000000 0.6152917536 0.0000400446
244500.0000000000 0.6153109703 0.0000399674
244600.0000000000 0.6152837150 0.0000403341
244700.0000000000 0.6152765880 0.0000397450
244800.0000000000 0.6152962550 0.0000397919
244900.0000000000 0.6152856399 0.0000402400
245000.0000000000 0.6153163535 0.0000402583
245100.0000000000 0.6152610288 0.0000401174
245200.0000000000 0.6152751356 0.0000397239
245300.0000000000 0.6152832589 0.0000398241
245400.0000000000 0.6152676468 0.0000400159
245500.0000000000 0.6152660242 0.0000398931
245600.0000000000 0.6152712001 0.0000398780
245700.0000000000 0.6152965197 0.0000400183
245800.0000000000 0.6152820585 0.0000396560
245900.0000000000 0.6152718360 0.0000399638
246000.0000000000 0.6152746261 0.0000400888
246100.0000000000 0.6153015104 0.0000400689
246200.0000000000 0.6152514780 0.0000400090
246300.0000000000 0.6152634223 0.0000401336
246400.0000000000 0.6152762022 0.0000400883
246500.0000000000 0.6152631332 0.0000399315
246600.0000000000 0.6152847413 0.0000402892
246700.0000000000 0.6152611782 0.0000396648
246800.0000000000 0.6152568297 0.0000400631
246900.0000000000 0.6152614179 0.0000403280
247000.0000000000 0.6152833770 0.0000400507
247100.0000000000 0.6152686177 0.0000399747
247200.0000000000 0.6152917629 0.0000400452
247300.0000000000 0.6152755792 0.0000401383
247400.0000000000 0.6153016808 0.0000403611
247500.0000000000 0.6152585175 0.0000397187
247600.0000000000 0.6152565555 0.0000399656
247700.0000000000 0.6152586271 0.0000400078
247800.0000000000 0.6152744850 0.0000401378
247900.0000000000 0.6152410236 0.0000399273
248000.0000000000 0.6152677353 0.0000400444
248100.0000000000 0.6152527102 0.0000397479
248200.0000000000 0.6152658248 0.0000400534
248300.0000000000 0.6152733963 0.0000399911
248400.0000000000 0.6152339028 0.0000397662
248500.0000000000 0.6152463750 0.0000399153
248600.0000000000 0.6152624752 0.0000398028
248700.0000000000 0.6152562710 0.0000397789
248800.0000000000 0.6152576694 0.0000398868
248900.0000000000 0.6152428097 0.0000398539
249000.0000000000 0.6152546088 0.0000399471
249100.0000000000 0.6152518201 0.0000396925
249200.0000000000 0.6152590360 0.0000400410
249300.0000000000 0.6152411424 0.0000399814
249400.0000000000 0.6152338539 0.0000397946
249500.0000000000 0.6152355873 0.0000398536
249600.0000000000 0.6152432029 0.0000399489
249700.0000000000 0.6152352655 0.0000400553
249800.0000000000 0.6152384878 0.0000401555
249900.0000000000 0.6152277631 0.0000398856
250000.0000000000 0.6152303736 0.0000399487
250100.0000000000 0.6152348020 0.0000398835
250200.0000000000 0.6152406061 0.0000398489
250300.0000000000 0.6152609315 0.0000400512
250400.0000000000 0.6152258883 0.0000401552
250500.0000000000 0.6152380185 0.0000399303
250600.0000000000 0.6152445039 0.0000397491
250700.0000000000 0.6152384110 0.0000400066
250800.0000000000 0.6152472977 0.0000400157
250900.0000000000 0.6152549086 0.0000398203
251000.0000000000 0.6152339500 0.0000399691
251100.0000000000 0.6152268063 0.0000399431
251200.0000000000 0.6152636306 0.0000402451
251300.0000000000 0.6152557079 0.0000399402
251400.0000000000 0.6152525169 0.0000402034
251500.0000000000 0.6152362090 0.0000397593
251600.0000000000 0.6152452568 0.0000400630
251700.0000000000 0.6152295625 0.0000398911
251800.0000000000 0.6152446300 0.0000399986
251900.0000000000 0.6152343994 0.0000398793
252000.0000000000 0.6152246172 0.0000400267
252100.0000000000 0.6152429885 0.0000397485
252200.0000000000 0.6152477404 0.0000398391
252300.0000000000 0.6152584123 0.0000400838
252400.0000000000 0.6152345601 0.0000398429
252500.0000000000 0.6152315629 0.0000396836
252600.0000000000 0.6152275657 0.0000396953
252700.0000000000 0.6152369426 0.0000398494
252800.0000000000 0.6152284777 0.0000399905
252900.0000000000 0.6152399407 0.0000397909
253000.0000000000 0.6152289291 0.0000397221
253100.0000000000 0.6152331836 0.0000397184
253200.0000000000 0.6152163336 0.0000400046
253300.0000000000 0.6152282404 0.0000398790
253400.0000000000 0.6152395307 0.0000398415
253500.0000000000 0.6152299774 0.0000399924
253600.0000000000 0.6152306452 0.0000398182
253700.0000000000 0.6152192018 0.0000397443
253800.0000000000 0.6152194315 0.0000399215
253900.0000000000 0.6152107811 0.0000399320
254000.0000000000 0.6152469761 0.0000401696
254100.0000000000 0.6151963391 0.0000400258
254200.0000000000 0.6151877193 0.0000398462
254300.0000000000 0.6152383529 0.0000397661
254400.0000000000 0.6152252827 0.0000400708
254500.0000000000 0.6152178573 0.0000399356
254600.0000000000 0.6152130642 0.0000396111
254700.0000000000 0.6152084004 0.0000401028
254800.0000000000 0.6151969608 0.0000399579
254900.0000000000 0.6152041106 0.0000396724
255000.0000000000 0.6151978177 0.0000398822
255100.0000000000 0.6152242913 0.0000399794
255200.0000000000 0.6152065785 0.0000396435
255300.0000000000 0.6151992492 0.0000397714
255400.0000000000 0.6152188745 0.0000396782
255500.0000000000 0.6152397541 0.0000398150
255600.0000000000 0.6152207102 0.0000398972
255700.0000000000 0.6152051093 0.0000396791
255800.0000000000 0.6152156513 0.0000398134
255900.0000000000 0.6152071559 0.0000397328
256000.0000000000 0.6152084216 0.0000398413
256100.0000000000 0.6152254322 0.0000399116
256200.0000000000 0.6152236718 0.0000398749
256300.0000000000 0.6152218105 0.0000399045
256400.0000000000 0.6152163264 0.0000396721
256500.0000000000 0.6152152344 0.0000395864
256600.0000000000 0.6152104915 0.0000397867
256700.0000000000 0.6152264144 0.0000398899
256800.0000000000 0.6152196914 0.0000397344
256900.0000000000 0.6152109566 0.0000397041
257000.0000000000 0.6152146860 0.0000398330
257100.0000000000 0.6152194865 0.0000400716
257200.0000000000 0.6152098056 0.0000400965
257300.0000000000 0.6151868807 0.0000401198
257400.0000000000 0.6152062802 0.0000398055
257500.0000000000 0.6152044578 0.0000398253
257600.0000000000 0.6151921255 0.0000399563
257700.0000000000 0.6152013312 0.0000398193
257800.0000000000 0.6152208317 0.0000398203
257900.0000000000 0.6151768131 0.0000400245
258000.0000000000 0.6151794527 0.0000398392
258100.0000000000 0.6152069979 0.0000399513
258200.0000000000 0.6151916509 0.0000397030
258300.0000000000 0.6151810847 0.0000401033
258400.0000000000 0.6151965123 0.0000398267
258500.0000000000 0.6151948661 0.0000396547
258600.0000000000 0.6151777665 0.0000399490
258700.0000000000 0.6151913110 0.0000397136
258800.0000000000 0.6151883456 0.0000398229
258900.0000000000 0.6152084382 0.0000400187
259000.0000000000 0.6151828662 0.0000400710
259100.0000000000 0.6151662258 0.0000399651
259200.0000000000 0.6151867638 0.0000396624
259300.0000000000 0.6151946098 0.0000396648
259400.0000000000 0.6151863451 0.0000398312
259500.0000000000 0.6152070769 0.0000398556
259600.0000000000 0.6151972110 0.0000399310
259700.0000000000 0.6152069407 0.0000398066
259800.0000000000 0.6151824706 0.0000398897
259900.0000000000 0.6151767828 0.0000397015
260000.0000000000 0.6151810952 0.0000398601
260100.0000000000 0.6151796360 0.0000396590
260200.0000000000 0.6151794676 0.0000396301
260300.0000000000 0.6151935207 0.0000395923
260400.0000000000 0.6151868287 0.0000396859
260500.0000000000 0.6151890476 0.0000399909
260600.0000000000 0.6151953956 0.0000398663
260700.0000000000 0.6151937720 0.0000396018
260800.0000000000 0.6151704832 0.0000397923
260900.0000000000 0.6151734459 0.0000398269
261000.0000000000 0.6151835110 0.0000397116
261100.0000000000 0.6151850593 0.0000396392
261200.0000000000 0.6151875227 0.0000398856
261300.0000000000 0.6151801807 0.0000398000
261400.0000000000 0.6151767434 0.0000395997
261500.0000000000 0.6151695799 0.0000397828
261600.0000000000 0.6151910499 0.0000396739
261700.0000000000 0.6151792996 0.0000397903
261800.0000000000 0.6151748497 0.0000396390
261900.0000000000 0.6151851899 0.0000396520
262000.0000000000 0.6151827819 0.0000396423
262100.0000000000 0.6151967089 0.0000398814
262200.0000000000 0.6151823254 0.0000398024
262300.0000000000 0.6151718417 0.0000397419
262400.0000000000 0.6152024365 0.0000400140
262500.0000000000 0.6151678281 0.0000396326
262600.0000000000 0.6151697916 0.0000396870
262700.0000000000 0.6151690870 0.0000399987
262800.0000000000 0.6151779563 0.0000396519
262900.0000000000 0.6151987617 0.0000396030
263000.0000000000 0.6151632700 0.0000395830
263100.0000000000 0.6151949957 0.0000398564
263200.0000000000 0.6151722989 0.0000396030
263300.0000000000 0.6151791350 0.0000397937
263400.0000000000 0.6151424226 0.0000398540
263500.0000000000 0.6151678253 0.0000397462
263600.0000000000 0.6151692333 0.0000396330
263700.0000000000 0.6151577666 0.0000399026
263800.0000000000 0.6151488031 0.0000396488
263900.0000000000 0.6151644973 0.0000397347
264000.0000000000 0.6151733211 0.0000395999
264100.0000000000 0.6151595257 0.0000399382
264200.0000000000 0.6151593732 0.0000397728
264300.0000000000 0.6151497971 0.0000398018
264400.0000000000 0.6151814563 0.0000398621
264500.0000000000 0.6151739172 0.0000398481
264600.0000000000 0.6151464499 0.0000399273
264700.0000000000 0.6151745195 0.0000396600
264800.0000000000 0.6151622230 0.0000399042
264900.0000000000 0.6151720414 0.0000397483
265000.0000000000 0.6151711522 0.0000396175
265100.0000000000 0.6151642810 0.0000395797
265200.0000000000 0.6151698434 0.0000398707
265300.0000000000 0.6151729768 0.0000397518
265400.0000000000 0.6151581288 0.0000396123
265500.0000000000 0.6151613318 0.0000397030
265600.0000000000 0.6151642340 0.0000397138
265700.0000000000 0.6151740755 0.0000397245
265800.0000000000 0.6151646491 0.0000396055
265900.0000000000 0.6151642672 0.0000395693
266000.0000000000 0.6151781203 0.0000397087
266100.0000000000 0.6151528115 0.0000397291
266200.0000000000 0.6151745087 0.0000398939
266300.0000000000 0.6151504094 0.0000397324
266400.0000000000 0.6151580192 0.0000395539
266500.0000000000 0.6151785406 0.0000397448
266600.0000000000 0.6151604429 0.0000396000
266700.0000000000 0.6151611964 0.0000395836
266800.0000000000 0.6151493571 0.0000395659
266900.0000000000 0.6151697114 0.0000396110
267000.0000000000 0.6151792552 0.0000397946
267100.0000000000 0.6151667324 0.0000396833
267200.0000000000 0.6151615370 0.0000398388
267300.0000000000 0.6151697647 0.0000398404
267400.0000000000 0.6151433596 0.0000396064
267500.0000000000 0.6151585163 0.0000396446
267600.0000000000 0.6151567627 0.0000396532
267700.0000000000 0.6151610876 0.0000396607
267800.0000000000 0.6151590196 0.0000397931
267900.0000000000 0.6151554426 0.0000397738
268000.0000000000 0.6151484874 0.0000396355
268100.0000000000 0.6151569784 0.0000398352
268200.0000000000 0.6151500206 0.0000397717
268300.0000000000 0.6151529454 0.0000399429
268400.0000000000 0.6151492146 0.0000395571
268500.0000000000 0.6151501933 0.0000395597
268600.0000000000 0.6151399538 0.0000399160
268700.0000000000 0.6151540218 0.0000396029
268800.0000000000 0.6151634649 0.0000398270
268900.0000000000 0.6151569757 0.0000399915
269000.0000000000 0.6151498736 0.0000397467
269100.0000000000 0.6151413178 0.0000397593
269200.0000000000 0.6151427441 0.0000396218
269300.0000000000 0.6151492665 0.0000396304
269400.0000000000 0.6151374642 0.0000397423
269500.0000000000 0.6151392025 0.0000396788
269600.0000000000 0.6151443199 0.0000396795
269700.0000000000 0.6151497846 0.0000398332
269800.0000000000 0.6151274609 0.0000398647
269900.0000000000 0.6151074597 0.0000399607
270000.0000000000 0.6151367714 0.0000396009
270100.0000000000 0.6151263088 0.0000398244
270200.0000000000 0.6151367644 0.0000397357
270300.0000000000 0.6151276464 0.0000398020
270400.0000000000 0.6151412094 0.0000397183
270500.0000000000 0.6151441060 0.0000395410
270600.0000000000 0.6151516429 0.0000398203
270700.0000000000 0.6151451646 0.0000397409
270800.0000000000 0.6151666909 0.0000399427
270900.0000000000 0.6151497603 0.0000395366
271000.0000000000 0.6151358020 0.0000395337
271100.0000000000 0.6151300039 0.0000395537
271200.0000000000 0.6151366738 0.0000395316
271300.0000000000 0.6151561256 0.0000398509
271400.0000000000 0.6151685590 0.0000397232
271500.0000000000 0.6151232649 0.0000399001
271600.0000000000 0.6151514168 0.0000396236
271700.0000000000 0.6151221847 0.0000396544
271800.0000000000 0.6151571629 0.0000398174
271900.0000000000 0.6151493114 0.0000400167
272000.0000000000 0.6151368280 0.0000397634
272100.0000000000 0.6151333184 0.0000396531
272200.0000000000 0.6151372143 0.0000396533
272300.0000000000 0.6151481285 0.0000397303
272400.0000000000 0.6151321817 0.0000395610
272500.0000000000 0.6151280181 0.0000395345
272600.0000000000 0.6151340347 0.0000396491
272700.0000000000 0.6151210702 0.0000399353
272800.0000000000 0.6151283094 0.0000395917
272900.0000000000 0.6151288418 0.0000396377
273000.0000000000 0.6151432921 0.0000398412
273100.0000000000 0.6151330158 0.0000395909
273200.0000000000 0.6151340216 0.0000396400
273300.0000000000 0.6151392145 0.0000395522
273400.0000000000 0.6151381548 0.0000397783
273500.0000000000 0.6151436565 0.0000398033
273600.0000000000 0.6151350374 0.0000396111
273700.0000000000 0.6151249343 0.0000396257
273800.0000000000 0.6151396158 0.0000395796
273900.0000000000 0.6151366937 0.0000396015
274000.0000000000 0.6151417902 0.0000398364
274100.0000000000 0.6151151411 0.0000398075
274200.0000000000 0.6151320084 0.0000395387
274300.0000000000 0.6151226654 0.0000395687
274400.0000000000 0.6151353727 0.0000396644
274500.0000000000 0.6151174694 0.0000401376
274600.0000000000 0.6151204823 0.0000396171
274700.0000000000 0.6151220419 0.0000397953
274800.0000000000 0.6151261210 0.0000398141
274900.0000000000 0.6151166240 0.0000397102
275000.0000000000 0.6151227560 0.0000396010
275100.0000000000 0.6151262036 0.0000396017
275200.0000000000 0.6151239531 0.0000397599
275300.0000000000 0.6151322879 0.0000395637
275400.0000000000 0.6151264223 0.0000395297
275500.0000000000 0.6151185238 0.0000395315
275600.0000000000 0.6151238111 0.0000396991
275700.0000000000 0.6151219467 0.0000396848
275800.0000000000 0.6151327923 0.0000395619
275900.0000000000 0.6151361357 0.0000398680
276000.0000000000 0.6151261083 0.0000395705
276100.0000000000 0.6151281320 0.0000395343
276200.0000000000 0.6151230262 0.0000395359
276300.0000000000 0.6151288486 0.0000395439
276400.0000000000 0.6151290191 0.0000398332
276500.0000000000 0.6151187481 0.0000395509
276600.0000000000 0.6151176809 0.0000397813
276700.0000000000 0.6151358599 0.0000397835
276800.0000000000 0.6151241057 0.0000395269
276900.0000000000 0.6151210323 0.0000396015
277000.0000000000 0.6151282103 0.0000397003
277100.0000000000 0.6151262087 0.0000396707
277200.0000000000 0.6151225676 0.0000395593
277300.0000000000 0.6151303809 0.0000396160
277400.0000000000 0.6150983836 0.0000396384
277500.0000000000 0.6151210503 0.0000396643
277600.0000000000 0.6151281198 0.0000395451
277700.0000000000 0.6151105896 0.0000397869
277800.0000000000 0.6151088286 0.0000396514
277900.0000000000 0.6151041183 0.0000397248
278000.0000000000 0.6151206154 0.0000396027
278100.0000000000 0.6151234257 0.0000396016
278200.0000000000 0.6151101693 0.0000395229
278300.0000000000 0.6151101901 0.0000395641
278400.0000000000 0.6151209747 0.0000397053
278500.0000000000 0.6151145983 0.0000395418
278600.0000000000 0.6151175865 0.0000395689
278700.0000000000 0.6151176357 0.0000395676
278800.0000000000 0.6151080549 0.0000398201
278900.0000000000 0.6151151078 0.0000397143
279000.0000000000 0.6151188692 0.0000397736
279100.0000000000 0.6151303425 0.0000396184
279200.0000000000 0.6151071201 0.0000398619
279300.0000000000 0.6151168026 0.0000397504
279400.0000000000 0.6151106812 0.0000396052
279500.0000000000 0.6151020730 0.0000397963
279600.0000000000 0.6151100486 0.0000395540
279700.0000000000 0.6151096772 0.0000396419
279800.0000000000 0.6151176267 0.0000396514
279900.0000000000 0.6151113545 0.0000397035
280000.0000000000 0.6151075386 0.0000395195
280100.0000000000 0.6151088882 0.0000396329
280200.0000000000 0.6150961628 0.0000395517
280300.0000000000 0.6151049221 0.0000395968
280400.0000000000 0.6151056579 0.0000396120
280500.0000000000 0.6151113281 0.0000396629
280600.0000000000 0.6151061491 0.0000395735
280700.0000000000 0.6151011560 0.0000396647
280800.0000000000 0.6151101508 0.0000395071
280900.0000000000 0.6151178388 0.0000395680
281000.0000000000 0.6151105289 0.0000395519
281100.0000000000 0.6151045930 0.0000395437
281200.0000000000 0.6151063949 0.0000396567
281300.0000000000 0.6151024665 0.0000396577
281400.0000000000 0.6151003956 0.0000395245
281500.0000000000 0.6151087316 0.0000394951
281600.0000000000 0.6151020373 0.0000395102
281700.0000000000 0.6150988821 0.0000397987
281800.0000000000 0.6151090205 0.0000395449
281900.0000000000 0.6151146182 0.0000396484
282000.0000000000 0.6150949615 0.0000396298
282100.0000000000 0.6151046903 0.0000395361
282200.0000000000 0.6151075281 0.0000395458
282300.0000000000 0.6151054741 0.0000396166
282400.0000000000 0.6151091610 0.0000395492
282500.0000000000 0.6151016924 0.0000396640
282600.0000000000 0.6151027429 0.0000394949
282700.0000000000 0.6151145887 0.0000397528
282800.0000000000 0.6151021111 0.0000396160
282900.0000000000 0.6151060642 0.0000395509
283000.0000000000 0.6151091165 0.0000394976
283100.0000000000 0.6151014444 0.0000397344
283200.0000000000 0.6150949043 0.0000395660
283300.0000000000 0.6151004373 0.0000395276
283400.0000000000 0.6151009400 0.0000397282
283500.0000000000 0.6151013407 0.0000396230
283600.0000000000 0.6150872019 0.0000395626
283700.0000000000 0.6150901591 0.0000396176
283800.0000000000 0.6151066412 0.0000397546
283900.0000000000 0.6150999758 0.0000396541
284000.0000000000 0.6150842358 0.0000395365
284100.0000000000 0.6151000717 0.0000395090
284200.0000000000 0.6151119652 0.0000397355
284300.0000000000 0.6150869478 0.0000396982
284400.0000000000 0.6150938796 0.0000396680
284500.0000000000 0.6150830659 0.0000397882
284600.0000000000 0.6150979787 0.0000396087
284700.0000000000 0.6150898664 0.0000395176
284800.0000000000 0.6150926571 0.0000394871
284900.0000000000 0.6150919268 0.0000395408
285000.0000000000 0.6150882149 0.0000398172
285100.0000000000 0.6150855168 0.0000397169
285200.0000000000 0.6150918875 0.0000395458
285300.0000000000 0.6150876044 0.0000395926
285400.0000000000 0.6150866437 0.0000395097
285500.0000000000 0.6150850418 0.0000397279
285600.0000000000 0.6150897209 0.0000394859
285700.0000000000 0.6150906821 0.0000396117
285800.0000000000 0.6150874832 0.0000395195
285900.0000000000 0.6150954292 0.0000394933
286000.0000000000 0.6150911890 0.0000395779
286100.0000000000 0.6150972927 0.0000397582
286200.0000000000 0.6150951463 0.0000395118
286300.0000000000 0.6150860406 0.0000395153
286400.0000000000 0.6150920045 0.0000396357
286500.0000000000 0.6150836324 0.0000395085
286600.0000000000 0.6150922372 0.0000394886
286700.0000000000 0.6150986790 0.0000396760
286800.0000000000 0.6150952810 0.0000394908
286900.0000000000 0.6150849748 0.0000395386
287000.0000000000 0.6150954811 0.0000394935
287100.0000000000 0.6150885895 0.0000395401
287200.0000000000 0.6150878341 0.0000395469
287300.0000000000 0.6151027922 0.0000395678
287400.0000000000 0.6150906740 0.0000396044
287500.0000000000 0.6150721289 0.0000396430
287600.0000000000 0.6150933026 0.0000394845
287700.0000000000 0.6150839008 0.0000395419
287800.0000000000 0.6150896600 0.0000396006
287900.0000000000 0.6150917752 0.0000396346
288000.0000000000 0.6150840430 0.0000395636
288100.0000000000 0.6150921669 0.0000396525
288200.0000000000 0.6150840770 0.0000396445
288300.0000000000 0.6150799587 0.0000395048
288400.0000000000 0.6150845269 0.0000394768
288500.0000000000 0.6150658774 0.0000395339
288600.0000000000 0.6150778501 0.0000396938
288700.0000000000 0.6150673374 0.0000396224
288800.0000000000 0.6150903513 0.0000396090
288900.0000000000 0.6150761786 0.0000395411
289000.0000000000 0.6150793897 0.0000395042
289100.0000000000 0.6150806137 0.0000395941
289200.0000000000 0.6150760617 0.0000395642
289300.0000000000 0.6150834062 0.0000397215
289400.0000000000 0.6150852027 0.0000395300
289500.0000000000 0.6150766477 0.0000395232
289600.0000000000 0.6150780126 0.0000394780
289700.0000000000 0.6150809299 0.0000395485
289800.0000000000 0.6150815881 0.0000395846
289900.0000000000 0.6150795461 0.0000396027
290000.0000000000 0.6150648314 0.0000395706
290100.0000000000 0.6150737484 0.0000395038
290200.0000000000 0.6150713733 0.0000395131
290300.0000000000 0.6150819021 0.0000395024
290400.0000000000 0.6150695207 0.0000395191
290500.0000000000 0.6150711301 0.0000397830
290600.0000000000 0.6150744157 0.0000394640
290700.0000000000 0.6150799946 0.0000394777
290800.0000000000 0.6150739969 0.0000396819
290900.0000000000 0.6150788175 0.0000394786
291000.0000000000 0.6150811359 0.0000395986
291100.0000000000 0.6150771038 0.0000395107
291200.0000000000 0.6150724359 0.0000395433
291300.0000000000 0.6150844107 0.0000395757
291400.0000000000 0.6150730069 0.0000395540
291500.0000000000 0.6150844547 0.0000395606
291600.0000000000 0.6150760132 0.0000395787
291700.0000000000 0.6150763881 0.0000395267
291800.0000000000 0.6150802123 0.0000395394
291900.0000000000 0.6150717128 0.0000396889
292000.0000000000 0.6150723436 0.0000394633
292100.0000000000 0.6150648210 0.0000394814
292200.0000000000 0.6150658295 0.0000394854
292300.0000000000 0.6150657977 0.0000395955
292400.0000000000 0.6150727652 0.0000394821
292500.0000000000 0.6150705562 0.0000396895
292600.0000000000 0.6150755250 0.0000396924
292700.0000000000 0.6150655157 0.0000395382
292800.0000000000 0.6150672750 0.0000395771
292900.0000000000 0.6150694588 0.0000395088
293000.0000000000 0.6150676945 0.0000394887
293100.0000000000 0.6150689433 0.0000395057
293200.0000000000 0.6150779257 0.0000394848
293300.0000000000 0.6150692880 0.0000395009
293400.0000000000 0.6150660570 0.0000396688
293500.0000000000 0.6150662603 0.0000395644
293600.0000000000 0.6150527575 0.0000395172
293700.0000000000 0.6150703633 0.0000395211
293800.0000000000 0.6150620568 0.0000394770
293900.0000000000 0.6150612187 0.0000395827
294000.0000000000 0.6150690852 0.0000394728
294100.0000000000 0.6150693805 0.0000396075
294200.0000000000 0.6150571131 0.0000394863
294300.0000000000 0.6150580902 0.0000395234
294400.0000000000 0.6150588312 0.0000396233
294500.0000000000 0.6150676659 0.0000395463
294600.0000000000 0.6150579711 0.0000394598
294700.0000000000 0.6150647082 0.0000395147
294800.0000000000 0.6150550704 0.0000395032
294900.0000000000 0.6150642101 0.0000396281
295000.0000000000 0.6150555542 0.0000394785
295100.0000000000 0.6150605406 0.0000394554
295200.0000000000 0.6150626329 0.0000394791
295300.0000000000 0.6150650167 0.0000395331
295400.0000000000 0.6150633219 0.0000394619
295500.0000000000 0.6150697519 0.0000394916
295600.0000000000 0.6150562386 0.0000395992
295700.0000000000 0.6150563746 0.0000394657
295800.0000000000 0.6150624324 0.0000395775
295900.0000000000 0.6150611094 0.0000394630
296000.0000000000 0.6150638094 0.0000395544
296100.0000000000 0.6150612611 0.0000395013
296200.0000000000 0.6150601471 0.0000394676
296300.0000000000 0.6150553792 0.0000394930
296400.0000000000 0.6150684771 0.0000395971
296500.0000000000 0.6150676054 0.0000394962
296600.0000000000 0.6150712169 0.0000396548
296700.0000000000 0.6150654385 0.0000394926
296800.0000000000 0.6150595383 0.0000394663
296900.0000000000 0.6150529108 0.0000394827
297000.0000000000 0.6150633524 0.0000394662
297100.0000000000 0.6150664257 0.0000394888
297200.0000000000 0.6150635932 0.0000395521
297300.0000000000 0.6150568203 0.0000394716
297400.0000000000 0.6150590236 0.0000394595
297500.0000000000 0.6150496077 0.0000395411
297600.0000000000 0.6150515759 0.0000394708
297700.0000000000 0.6150548353 0.0000395135
297800.0000000000 0.6150516375 0.0000395362
297900.0000000000 0.6150572111 0.0000395107
298000.0000000000 0.6150649663 0.0000394857
298100.0000000000 0.6150583124 0.0000395911
298200.0000000000 0.6150528335 0.0000394471
298300.0000000000 0.6150581482 0.0000394783
298400.0000000000 0.6150491821 0.0000395069
298500.0000000000 0.6150611589 0.0000396917
298600.0000000000 0.6150519404 0.0000394633
298700.0000000000 0.6150566810 0.0000395232
298800.0000000000 0.6150568572 0.0000394622
298900.0000000000 0.6150526832 0.0000394721
299000.0000000000 0.6150491882 0.0000394678
299100.0000000000 0.6150450961 0.0000395506
299200.0000000000 0.6150449949 0.0000394719
299300.0000000000 0.6150504036 0.0000394747
299400.0000000000 0.6150492625 0.0000395163
299500.0000000000 0.6150510631 0.0000395157
299600.0000000000 0.6150437333 0.0000396808
299700.0000000000 0.6150440990 0.0000394509
299800.0000000000 0.6150463891 0.0000394978
299900.0000000000 0.6150443983 0.0000394762
300000.0000000000 0.6150498562 0.0000395433
