0.0000000000 1.0697940909 125718.2890625000
100.0000000000 2.8562498270 125653.6953125000
200.0000000000 2.3795023039 125722.0156250000
300.0000000000 2.2099223366 125722.1796875000
400.0000000000 1.9845764024 125722.6250000000
500.0000000000 1.5432041998 125587.5781250000
600.0000000000 2.1414614006 125721.3750000000
700.0000000000 1.0272515526 125715.4140625000
800.0000000000 2.1116050594 125723.1796875000
900.0000000000 2.0076468467 125723.0781250000
1000.0000000000 1.5025668015 125720.6953125000
1100.0000000000 1.8780585104 125722.9609375000
1200.0000000000 1.4223998696 125724.8750000000
1300.0000000000 1.2935582268 125706.5937500000
1400.0000000000 1.9460302789 125721.4687500000
1500.0000000000 2.2483734492 125722.5937500000
1600.0000000000 2.2442457139 125722.5546875000
1700.0000000000 2.2419513662 125722.5156250000
1800.0000000000 2.2408288950 125722.4609375000
1900.0000000000 2.2409682820 125722.4062500000
2000.0000000000 2.2424233432 125722.3203125000
2100.0000000000 2.2451882962 125722.2109375000
2200.0000000000 2.2490458965 125722.0390625000
2300.0000000000 2.2534250277 125721.7734375000
2400.0000000000 2.2574248819 125721.3593750000
2500.0000000000 2.2581483470 125720.5781250000
2600.0000000000 2.2446438483 125718.4140625000
2700.0000000000 2.1793227414 125701.9609375000
2800.0000000000 2.2295488932 125723.1250000000
2900.0000000000 2.2064792364 125723.0468750000
3000.0000000000 2.2071759108 125723.0468750000
3100.0000000000 2.2071596222 125723.0468750000
3200.0000000000 2.2071441378 125723.0468750000
3300.0000000000 2.2071273771 125723.0468750000
3400.0000000000 2.2071075738 125723.0468750000
3500.0000000000 2.2070850575 125723.0468750000
3600.0000000000 2.2070597634 125723.0468750000
3700.0000000000 2.2070307924 125723.0468750000
3800.0000000000 2.2069956359 125723.0468750000
3900.0000000000 2.2069559948 125723.0468750000
4000.0000000000 2.2069103451 125723.0468750000
4100.0000000000 2.2068553268 125723.0468750000
4200.0000000000 2.2067868050 125723.0468750000
4300.0000000000 2.2067055814 125723.0468750000
4400.0000000000 2.2066045959 125723.0468750000
4500.0000000000 2.2064751484 125723.0546875000
4600.0000000000 2.2063115574 125723.0468750000
4700.0000000000 2.2060972707 125723.0546875000
4800.0000000000 2.2058103246 125723.0546875000
4900.0000000000 2.2054253804 125723.0546875000
5000.0000000000 2.2048989116 125723.0546875000
5100.0000000000 2.2042453586 125723.0468750000
5200.0000000000 2.2033179054 125723.0546875000
5300.0000000000 2.2018779255 125723.0546875000
5400.0000000000 2.1993564357 125723.0703125000
5500.0000000000 2.1953134238 125723.0703125000
5600.0000000000 2.1920350792 125723.0859375000
5700.0000000000 2.1877072334 125723.1171875000
5800.0000000000 2.1760050883 125723.1562500000
5900.0000000000 2.1386614121 125723.2578125000
6000.0000000000 1.5516116464 125719.3750000000
6100.0000000000 2.1913648662 125723.0000000000
6200.0000000000 2.2068930125 125723.0468750000
6300.0000000000 2.2069366779 125723.0468750000
6400.0000000000 2.2069907865 125723.0468750000
6500.0000000000 2.2070248427 125723.0468750000
6600.0000000000 2.2070437429 125723.0546875000
6700.0000000000 2.2070521649 125723.0546875000
6800.0000000000 2.2070454597 125723.0546875000
6900.0000000000 2.2070256368 125723.0468750000
7000.0000000000 2.2069896383 125723.0468750000
7100.0000000000 2.2069288022 125723.0546875000
7200.0000000000 2.2068309853 125723.0546875000
7300.0000000000 2.2066649697 125723.0546875000
7400.0000000000 2.2063586302 125723.0546875000
7500.0000000000 2.2057178305 125723.0546875000
7600.0000000000 2.2043859595 125723.0781250000
7700.0000000000 2.2005066551 125723.1406250000
7800.0000000000 2.1258705585 125723.3593750000
7900.0000000000 2.4616759610 125723.9453125000
8000.0000000000 2.2053737651 125723.0390625000
8100.0000000000 2.2069624534 125723.0390625000
8200.0000000000 2.2071744757 125723.0546875000
8300.0000000000 2.2092112566 125723.1171875000
8400.0000000000 2.1133709099 125723.3984375000
8500.0000000000 2.5939727461 125724.4375000000
8600.0000000000 2.2074438855 125723.0546875000
8700.0000000000 2.2105844350 125723.2578125000
8800.0000000000 2.0585127066 125722.5234375000
8900.0000000000 1.0266585035 125695.1406250000
9000.0000000000 2.2186262313 125723.0781250000
9100.0000000000 2.2075702675 125723.0390625000
9200.0000000000 2.2075380496 125723.0390625000
9300.0000000000 2.2075377773 125723.0390625000
9400.0000000000 2.2075369177 125723.0390625000
9500.0000000000 2.2075368542 125723.0390625000
9600.0000000000 2.2075362635 125723.0390625000
9700.0000000000 2.2075360971 125723.0390625000
9800.0000000000 2.2075364493 125723.0390625000
9900.0000000000 2.2075360558 125723.0390625000
10000.0000000000 2.2075363979 125723.0390625000
10100.0000000000 2.2075358777 125723.0390625000
10200.0000000000 2.2075362613 125723.0390625000
10300.0000000000 2.2075361158 125723.0390625000
10400.0000000000 2.2075367609 125723.0390625000
10500.0000000000 2.2075371884 125723.0468750000
10600.0000000000 2.2075377206 125723.0468750000
10700.0000000000 2.2075384819 125723.0468750000
10800.0000000000 2.2075387546 125723.0468750000
10900.0000000000 2.2075400049 125723.0468750000
11000.0000000000 2.2075408824 125723.0390625000
11100.0000000000 2.2075414222 125723.0468750000
11200.0000000000 2.2075428770 125723.0468750000
11300.0000000000 2.2075444828 125723.0390625000
11400.0000000000 2.2075457532 125723.0390625000
11500.0000000000 2.2075475091 125723.0390625000
11600.0000000000 2.2075505669 125723.0390625000
11700.0000000000 2.2075526087 125723.0390625000
11800.0000000000 2.2075566684 125723.0390625000
11900.0000000000 2.2075616144 125723.0390625000
12000.0000000000 2.2075668938 125723.0390625000
12100.0000000000 2.2075764579 125723.0390625000
12200.0000000000 2.2075925607 125723.0390625000
12300.0000000000 2.2076289987 125723.0390625000
12400.0000000000 2.2077032941 125723.0468750000
12500.0000000000 2.2078665625 125723.0390625000
12600.0000000000 2.2080465878 125723.0390625000
12700.0000000000 2.2103974088 125723.0468750000
12800.0000000000 2.0953058706 125723.0937500000
12900.0000000000 1.7225325992 125723.0390625000
13000.0000000000 2.2209032874 125722.9062500000
13100.0000000000 2.1460145138 125722.1406250000
13200.0000000000 1.9954631878 110358.7578125000
13300.0000000000 3.7807566164 86794.5000000000
13400.0000000000 13.7227073866 69565.9062500000
13500.0000000000 14.2563929015 62605.9101562500
13600.0000000000 4.6046421265 62743.1640625000
13700.0000000000 2.1326709044 62474.0390625000
13800.0000000000 1.6801897038 62338.9335937500
13900.0000000000 1.4874302495 62273.6679687500
14000.0000000000 1.4744624688 62193.7890625000
14100.0000000000 1.5477428642 62112.7929687500
14200.0000000000 1.6604958362 61970.9531250000
14300.0000000000 2.2116679566 60878.2773437500
14400.0000000000 3.0963017991 59261.8398437500
14500.0000000000 2.5390789637 57155.8476562500
14600.0000000000 4.1730968789 52634.3984375000
14700.0000000000 5.9590678900 46637.4492187500
14800.0000000000 8.5347712320 37162.7031250000
14900.0000000000 8.4994855515 29181.0664062500
15000.0000000000 9.9281757094 19320.0078125000
15100.0000000000 9.5630011514 12552.2070312500
15200.0000000000 11.4063544340 10595.7500000000
15300.0000000000 11.4394651319 10196.1572265625
15400.0000000000 9.7603000533 9848.3251953125
15500.0000000000 6.7175152731 9596.8662109375
15600.0000000000 4.9165969184 9022.4560546875
15700.0000000000 4.8168805901 8638.8632812500
15800.0000000000 4.8341814784 8259.6269531250
15900.0000000000 4.9643939991 8074.2954101562
16000.0000000000 5.0209219359 7728.7934570312
16100.0000000000 4.6107875042 7797.4819335938
16200.0000000000 4.4872458120 7376.7124023438
16300.0000000000 4.2791571444 6274.7988281250
16400.0000000000 4.0087582106 4745.8623046875
16500.0000000000 4.3978184951 2403.4240722656
16600.0000000000 3.4880099472 1902.8608398438
16700.0000000000 3.0274267188 1634.4790039062
16800.0000000000 3.8771991092 1121.6171875000
16900.0000000000 2.2883537784 381.7677307129
17000.0000000000 2.4801213782 265.9510803223
17100.0000000000 2.6634273242 235.9494018555
17200.0000000000 2.3494814752 337.9361267090
17300.0000000000 2.6705863980 253.5639953613
17400.0000000000 1.7551194261 505.9549560547
17500.0000000000 2.1116666834 147.3211669922
17600.0000000000 2.5872532706 605.0117797852
17700.0000000000 1.7901970666 141.7737731934
17800.0000000000 1.7433007925 169.5288391113
17900.0000000000 1.5767002083 252.8111267090
18000.0000000000 1.7358896767 133.2657623291
18100.0000000000 1.5009311191 213.4493103027
18200.0000000000 1.8286308679 323.1347961426
18300.0000000000 1.9834934799 211.4831237793
18400.0000000000 1.2209965218 90.4930648804
18500.0000000000 1.2981274236 207.9174194336
18600.0000000000 1.1162631286 74.8399581909
18700.0000000000 2.0189538829 837.8225097656
18800.0000000000 1.0405822994 96.7631530762
18900.0000000000 1.1130333799 105.5877227783
19000.0000000000 0.9906690813 64.5246200562
19100.0000000000 0.9848104443 98.7593917847
19200.0000000000 1.1629955986 412.1275329590
19300.0000000000 1.1614489251 133.5795135498
19400.0000000000 0.9142378295 86.3649749756
19500.0000000000 0.9624118545 261.9861755371
19600.0000000000 1.2523240165 196.0871124268
19700.0000000000 0.9314670317 258.2031555176
19800.0000000000 0.9255572487 275.3847961426
19900.0000000000 0.8436722748 231.3586273193
20000.0000000000 1.4467097610 289.6872558594
20100.0000000000 0.8465971199 31.4837551117
20200.0000000000 0.8484612873 42.8295288086
20300.0000000000 0.8304997322 41.1175422668
20400.0000000000 0.8749875912 109.2009124756
20500.0000000000 1.1360671624 272.7909851074
20600.0000000000 0.9041009785 80.2640838623
20700.0000000000 0.8309576922 139.2177276611
20800.0000000000 0.8073701410 41.3665122986
20900.0000000000 0.8002224021 46.1142578125
21000.0000000000 1.0914391932 116.7881927490
21100.0000000000 0.8781241289 73.3418045044
21200.0000000000 0.9658741964 96.8687057495
21300.0000000000 0.8665109919 50.7085990906
21400.0000000000 0.8512263916 93.3500823975
21500.0000000000 0.7948698671 36.2938728333
21600.0000000000 0.7954621131 75.3738937378
21700.0000000000 0.7839157841 143.3936920166
21800.0000000000 0.7974262155 48.0801391602
21900.0000000000 0.9181967668 57.3221588135
22000.0000000000 0.7879920452 66.9188842773
22100.0000000000 1.3188934318 256.2941589355
22200.0000000000 0.8758793597 54.5926246643
22300.0000000000 0.7551278551 37.9450302124
22400.0000000000 1.1156584017 631.2218627930
22500.0000000000 0.8923237199 93.3402023315
22600.0000000000 0.7857844969 43.4827003479
22700.0000000000 0.7394554726 43.7461814880
22800.0000000000 2.1694379036 266.6445922852
22900.0000000000 0.7284008312 44.8403892517
23000.0000000000 0.7637438250 123.3417282104
23100.0000000000 0.9464301052 538.6397705078
23200.0000000000 0.7306377906 224.8840637207
23300.0000000000 0.8855983074 57.9377250671
23400.0000000000 0.7539545269 83.3289794922
23500.0000000000 1.5650735119 132.4549713135
23600.0000000000 0.7685058291 22.4644775391
23700.0000000000 1.0064029451 481.9206848145
23800.0000000000 0.7155839885 25.3124866486
23900.0000000000 0.8538582234 65.4315032959
24000.0000000000 0.7179526764 42.2770347595
24100.0000000000 0.7875044516 80.9876556396
24200.0000000000 0.6925280323 33.1108627319
24300.0000000000 0.7697412386 256.0111694336
24400.0000000000 0.7583736708 32.2820167542
24500.0000000000 0.7262069419 17.6942749023
24600.0000000000 0.7293221195 112.9566955566
24700.0000000000 0.8294359759 72.6534729004
24800.0000000000 0.8689011370 50.2341842651
24900.0000000000 0.6784601054 39.2861938477
25000.0000000000 0.6903105624 22.2307071686
25100.0000000000 0.7071892205 14.0754632950
25200.0000000000 0.7387068291 14.0954990387
25300.0000000000 0.7142794352 237.6283569336
25400.0000000000 0.8488526872 236.6904449463
25500.0000000000 0.7778298731 22.3521900177
25600.0000000000 0.6894131646 17.6741008759
25700.0000000000 0.7471047696 29.8065891266
25800.0000000000 0.7095947114 34.6144294739
25900.0000000000 0.7476358748 17.0726528168
26000.0000000000 0.7162650382 20.5385780334
26100.0000000000 0.6892270170 76.1131973267
26200.0000000000 0.6718828061 20.8958950043
26300.0000000000 0.7107788056 16.8654613495
26400.0000000000 1.0355865816 125.7234115601
26500.0000000000 0.7292232837 74.4780807495
26600.0000000000 0.7214526434 26.0869426727
26700.0000000000 0.6667959638 38.1748580933
26800.0000000000 0.7021615881 234.0351257324
26900.0000000000 0.7954538952 174.9601898193
27000.0000000000 0.7870309080 20.6667861938
27100.0000000000 0.6571756408 51.7855072021
27200.0000000000 0.6432516421 27.3933143616
27300.0000000000 0.6374260406 15.1953735352
27400.0000000000 0.8243189369 360.8031921387
27500.0000000000 0.6832961336 47.5061836243
27600.0000000000 0.6919063097 25.8342628479
27700.0000000000 0.8931411908 67.5915222168
27800.0000000000 0.7676430904 70.8377838135
27900.0000000000 0.6320003735 26.4130611420
28000.0000000000 0.6615990261 63.5005645752
28100.0000000000 0.6054850364 93.2685317993
28200.0000000000 0.6340551938 12.3862743378
28300.0000000000 0.6253926958 11.7848510742
28400.0000000000 0.6190440243 75.3563842773
28500.0000000000 0.8186568695 35.3774375916
28600.0000000000 0.6241672278 18.9771595001
28700.0000000000 0.6592520517 144.9642486572
28800.0000000000 0.6266214319 29.0379085541
28900.0000000000 0.8338804345 269.4630737305
29000.0000000000 0.7097134879 18.9632434845
29100.0000000000 0.5796469873 20.8225021362
29200.0000000000 0.6144460381 21.8387813568
29300.0000000000 0.6501834264 70.7319793701
29400.0000000000 0.7024604699 111.2999420166
29500.0000000000 0.6573526064 24.6414203644
29600.0000000000 0.8024333074 172.0568847656
29700.0000000000 0.5735086272 57.4506988525
29800.0000000000 0.5851954039 41.9443511963
29900.0000000000 0.6197635552 227.9393920898
30000.0000000000 0.5515482909 61.7495117188
30100.0000000000 0.5785085054 9.5982007980
30200.0000000000 0.5804768114 9.3377485275
30300.0000000000 0.5533275678 97.8167343140
30400.0000000000 0.5774494146 15.4397144318
30500.0000000000 0.6238923104 60.9611854553
30600.0000000000 0.5572627191 14.3174247742
30700.0000000000 0.5704153646 44.2067489624
30800.0000000000 0.5494225895 15.2953815460
30900.0000000000 0.6052945733 265.5473937988
31000.0000000000 0.5489235778 50.9803276062
31100.0000000000 0.8725143015 26.3179874420
31200.0000000000 0.5384036988 15.0649824142
31300.0000000000 0.6864326646 254.2967071533
31400.0000000000 0.5102882251 18.9658775330
31500.0000000000 0.5305498560 105.8905715942
31600.0000000000 0.5960856792 22.7574577332
31700.0000000000 1.0579487258 156.7517089844
31800.0000000000 0.5079694994 16.8151378632
31900.0000000000 0.6322087052 61.6686515808
32000.0000000000 0.6859099774 146.5317230225
32100.0000000000 0.5886513326 30.4862060547
32200.0000000000 0.5000592791 10.7416696548
32300.0000000000 0.4972596776 9.7134008408
32400.0000000000 0.4854610351 9.3680620193
32500.0000000000 0.4862450887 9.9336242676
32600.0000000000 0.4899467880 27.3591308594
32700.0000000000 0.4743432687 11.7901630402
32800.0000000000 0.4738641325 9.3354511261
32900.0000000000 0.4946992703 30.2741394043
33000.0000000000 0.4874629882 37.2788352966
33100.0000000000 0.4650766958 9.7445583344
33200.0000000000 0.5346850559 61.0691986084
33300.0000000000 0.5616917592 18.4995613098
33400.0000000000 0.6153051308 151.2313842773
33500.0000000000 0.4869078655 26.7982559204
33600.0000000000 0.5734899586 98.8071289062
33700.0000000000 0.5072992441 174.5763702393
33800.0000000000 0.4414135692 19.0318508148
33900.0000000000 0.4905917278 266.1556396484
34000.0000000000 0.7100223480 116.2468643188
34100.0000000000 0.4367544528 21.3147430420
34200.0000000000 0.8097316350 67.9545593262
34300.0000000000 0.5257541447 40.3202323914
34400.0000000000 0.6011417386 16.9156780243
34500.0000000000 0.4262798276 155.5435180664
34600.0000000000 0.4460408244 12.4741554260
34700.0000000000 0.4654893676 17.2270507812
34800.0000000000 0.6241659383 46.9525756836
34900.0000000000 0.4801322255 44.6284866333
35000.0000000000 0.4260056998 55.1114387512
35100.0000000000 0.4191437940 7.1478443146
35200.0000000000 0.4181263555 7.0223255157
35300.0000000000 0.4251125218 8.1772251129
35400.0000000000 0.4087731272 7.4975256920
35500.0000000000 0.4021877396 9.2425165176
35600.0000000000 0.6365491056 83.8309936523
35700.0000000000 0.4023309155 15.6747446060
35800.0000000000 0.4033701671 14.1669359207
35900.0000000000 0.7473823556 98.2578125000
36000.0000000000 0.4726588766 19.7464141846
36100.0000000000 0.4995057657 88.1586380005
36200.0000000000 0.4317709301 43.0753211975
36300.0000000000 0.5697658718 38.2462539673
36400.0000000000 0.4252912746 87.9670257568
36500.0000000000 0.5508787404 243.9568328857
36600.0000000000 0.3914906599 10.6382274628
36700.0000000000 0.3841557247 16.3875598907
36800.0000000000 0.3769491433 12.1751585007
36900.0000000000 0.5401837206 26.4197673798
37000.0000000000 0.4122661985 350.4975585938
37100.0000000000 0.4174272299 316.5169067383
37200.0000000000 0.4236629354 68.5781936646
37300.0000000000 0.5013029720 46.8203887939
37400.0000000000 0.4808760759 26.0626449585
37500.0000000000 0.4013013543 63.4315605164
37600.0000000000 0.3540314744 11.6202220917
37700.0000000000 0.3615826679 15.9868087769
37800.0000000000 0.3915546489 90.4146347046
37900.0000000000 0.3575739052 7.9436869621
38000.0000000000 0.4682018318 41.5936431885
38100.0000000000 0.3563474396 45.3853225708
38200.0000000000 0.3421640618 15.2114391327
38300.0000000000 0.4014499137 8.1794309616
38400.0000000000 0.3454552582 6.3624162674
38500.0000000000 0.3833456643 15.1621704102
38600.0000000000 0.4708406213 14.3559226990
38700.0000000000 0.3729839579 80.3938140869
38800.0000000000 0.3722666671 86.6794509888
38900.0000000000 0.4387023072 46.4720115662
39000.0000000000 0.3297448191 7.1306905746
39100.0000000000 0.3927001044 20.8427028656
39200.0000000000 0.3888911331 23.7878017426
39300.0000000000 0.3579901418 6.6825180054
39400.0000000000 0.3463818530 25.9363803864
39500.0000000000 0.3590195123 16.5435752869
39600.0000000000 0.3693416555 16.7683105469
39700.0000000000 0.6171377174 58.4916992188
39800.0000000000 0.3904729187 36.2937164307
39900.0000000000 0.3293572617 38.6597976685
40000.0000000000 0.3390683464 51.2333145142
40100.0000000000 0.3251444858 5.5894956589
40200.0000000000 0.3225268899 5.5210771561
40300.0000000000 0.3967474155 12.7656641006
40400.0000000000 0.3223268783 5.6695537567
40500.0000000000 0.3263169611 6.9977893829
40600.0000000000 0.3364224216 7.1700310707
40700.0000000000 0.3156629988 24.9280261993
40800.0000000000 0.3187816511 23.3396682739
40900.0000000000 0.3386283362 29.1386947632
41000.0000000000 0.3136010587 13.1854562759
41100.0000000000 0.3037060553 5.7086019516
41200.0000000000 0.3367276586 35.7789306641
41300.0000000000 0.4638188523 12.9054412842
41400.0000000000 0.3261630109 5.4061174393
41500.0000000000 0.4311860708 109.6484756470
41600.0000000000 0.3188251725 6.3648972511
41700.0000000000 0.3075020974 39.0516281128
41800.0000000000 0.7239059137 35.5978965759
41900.0000000000 0.2964699221 11.5124921799
42000.0000000000 0.5446140969 18.0886859894
42100.0000000000 0.2947856185 10.1975202560
42200.0000000000 0.2885075496 57.8934135437
42300.0000000000 0.3441790180 228.5049896240
42400.0000000000 0.3436340135 6.1817007065
42500.0000000000 0.4664298778 16.9092311859
42600.0000000000 0.3734560264 68.9589004517
42700.0000000000 0.2864053745 9.0175447464
42800.0000000000 0.2842468673 8.5620965958
42900.0000000000 0.3054294767 7.3131189346
43000.0000000000 0.2833029314 10.1622877121
43100.0000000000 0.2928613085 39.0020751953
43200.0000000000 0.5232956105 66.7574462891
43300.0000000000 0.4639711343 34.0514640808
43400.0000000000 0.3636082040 83.6257400513
43500.0000000000 0.3375627608 266.5864257812
43600.0000000000 0.2905045451 6.8462109566
43700.0000000000 0.2989662992 6.8840308189
43800.0000000000 0.4553814674 147.2975006104
43900.0000000000 0.3413702458 92.2320785522
44000.0000000000 0.3182974838 9.0227231979
44100.0000000000 0.2774749804 9.8891048431
44200.0000000000 0.3128284403 165.5166320801
44300.0000000000 0.3696686145 9.5753021240
44400.0000000000 0.2983235715 14.8766012192
44500.0000000000 0.4323330101 15.8348484039
44600.0000000000 0.2711251946 11.0267162323
44700.0000000000 0.2642834695 11.1350488663
44800.0000000000 0.3893658577 136.7835083008
44900.0000000000 0.2774117811 13.0181560516
45000.0000000000 0.2933373078 13.0786838531
45100.0000000000 0.2640546272 4.4473862648
45200.0000000000 0.2623502592 4.3961057663
45300.0000000000 0.3318680217 90.2295455933
45400.0000000000 0.2846450676 5.8623666763
45500.0000000000 0.2644777039 21.1861095428
45600.0000000000 0.3194326149 11.3593330383
45700.0000000000 0.2472343644 58.1065902710
45800.0000000000 0.2529355816 52.4624557495
45900.0000000000 0.2426004153 6.3062047958
46000.0000000000 0.5997297357 14.4242305756
46100.0000000000 0.2471125530 4.5178866386
46200.0000000000 0.2654361416 4.4316711426
46300.0000000000 0.3188135908 21.7708663940
46400.0000000000 0.5254926390 132.5119476318
46500.0000000000 0.2768099974 51.5570297241
46600.0000000000 0.3807372964 21.1265201569
46700.0000000000 0.2617717939 11.8409214020
46800.0000000000 0.3614556020 20.7568206787
46900.0000000000 0.2500958479 30.9152889252
47000.0000000000 0.2941655056 11.8005046844
47100.0000000000 0.2508554093 43.1466484070
47200.0000000000 0.2619724005 15.5449190140
47300.0000000000 0.2602858919 5.2548999786
47400.0000000000 0.2335552369 5.2279076576
47500.0000000000 0.2449361150 5.7939829826
47600.0000000000 0.4442597906 7.6830487251
47700.0000000000 0.2320096574 4.1939015388
47800.0000000000 0.3047337081 17.7031250000
47900.0000000000 0.2331485719 7.5551366806
48000.0000000000 0.3279872911 81.9652633667
48100.0000000000 0.2634743660 57.1707115173
48200.0000000000 0.2216330255 12.3611993790
48300.0000000000 0.2994330393 5.1396765709
48400.0000000000 0.9533594510 142.8482055664
48500.0000000000 0.2740870341 32.6371726990
48600.0000000000 0.2382324024 4.2017450333
48700.0000000000 0.2394029809 4.1344189644
48800.0000000000 0.2402324135 3.9914898872
48900.0000000000 0.2993360782 41.4484176636
49000.0000000000 0.2251711310 9.0243959427
49100.0000000000 0.4517898126 44.8232803345
49200.0000000000 0.2314316275 12.2223682404
49300.0000000000 0.2306766884 4.8658218384
49400.0000000000 0.2520969642 12.4210987091
49500.0000000000 0.2714700659 32.1140594482
49600.0000000000 0.3728411350 10.0675849915
49700.0000000000 0.3037033932 8.1285219193
49800.0000000000 0.2938403691 94.3176727295
49900.0000000000 0.2337483712 17.0110416412
50000.0000000000 0.2851216480 10.0856294632
50100.0000000000 0.2300174006 3.4947707653
50200.0000000000 0.2276740015 3.4535167217
50300.0000000000 0.2413471808 5.7297034264
50400.0000000000 0.4017559176 63.8385238647
50500.0000000000 0.2299284260 23.5241889954
50600.0000000000 0.2882845916 19.2933979034
50700.0000000000 0.2531781579 4.2978982925
50800.0000000000 0.2837065767 4.7913799286
50900.0000000000 0.2804365247 19.3738708496
51000.0000000000 0.2307107491 4.3857703209
51100.0000000000 0.2931941903 14.5851240158
51200.0000000000 0.3281933908 23.6639156342
51300.0000000000 0.2749004528 125.6729278564
51400.0000000000 0.2344408648 8.1124525070
51500.0000000000 0.2667610794 15.7681207657
51600.0000000000 0.2221804850 28.5062198639
51700.0000000000 0.2370941653 4.8954229355
51800.0000000000 0.2504800722 29.4438953400
51900.0000000000 0.2373452513 14.1156978607
52000.0000000000 0.2309110192 10.3015422821
52100.0000000000 0.2245338666 11.8522663116
52200.0000000000 0.2082616648 5.4206824303
52300.0000000000 0.2158925868 39.7462921143
52400.0000000000 0.2697773077 3.9347703457
52500.0000000000 0.4378266996 42.8557319641
52600.0000000000 0.2967600521 15.9706735611
52700.0000000000 0.2998425240 81.9039611816
52800.0000000000 0.3197413034 19.9886741638
52900.0000000000 0.3383276200 8.4944524765
53000.0000000000 0.2105302362 46.0945091248
53100.0000000000 0.2102505715 4.2758684158
53200.0000000000 0.2469349362 4.5868248940
53300.0000000000 0.3176623855 9.0919227600
53400.0000000000 0.2058619848 4.7128562927
53500.0000000000 0.2665818785 25.4856872559
53600.0000000000 0.3809945823 30.3574790955
53700.0000000000 0.1999478452 6.5651664734
53800.0000000000 0.2964545955 24.9474773407
53900.0000000000 0.2088114248 2.9268357754
54000.0000000000 0.2597686450 38.1438179016
54100.0000000000 0.1979157902 4.7017583847
54200.0000000000 0.2244935629 3.8326549530
54300.0000000000 0.2754583300 8.4138574600
54400.0000000000 0.3449528047 35.8372612000
54500.0000000000 0.2071573896 4.1760110855
54600.0000000000 0.2142803377 11.4450969696
54700.0000000000 0.2424544427 160.6948394775
54800.0000000000 0.2160412945 3.9249663353
54900.0000000000 0.2398559756 3.4170470238
55000.0000000000 0.2048664745 8.1244297028
55100.0000000000 0.2088922142 2.6923680305
55200.0000000000 0.2073537326 2.6511659622
55300.0000000000 0.1957364133 2.8698594570
55400.0000000000 0.2261823523 3.7893676758
55500.0000000000 0.2305174090 4.3538970947
55600.0000000000 0.2463868691 4.6677656174
55700.0000000000 0.2156922365 10.0406208038
55800.0000000000 0.3277663308 10.5951805115
55900.0000000000 0.2743972320 3.8144073486
56000.0000000000 0.1953883373 5.8852562904
56100.0000000000 0.2904467941 43.7894706726
56200.0000000000 0.3617225931 90.7404937744
56300.0000000000 0.2239031835 4.8402619362
56400.0000000000 0.2019389905 2.5296828747
56500.0000000000 0.2378692991 77.5392074585
56600.0000000000 0.1852718329 3.3345265388
56700.0000000000 0.2256698769 27.7444972992
56800.0000000000 0.2220736482 23.9574451447
56900.0000000000 0.2147782701 2.9841966629
57000.0000000000 0.1944837717 2.6258826256
57100.0000000000 0.2252056979 41.8833084106
57200.0000000000 0.1989265974 2.7488875389
57300.0000000000 0.2020762202 17.1204471588
57400.0000000000 0.6385979417 15.7060832977
57500.0000000000 0.2240809073 56.7108535767
57600.0000000000 0.3384595325 6.6653919220
57700.0000000000 0.2306673514 14.9501190186
57800.0000000000 0.3624499090 4.9024057388
57900.0000000000 0.1909115378 22.6000747681
58000.0000000000 0.1931508019 6.2297005653
58100.0000000000 0.2340547412 23.4472160339
58200.0000000000 0.4678567596 94.4600601196
58300.0000000000 0.3835418224 27.4264602661
58400.0000000000 0.1940844655 5.9454627037
58500.0000000000 0.4074289048 37.5943870544
58600.0000000000 0.1848567050 3.1701214314
58700.0000000000 0.2008767849 6.2739782333
58800.0000000000 0.1943974561 5.6462559700
58900.0000000000 0.1911199626 2.7856242657
59000.0000000000 0.1866389257 2.7082591057
59100.0000000000 0.1899541132 2.3347265720
59200.0000000000 0.1911282728 2.5285620689
59300.0000000000 0.1917637284 9.2970857620
59400.0000000000 0.1908190633 5.8594918251
59500.0000000000 0.3221417149 28.1043109894
59600.0000000000 0.3242387126 30.7077198029
59700.0000000000 0.1821082356 3.7184984684
59800.0000000000 0.2730015103 3.9486095905
59900.0000000000 0.1802489094 17.1205005646
60000.0000000000 0.2069907694 80.6431884766
60100.0000000000 0.1869341098 2.0490396023
60200.0000000000 0.1890244424 2.0130429268
60300.0000000000 0.1710175685 3.8597967625
60400.0000000000 0.2358936097 6.2802872658
60500.0000000000 0.1931882999 8.5414314270
60600.0000000000 0.2302383793 2.8135018349
60700.0000000000 0.1927632431 8.7558126450
60800.0000000000 0.1720973791 4.5375289917
60900.0000000000 0.2997894988 45.1751747131
61000.0000000000 0.2119695954 5.3655266762
61100.0000000000 0.4979017139 5.6401782036
61200.0000000000 0.1831780699 2.9435374737
61300.0000000000 0.2405627552 35.8678245544
61400.0000000000 0.2203335327 6.1433138847
61500.0000000000 0.1679696228 4.0404672623
61600.0000000000 0.2321265917 7.2085289955
61700.0000000000 0.1742506814 2.1200270653
61800.0000000000 0.2072063223 2.7001090050
61900.0000000000 0.1730345759 2.4788043499
62000.0000000000 0.1740951528 2.1712005138
62100.0000000000 0.1704367603 2.0538187027
62200.0000000000 0.1967027615 37.7300338745
62300.0000000000 0.2247113181 9.7324399948
62400.0000000000 0.2466128946 29.3190269470
62500.0000000000 0.2632374083 2.4104762077
62600.0000000000 0.1748367402 5.2920260429
62700.0000000000 0.3885508218 12.5347509384
62800.0000000000 0.1796991992 2.0764861107
62900.0000000000 0.1818120284 3.3618872166
63000.0000000000 0.1736626667 13.0622262955
63100.0000000000 0.2167364302 33.1128807068
63200.0000000000 0.1728432429 6.4798712730
63300.0000000000 0.3315142454 16.7900905609
63400.0000000000 0.2854276585 46.0107307434
63500.0000000000 0.1913449629 3.0788018703
63600.0000000000 0.1540392664 12.9515380859
63700.0000000000 0.4971658137 15.0589132309
63800.0000000000 0.1701119594 8.2158498764
63900.0000000000 0.1917612977 1.9348821640
64000.0000000000 0.2569458872 10.9120845795
64100.0000000000 0.1597726329 4.6134357452
64200.0000000000 0.1869900033 1.8837667704
64300.0000000000 0.2362223361 9.5938024521
64400.0000000000 0.1883729751 3.3265261650
64500.0000000000 0.1718837158 2.9268712997
64600.0000000000 0.1684993812 1.7410645485
64700.0000000000 0.1703214018 4.9824781418
64800.0000000000 0.2028100545 8.1500759125
64900.0000000000 0.1558551627 4.1937179565
65000.0000000000 0.2056101325 2.5042490959
65100.0000000000 0.1694640766 1.5735491514
65200.0000000000 0.1706138084 1.5499128103
65300.0000000000 0.1720095132 3.1115417480
65400.0000000000 0.1858613096 1.9751805067
65500.0000000000 0.1702842400 1.5372936726
65600.0000000000 0.1587179134 2.8197724819
65700.0000000000 0.1754873155 2.0954656601
65800.0000000000 0.1614603438 1.9710249901
65900.0000000000 0.2101903475 10.0190877914
66000.0000000000 0.1719593399 15.7155246735
66100.0000000000 0.1544803553 26.2194728851
66200.0000000000 0.1545030723 2.4082217216
66300.0000000000 0.1838074146 6.5616831779
66400.0000000000 0.1550347399 4.5012173653
66500.0000000000 0.1551237221 2.0258121490
66600.0000000000 0.1623186512 7.9347915649
66700.0000000000 0.1577700918 2.7807159424
66800.0000000000 0.5606465790 18.0379142761
66900.0000000000 0.1688399215 8.7598495483
67000.0000000000 0.1783333101 5.6556773186
67100.0000000000 0.1950787966 3.7764806747
67200.0000000000 0.1652960643 2.5686874390
67300.0000000000 0.1669723426 11.2649335861
67400.0000000000 0.2592270830 16.5083827972
67500.0000000000 0.1932307405 1.9060790539
67600.0000000000 0.2073418518 2.9554402828
67700.0000000000 0.1840687949 3.1175997257
67800.0000000000 0.1986581344 24.0588302612
67900.0000000000 0.1788756811 3.0244314671
68000.0000000000 0.1833138807 4.5435395241
68100.0000000000 0.3391977568 7.6669449806
68200.0000000000 0.2599252099 24.4979248047
68300.0000000000 0.1971758912 3.7978620529
68400.0000000000 0.3378353881 12.5237932205
68500.0000000000 0.1806899894 4.9605460167
68600.0000000000 0.1830716271 2.2518424988
68700.0000000000 0.1627379463 1.4293667078
68800.0000000000 0.1461134121 3.4629466534
68900.0000000000 0.2185338477 2.1487405300
69000.0000000000 0.2833004788 10.8296775818
69100.0000000000 0.2050145454 2.0646579266
69200.0000000000 0.2405902963 3.7852485180
69300.0000000000 0.3384256346 41.5600280762
69400.0000000000 0.1661128497 4.3387608528
69500.0000000000 0.1616573794 3.5911278725
69600.0000000000 0.1448557515 8.9749717712
69700.0000000000 0.1437098940 3.7447929382
69800.0000000000 0.1451579541 2.0894405842
69900.0000000000 0.1817115530 60.0860328674
70000.0000000000 0.2845646904 13.1822996140
70100.0000000000 0.1542165945 1.2525037527
70200.0000000000 0.1548121733 1.2360081673
70300.0000000000 0.4083099887 5.3998742104
70400.0000000000 0.1544279131 1.5558193922
70500.0000000000 0.2446055699 4.1996355057
70600.0000000000 0.1642898542 2.8500061035
70700.0000000000 0.1464337802 1.9296801090
70800.0000000000 0.1796310571 2.0728600025
70900.0000000000 0.1545034886 1.7273046970
71000.0000000000 0.1488691527 1.8315578699
71100.0000000000 0.1481289237 1.7575367689
71200.0000000000 0.1804956802 5.1693983078
71300.0000000000 0.1506954943 2.3087201118
71400.0000000000 0.1486639705 2.9787795544
71500.0000000000 0.1712437903 57.6119232178
71600.0000000000 0.1481717269 1.1809382439
71700.0000000000 0.1986633287 2.0058953762
71800.0000000000 0.1725022089 26.7626171112
71900.0000000000 0.1525912848 1.3195666075
72000.0000000000 0.1506727687 1.3327392340
72100.0000000000 0.5719680917 24.8142662048
72200.0000000000 0.1382486208 2.4784240723
72300.0000000000 0.1592770618 5.8275012970
72400.0000000000 0.1676016774 3.8580062389
72500.0000000000 0.1499437123 6.1530590057
72600.0000000000 0.1969728351 2.4357767105
72700.0000000000 0.1667522886 6.9290361404
72800.0000000000 0.1696226650 6.2627096176
72900.0000000000 0.1896390693 4.3747358322
73000.0000000000 0.3148338087 6.7944650650
73100.0000000000 0.1484509470 1.9310894012
73200.0000000000 0.1279894924 2.3770506382
73300.0000000000 0.2570953117 65.9417800903
73400.0000000000 0.2755985316 2.2764260769
73500.0000000000 0.1428742115 2.9938380718
73600.0000000000 0.1635522589 10.6269016266
73700.0000000000 0.1367367301 3.5341057777
73800.0000000000 0.1663423717 3.5061051846
73900.0000000000 0.1348007278 5.9380970001
74000.0000000000 0.1288673998 3.6271867752
74100.0000000000 0.1312864781 2.4226737022
74200.0000000000 0.1272247471 2.1055891514
74300.0000000000 0.1487722349 1.9233149290
74400.0000000000 0.1724997341 1.3249911070
74500.0000000000 0.1449474501 1.1393700838
74600.0000000000 0.1479181259 3.2456114292
74700.0000000000 0.1568645186 1.5584458113
74800.0000000000 0.1565067854 5.8967967033
74900.0000000000 0.2393335193 2.4491572380
75000.0000000000 0.1654225580 2.3386774063
75100.0000000000 0.1390301472 1.0219793320
75200.0000000000 0.1389779535 1.0126551390
75300.0000000000 0.1228167245 1.2903707027
75400.0000000000 0.1523950914 3.5728316307
75500.0000000000 0.1490137139 2.3055009842
75600.0000000000 0.1422092522 1.1058437824
75700.0000000000 0.1839757103 62.1902923584
75800.0000000000 0.1637390511 1.6510213614
75900.0000000000 0.1489628210 5.7943592072
76000.0000000000 0.1248204383 1.2452883720
76100.0000000000 0.1240606231 1.3896791935
76200.0000000000 0.1783363487 5.9969820976
76300.0000000000 0.1379931725 5.3543505669
76400.0000000000 0.1727304423 27.7033386230
76500.0000000000 0.2357405988 5.2640032768
76600.0000000000 0.2022948445 11.3848628998
76700.0000000000 0.1384751544 6.1032371521
76800.0000000000 0.2155352504 6.4136266708
76900.0000000000 0.1571402717 1.9075796604
77000.0000000000 0.1194569253 1.6310235262
77100.0000000000 0.1284608106 1.4111968279
77200.0000000000 0.1308939352 1.0076062679
77300.0000000000 0.1811519938 29.1389884949
77400.0000000000 0.1197736058 2.1173453331
77500.0000000000 0.1213834155 1.2680059671
77600.0000000000 0.1221902951 2.8710510731
77700.0000000000 0.1804831211 10.5161113739
77800.0000000000 0.1557747295 17.3362731934
77900.0000000000 0.1229649433 4.3504862785
78000.0000000000 0.2153225799 5.9215621948
78100.0000000000 0.1864966468 2.3302762508
78200.0000000000 0.1278094549 6.6162705421
78300.0000000000 0.1463362517 2.8542337418
78400.0000000000 0.1931417262 2.2241432667
78500.0000000000 0.1220176922 3.4523000717
78600.0000000000 0.1358561783 1.2079933882
78700.0000000000 0.1346419054 1.1904422045
78800.0000000000 0.1153092173 2.5480577946
78900.0000000000 0.1351199641 10.3114862442
79000.0000000000 0.1241170544 18.1754951477
79100.0000000000 0.1166286551 1.5431728363
79200.0000000000 0.1557741953 1.0671676397
79300.0000000000 0.1262274268 4.9801416397
79400.0000000000 0.1312316883 1.2335360050
79500.0000000000 0.1289316618 6.0079431534
79600.0000000000 0.2013194462 3.4089741707
79700.0000000000 0.1929121533 2.9007110596
79800.0000000000 0.1156099501 1.2481694221
79900.0000000000 0.1341474731 2.8300225735
80000.0000000000 0.1156002985 2.4047632217
80100.0000000000 0.1244120595 0.8623071909
80200.0000000000 0.1246763690 0.8549534678
80300.0000000000 0.1721545858 24.5621910095
80400.0000000000 0.1238512275 0.8582702279
80500.0000000000 0.1334063525 4.2540354729
80600.0000000000 0.1798125220 7.5291266441
80700.0000000000 0.1110713095 2.3458156586
80800.0000000000 0.1253989689 20.6891784668
80900.0000000000 0.1250549314 10.3019332886
81000.0000000000 0.1204550070 3.5640370846
81100.0000000000 0.1807977478 1.7695465088
81200.0000000000 0.1214737939 1.2758208513
81300.0000000000 0.2501251532 47.6916007996
81400.0000000000 0.1220252681 8.5761623383
81500.0000000000 0.1338872461 0.9510762095
81600.0000000000 0.1572683051 1.2259654999
81700.0000000000 0.1663303581 7.4555568695
81800.0000000000 0.1178749031 2.7376089096
81900.0000000000 0.1218010976 1.0615681410
82000.0000000000 0.1274145943 36.1990699768
82100.0000000000 0.1171299668 0.8565481901
82200.0000000000 0.1112796762 1.1699362993
82300.0000000000 0.1302699049 2.9445500374
82400.0000000000 0.1083990703 4.3316516876
82500.0000000000 0.1140465351 4.4519281387
82600.0000000000 0.1106769585 3.4552929401
82700.0000000000 0.1482516617 1.0277128220
82800.0000000000 0.1451548082 9.7270565033
82900.0000000000 0.1123998293 2.2098450661
83000.0000000000 0.1460688639 14.0872945786
83100.0000000000 0.1058603377 4.3253917694
83200.0000000000 0.1064110856 1.9017858505
83300.0000000000 0.2298877447 16.1066532135
83400.0000000000 0.1135008710 2.5811119080
83500.0000000000 0.1171473610 1.3842327595
83600.0000000000 0.1173802137 0.7774285078
83700.0000000000 0.1081915478 1.3983598948
83800.0000000000 0.1566282201 3.3694255352
83900.0000000000 0.1643296629 1.4279104471
84000.0000000000 0.1230764167 27.0650234222
84100.0000000000 0.1054983984 1.3738430738
84200.0000000000 0.1202068769 1.7833613157
84300.0000000000 0.1615074153 20.2792015076
84400.0000000000 0.1594436277 3.6814324856
84500.0000000000 0.1207015637 0.9521915913
84600.0000000000 0.1006638962 2.8378317356
84700.0000000000 0.1326926290 2.1227731705
84800.0000000000 0.5126326376 10.6455221176
84900.0000000000 0.1129333225 0.9628477097
85000.0000000000 0.1358378970 0.8915391564
85100.0000000000 0.1131629919 0.7362290621
85200.0000000000 0.1129610008 0.7318617105
85300.0000000000 0.1154210044 0.9109683037
85400.0000000000 0.1108982525 0.9007617831
85500.0000000000 0.1096885915 0.7379597425
85600.0000000000 0.1152229038 9.5087680817
85700.0000000000 0.1419689413 1.7409924269
85800.0000000000 0.1042417132 2.8358154297
85900.0000000000 0.1096108315 0.9942799807
86000.0000000000 0.1040863373 1.6042693853
86100.0000000000 0.2182798621 4.4603028297
86200.0000000000 0.1250238277 0.8913415074
86300.0000000000 0.1216782329 1.9644582272
86400.0000000000 0.1123034928 0.8961352110
86500.0000000000 0.1228354504 1.8712533712
86600.0000000000 0.1131349836 5.9755420685
86700.0000000000 0.1115460198 1.3637304306
86800.0000000000 0.1214677880 1.3505177498
86900.0000000000 0.1039721468 1.6604608297
87000.0000000000 0.0989652110 1.3347802162
87100.0000000000 0.1001740026 1.7311453819
87200.0000000000 0.0989989137 1.4403376579
87300.0000000000 0.1222354734 3.0313982964
87400.0000000000 0.0997754191 1.1005829573
87500.0000000000 0.1111348004 3.8305952549
87600.0000000000 0.1006432471 1.2168357372
87700.0000000000 0.1358124972 4.3783617020
87800.0000000000 0.2382189002 2.1680278778
87900.0000000000 0.1237444603 2.5284254551
88000.0000000000 0.1157714418 9.2193880081
88100.0000000000 0.1238439147 6.6437096596
88200.0000000000 0.1392867210 1.5419486761
88300.0000000000 0.1246475908 23.8175582886
88400.0000000000 0.1626479677 1.9405010939
88500.0000000000 0.1005181049 0.9175535440
88600.0000000000 0.1058491034 0.7366775274
88700.0000000000 0.1037164516 0.6770344377
88800.0000000000 0.1064865760 0.7721849084
88900.0000000000 0.1099475100 0.8173577189
89000.0000000000 0.0989281555 1.3303371668
89100.0000000000 0.1336743628 2.2761926651
89200.0000000000 0.1447473056 12.7382955551
89300.0000000000 0.0943804088 1.0180495977
89400.0000000000 0.1228178006 1.4999883175
89500.0000000000 0.1701584499 13.8288440704
89600.0000000000 0.1374626170 28.6709098816
89700.0000000000 0.1679510352 2.2412309647
89800.0000000000 0.0933804434 2.0727951527
89900.0000000000 0.1434760531 14.4185962677
90000.0000000000 0.1415263991 4.1058135033
90100.0000000000 0.1030503584 0.6412125826
90200.0000000000 0.1029432183 0.6376414299
90300.0000000000 0.1007708796 0.8378889561
90400.0000000000 0.1045040815 0.6975390315
90500.0000000000 0.0950386819 0.7598835826
90600.0000000000 0.0947497295 0.6533601880
90700.0000000000 0.1139032318 1.4454580545
90800.0000000000 0.0920528410 2.4924998283
90900.0000000000 0.3410189913 7.2369637489
91000.0000000000 0.1370695395 5.8532738686
91100.0000000000 0.1104867132 0.7690879703
91200.0000000000 0.1039512505 0.6788278818
91300.0000000000 0.2150219626 18.2944526672
91400.0000000000 0.0957100396 1.9046301842
91500.0000000000 0.0891949435 1.3209680319
91600.0000000000 0.0958242575 0.6742589474
91700.0000000000 0.1014605656 1.8655669689
91800.0000000000 0.1854475844 1.6649101973
91900.0000000000 0.1547305881 9.9419250488
92000.0000000000 0.0957926949 12.7744150162
92100.0000000000 0.1171680675 1.2453069687
92200.0000000000 0.0954255717 0.7608335018
92300.0000000000 0.1004535619 0.7441123724
92400.0000000000 0.2373108027 2.5037415028
92500.0000000000 0.0942321503 2.7401964664
92600.0000000000 0.0967415337 0.8263177872
92700.0000000000 0.1189047543 1.1216682196
92800.0000000000 0.1230627243 1.1368870735
92900.0000000000 0.0924082938 3.6833257675
93000.0000000000 0.0958313751 5.2174301147
93100.0000000000 0.0948564129 4.0957398415
93200.0000000000 0.1408750607 4.4553241730
93300.0000000000 0.1258775676 3.2588360310
93400.0000000000 0.0948346435 8.1875343323
93500.0000000000 0.1299271988 16.0284004211
93600.0000000000 0.0886918698 1.3089705706
93700.0000000000 0.0979834058 1.5135346651
93800.0000000000 0.0884871136 0.7293494940
93900.0000000000 0.1073569288 0.9647699594
94000.0000000000 0.0998471193 0.6812927723
94100.0000000000 0.1029826902 1.9168581963
94200.0000000000 0.0889837321 0.9381550550
94300.0000000000 0.1107946904 0.8106318712
94400.0000000000 0.1142535271 3.9505770206
94500.0000000000 0.1005322223 0.7465182543
94600.0000000000 0.0984823538 0.5813023448
94700.0000000000 0.0894413084 0.7174587250
94800.0000000000 0.1408661346 27.5771236420
94900.0000000000 0.1016732386 1.4494075775
95000.0000000000 0.0917560121 12.7938051224
95100.0000000000 0.0943138316 0.5652908087
95200.0000000000 0.0945976016 0.5624452233
95300.0000000000 0.1827711666 13.1455163956
95400.0000000000 0.1187110297 40.8981323242
95500.0000000000 0.0964531332 0.5719390512
95600.0000000000 0.0940088021 0.6804627776
95700.0000000000 0.1015828359 1.3061469793
95800.0000000000 0.1017598518 24.4035949707
95900.0000000000 0.0859177656 6.9721045494
96000.0000000000 0.0897849129 0.8606976271
96100.0000000000 0.1069597996 4.9672441483
96200.0000000000 0.0968872912 0.6809390187
96300.0000000000 0.0918218918 0.5819815397
96400.0000000000 0.1256164723 1.9188011885
96500.0000000000 0.1480250561 2.0318844318
96600.0000000000 0.0970183653 2.6992266178
96700.0000000000 0.0861675200 3.4865024090
96800.0000000000 0.0894072436 2.9207766056
96900.0000000000 0.0856439423 1.1371998787
97000.0000000000 0.1052272527 2.7826073170
97100.0000000000 0.1174876295 1.2013418674
97200.0000000000 0.0998408660 0.6537081599
97300.0000000000 0.1232359502 11.2148876190
97400.0000000000 0.1169035567 0.6493089199
97500.0000000000 0.1242116737 1.6329922676
97600.0000000000 0.1533805806 2.3362720013
97700.0000000000 0.1119189294 1.2077509165
97800.0000000000 0.0927371923 0.5541572571
97900.0000000000 0.0852713026 0.5747071505
98000.0000000000 0.0944220289 0.6063843966
98100.0000000000 0.0842853017 1.4748049974
98200.0000000000 0.0853008671 1.4739489555
98300.0000000000 0.0858431911 0.5881493688
98400.0000000000 0.0851982897 0.5731052756
98500.0000000000 0.0838054233 0.5339775085
98600.0000000000 0.1171153599 12.1710739136
98700.0000000000 0.0890946623 1.0122945309
98800.0000000000 0.1008185053 3.1292927265
98900.0000000000 0.1740966768 20.7706470490
99000.0000000000 0.1005730789 0.8178851008
99100.0000000000 0.1141539649 5.9986948967
99200.0000000000 0.1042349289 0.7837026119
99300.0000000000 0.0832048205 2.5295243263
99400.0000000000 0.1098610751 0.8720631003
99500.0000000000 0.1030054234 1.4634276628
99600.0000000000 0.1158153199 21.1550827026
99700.0000000000 0.1207724478 0.8015391827
99800.0000000000 0.0834380024 1.2352730036
99900.0000000000 0.1004808441 1.1064171791
100000.0000000000 0.1446043428 8.9856872559
100100.0000000000 0.0876425154 0.5017762780
100200.0000000000 0.0875700536 0.4999558926
100300.0000000000 0.1358481946 1.5581231117
100400.0000000000 0.0878176138 0.5939527154
100500.0000000000 0.0850695245 0.5122854114
100600.0000000000 0.0791944029 4.6763358116
100700.0000000000 0.1864455157 2.9179813862
100800.0000000000 0.0932116319 2.9138951302
100900.0000000000 0.1008457935 1.1948416233
101000.0000000000 0.1523487614 3.0360138416
101100.0000000000 0.0950022568 1.8720248938
101200.0000000000 0.0892555078 6.2677621841
101300.0000000000 0.1033792113 0.5934036374
101400.0000000000 0.0828715187 1.3899871111
101500.0000000000 0.0830190776 0.7410619259
101600.0000000000 0.1345973659 17.2864208221
101700.0000000000 0.1730197640 4.3273544312
101800.0000000000 0.1310579604 2.2171983719
101900.0000000000 0.0842539594 3.6080467701
102000.0000000000 0.0904190227 3.5208489895
102100.0000000000 0.0793871574 1.5378304720
102200.0000000000 0.0777705018 0.5411562324
102300.0000000000 0.0940112546 2.4430377483
102400.0000000000 0.0853630895 0.4850501120
102500.0000000000 0.0845083873 2.8054552078
102600.0000000000 0.0809887238 0.5296889544
102700.0000000000 0.0927898007 0.6903141141
102800.0000000000 0.1362651639 0.8792176843
102900.0000000000 0.1012944134 2.8041691780
103000.0000000000 0.0939948202 1.8296495676
103100.0000000000 0.0840283755 0.5424363613
103200.0000000000 0.1390479624 0.9951562285
103300.0000000000 0.1624933534 36.0490264893
103400.0000000000 0.0994044452 0.5862144828
103500.0000000000 0.1594115912 4.2314896584
103600.0000000000 0.0844088684 1.7854837179
103700.0000000000 0.1314948097 12.8322534561
103800.0000000000 0.0758112901 0.6307664514
103900.0000000000 0.0867131295 1.4328240156
104000.0000000000 0.0955848309 0.5571043491
104100.0000000000 0.0884959565 3.1030442715
104200.0000000000 0.0748828964 0.6682563424
104300.0000000000 0.1266097819 2.1693584919
104400.0000000000 0.1020087541 0.8900474310
104500.0000000000 0.0771057405 0.8860192895
104600.0000000000 0.0875362281 0.7764071226
104700.0000000000 0.0956215301 5.1144165993
104800.0000000000 0.2692958200 4.2872147560
104900.0000000000 0.1042603030 2.7959432602
105000.0000000000 0.1608587708 5.9881029129
105100.0000000000 0.0820877801 0.4507025480
105200.0000000000 0.0818801109 0.4490342140
105300.0000000000 0.1029319239 7.4605908394
105400.0000000000 0.0815435198 0.4491035342
105500.0000000000 0.0812226689 1.0210837126
105600.0000000000 0.0750031031 1.3702095747
105700.0000000000 0.0725708059 0.6919057965
105800.0000000000 0.0778496503 0.9333546162
105900.0000000000 0.0816301205 0.4629610777
106000.0000000000 0.0798987804 0.6393830180
106100.0000000000 0.0987434156 4.9716997147
106200.0000000000 0.0793987518 2.5945804119
106300.0000000000 0.1973325889 11.4463844299
106400.0000000000 0.0714231276 1.3330487013
106500.0000000000 0.0934374715 2.2821609974
106600.0000000000 0.0815639343 2.3448996544
106700.0000000000 0.0715282994 0.5442918539
106800.0000000000 0.1147589597 3.5251605511
106900.0000000000 0.0893693687 0.5025830865
107000.0000000000 0.0853001765 0.5549753308
107100.0000000000 0.0885270826 0.5169538260
107200.0000000000 0.0799277668 0.4411359429
107300.0000000000 0.0809176202 0.4571055770
107400.0000000000 0.0931568999 19.2305126190
107500.0000000000 0.0730400531 1.6637132168
107600.0000000000 0.1113160245 0.8075886369
107700.0000000000 0.0808761018 0.5116876960
107800.0000000000 0.0789147863 0.4269040227
107900.0000000000 0.0844113386 0.7695631385
108000.0000000000 0.0746520409 3.9148375988
108100.0000000000 0.0789167035 0.4538979530
108200.0000000000 0.1526206092 1.4055831432
108300.0000000000 0.0836291621 1.1344107389
108400.0000000000 0.1069139046 0.5766454339
108500.0000000000 0.0705402084 0.5021557212
108600.0000000000 0.0876298670 0.5327060819
108700.0000000000 0.0796215970 0.4416179955
108800.0000000000 0.0954748251 0.4889578819
108900.0000000000 0.0894884831 1.8738981485
109000.0000000000 0.2570838220 3.1315209866
109100.0000000000 0.0907412616 2.4620795250
109200.0000000000 0.0882368172 3.0955560207
109300.0000000000 0.0704563234 0.5808255076
109400.0000000000 0.1262043370 2.9234580994
109500.0000000000 0.0797276522 0.9797775745
109600.0000000000 0.1050015584 1.4284348488
109700.0000000000 0.1504824817 12.7339401245
109800.0000000000 0.1075671610 17.1475944519
109900.0000000000 0.0939943377 0.5409742594
110000.0000000000 0.0742233074 0.5679644942
110100.0000000000 0.0768871550 0.4075520933
110200.0000000000 0.0767253268 0.4064129591
110300.0000000000 0.0922950558 11.4180688858
110400.0000000000 0.0728164226 0.5401254296
110500.0000000000 0.0784974071 1.0386500359
110600.0000000000 0.0751573023 1.4250433445
110700.0000000000 0.0742357223 1.4835810661
110800.0000000000 0.0702222877 1.1557763815
110900.0000000000 0.0813701033 0.6653211713
111000.0000000000 0.0878202426 1.3800432682
111100.0000000000 0.0779142749 0.5969325304
111200.0000000000 0.0783192823 2.6815690994
111300.0000000000 0.2072613708 1.2647399902
111400.0000000000 0.0770134451 0.5825542212
111500.0000000000 0.0871660915 0.6036136746
111600.0000000000 0.0704546801 4.1385321617
111700.0000000000 0.0710232247 0.5291888118
111800.0000000000 0.0791030600 11.2819385529
111900.0000000000 0.0859006037 7.8242325783
112000.0000000000 0.1028570811 1.9902951717
112100.0000000000 0.1175883099 3.5996022224
112200.0000000000 0.0743156735 2.0859980583
112300.0000000000 0.0880176891 0.4489134252
112400.0000000000 0.0698333509 0.9525482059
112500.0000000000 0.0676352865 0.4653294981
112600.0000000000 0.0893571850 1.7519705296
112700.0000000000 0.0731230548 0.3909927309
112800.0000000000 0.0725572494 0.7022117376
112900.0000000000 0.1007822039 5.1467123032
113000.0000000000 0.0848649114 3.7550063133
113100.0000000000 0.0666651832 0.6532604098
113200.0000000000 0.0781017883 0.4282160401
113300.0000000000 0.1269918186 2.6653783321
113400.0000000000 0.0722265047 1.6294105053
113500.0000000000 0.0848331688 0.4271430075
113600.0000000000 0.0850397689 1.5303651094
113700.0000000000 0.0730928523 2.0323112011
113800.0000000000 0.1053354656 4.1658387184
113900.0000000000 0.0710669583 5.5530624390
114000.0000000000 0.0805157391 2.5178897381
114100.0000000000 0.0744582382 0.7693748474
114200.0000000000 0.0827753225 0.8838989139
114300.0000000000 0.0900212413 1.9854248762
114400.0000000000 0.0687874581 2.5066843033
114500.0000000000 0.0788091058 0.6781809926
114600.0000000000 0.0723508505 0.6575875878
114700.0000000000 0.1040574897 1.6868276596
114800.0000000000 0.0720851362 0.7977012992
114900.0000000000 0.1029843268 2.6160433292
115000.0000000000 0.0971387013 2.2137446404
115100.0000000000 0.0725045072 0.3718674481
115200.0000000000 0.0723608395 0.3708854914
115300.0000000000 0.1234494881 3.1802525520
115400.0000000000 0.0841762399 16.1762981415
115500.0000000000 0.0720630868 0.3692904115
115600.0000000000 0.0685794886 1.1623510122
115700.0000000000 0.0682516012 1.4442455769
115800.0000000000 0.0745836023 2.1059505939
115900.0000000000 0.0880175529 0.7487474084
116000.0000000000 0.0786776430 0.4203247726
116100.0000000000 0.1100839339 1.0743014812
116200.0000000000 0.0704242085 1.0601811409
116300.0000000000 0.1551687053 3.7195255756
116400.0000000000 0.0758701128 0.8908004761
116500.0000000000 0.0662974370 1.1706166267
116600.0000000000 0.0763174788 0.4846978784
116700.0000000000 0.0699161432 0.5164650083
116800.0000000000 0.0818998917 5.2961106300
116900.0000000000 0.0656616365 0.5176982880
117000.0000000000 0.0712200706 0.3775946796
117100.0000000000 0.0662749521 0.4413211048
117200.0000000000 0.0686600033 0.3619987369
117300.0000000000 0.0710326742 0.3687387109
117400.0000000000 0.0698771557 0.3782362938
117500.0000000000 0.0739388532 0.3700022101
117600.0000000000 0.0718735688 3.0615456104
117700.0000000000 0.0647067401 0.5975944996
117800.0000000000 0.0749924937 0.5737823844
117900.0000000000 0.1303915145 1.1342388391
118000.0000000000 0.0665762351 1.1051615477
118100.0000000000 0.0690603476 0.4867843986
118200.0000000000 0.0866151769 0.6244916320
118300.0000000000 0.0800282783 3.5677180290
118400.0000000000 0.0663229155 0.5168051124
118500.0000000000 0.0642720025 0.6808632612
118600.0000000000 0.0735909912 0.5343319178
118700.0000000000 0.0848739622 0.9305591583
118800.0000000000 0.0916323616 3.4457695484
118900.0000000000 0.0699946544 1.5928881168
119000.0000000000 0.0748071916 3.2615191936
119100.0000000000 0.0650106345 0.5484558940
119200.0000000000 0.1112356614 4.0914239883
119300.0000000000 0.0677888048 1.7178769112
119400.0000000000 0.0804656425 0.4678891599
119500.0000000000 0.0862225136 0.9265244603
119600.0000000000 0.0803543549 0.3862620592
119700.0000000000 0.0694922135 0.3922226727
119800.0000000000 0.0704463998 0.3701765239
119900.0000000000 0.0708112033 0.3904322684
120000.0000000000 0.0805279786 2.3439867496
120100.0000000000 0.0686833361 0.3415373862
120200.0000000000 0.0685828890 0.3407650590
120300.0000000000 0.0914751862 4.3683080673
120400.0000000000 0.0700350633 0.4448159635
120500.0000000000 0.1232886663 10.4231929779
120600.0000000000 0.0675481358 0.3879278600
120700.0000000000 0.1042631360 1.9919937849
120800.0000000000 0.0656037120 0.5657848120
120900.0000000000 0.0743593903 0.4967736006
121000.0000000000 0.0973647805 0.5779389739
121100.0000000000 0.0719344359 0.6704488993
121200.0000000000 0.0880761880 0.8118757606
121300.0000000000 0.0674850465 0.7131550312
121400.0000000000 0.0691087253 0.3624548614
121500.0000000000 0.0754581751 4.1063675880
121600.0000000000 0.0864512588 0.5923702717
121700.0000000000 0.1082433672 1.2376371622
121800.0000000000 0.0624408679 0.3953661025
121900.0000000000 0.0665663939 0.4434290230
122000.0000000000 0.1054460152 1.8421339989
122100.0000000000 0.0744431778 0.4759467542
122200.0000000000 0.0939642117 0.6992552280
122300.0000000000 0.0651392013 0.3392336071
122400.0000000000 0.0654080362 0.3357107937
122500.0000000000 0.0650047545 0.3810270727
122600.0000000000 0.0734603683 2.9835729599
122700.0000000000 0.0811608483 0.3967171311
122800.0000000000 0.0788126984 0.3899538219
122900.0000000000 0.0631734545 1.2362531424
123000.0000000000 0.1314362455 0.8412963152
123100.0000000000 0.0663339037 3.8435485363
123200.0000000000 0.0675522945 0.3380677998
123300.0000000000 0.0813943025 3.4497861862
123400.0000000000 0.0654919188 0.6703889370
123500.0000000000 0.1642856846 1.5659632683
123600.0000000000 0.0784729943 4.6948471069
123700.0000000000 0.0604283043 0.9167263508
123800.0000000000 0.0856576883 0.9000462294
123900.0000000000 0.0659468935 0.9879655838
124000.0000000000 0.0963991658 12.8363933563
124100.0000000000 0.0616136580 2.6319291592
124200.0000000000 0.0675134747 0.5755030513
124300.0000000000 0.0720104532 1.0966225863
124400.0000000000 0.0714996994 4.0378179550
124500.0000000000 0.0593044317 0.4001874328
124600.0000000000 0.1104204618 1.8466165066
124700.0000000000 0.0803866061 0.5467336774
124800.0000000000 0.0690538330 1.1708629131
124900.0000000000 0.0641802532 0.4792017937
125000.0000000000 0.0680316835 0.3859044611
125100.0000000000 0.0653187602 0.3156682849
125200.0000000000 0.0652309456 0.3150726557
125300.0000000000 0.1235766507 5.4562602043
125400.0000000000 0.0603556417 0.5069007277
125500.0000000000 0.0610720380 0.4133897424
125600.0000000000 0.0716449011 0.4466297925
125700.0000000000 0.0985499725 0.6709126830
125800.0000000000 0.0688059277 3.0418467522
125900.0000000000 0.0587545923 0.4685324132
126000.0000000000 0.0635644967 0.5022624731
126100.0000000000 0.0669091927 0.9569361806
126200.0000000000 0.0888354685 1.5547329187
126300.0000000000 0.0610921396 0.5565464497
126400.0000000000 0.0607755313 0.4415504336
126500.0000000000 0.0706076755 0.3405826390
126600.0000000000 0.0673370492 0.3307428658
126700.0000000000 0.0850566285 0.4377908707
126800.0000000000 0.0681391975 0.3755345047
126900.0000000000 0.0814866424 0.8539292812
127000.0000000000 0.0669768413 0.4948633611
127100.0000000000 0.0610718403 3.0529968739
127200.0000000000 0.0580729293 0.3542819917
127300.0000000000 0.0625894561 0.3120653331
127400.0000000000 0.0635450454 0.3146912754
127500.0000000000 0.1623656630 1.5279687643
127600.0000000000 0.0680803396 2.8178372383
127700.0000000000 0.0622368295 0.3148083687
127800.0000000000 0.0899201654 0.4976142049
127900.0000000000 0.0812263945 1.5554678440
128000.0000000000 0.1537218707 1.1328793764
128100.0000000000 0.0577711401 0.4691221118
128200.0000000000 0.0678151871 0.8409814239
128300.0000000000 0.0655705686 0.3326509893
128400.0000000000 0.0647395063 0.4606944621
128500.0000000000 0.0663087591 0.3160523474
128600.0000000000 0.0661731823 0.3604804277
128700.0000000000 0.0616691422 0.3395658731
128800.0000000000 0.0600325053 4.2023005486
128900.0000000000 0.0680977417 0.5135435462
129000.0000000000 0.0583773191 0.4477383792
129100.0000000000 0.0676621934 0.8327135444
129200.0000000000 0.1160125363 3.2234852314
129300.0000000000 0.0599519498 0.3680181503
129400.0000000000 0.0621320106 0.4553597867
129500.0000000000 0.0641347693 0.7132064700
129600.0000000000 0.0721958719 1.3122441769
129700.0000000000 0.0593363946 0.6725347638
129800.0000000000 0.0557474299 0.4414697289
129900.0000000000 0.0841693426 0.3502359390
130000.0000000000 0.0670200066 3.3846952915
130100.0000000000 0.0621783366 0.2935428619
130200.0000000000 0.0623032771 0.2929919660
130300.0000000000 0.0792933932 4.7698884010
130400.0000000000 0.0603192974 2.1718220711
130500.0000000000 0.0808990386 1.4791355133
130600.0000000000 0.0726066381 3.1188693047
130700.0000000000 0.0593594531 0.6432977915
130800.0000000000 0.0852574503 0.4326202273
130900.0000000000 0.0659763437 0.3279583752
131000.0000000000 0.0683461273 0.3469907343
131100.0000000000 0.0620150886 0.2936959863
131200.0000000000 0.0612178541 0.6425400376
131300.0000000000 0.0785822434 1.0068379641
131400.0000000000 0.0566231380 0.3435055614
131500.0000000000 0.0623153457 0.4803861082
131600.0000000000 0.1283041871 3.4612181187
131700.0000000000 0.0618585092 2.8671405315
131800.0000000000 0.0635527549 6.1563558578
131900.0000000000 0.0668188790 3.5039927959
132000.0000000000 0.0754970590 0.4429960549
132100.0000000000 0.0593476266 0.5843938589
132200.0000000000 0.0749451328 4.0990533829
132300.0000000000 0.0737149277 0.7569146752
132400.0000000000 0.0590987158 0.3993581235
132500.0000000000 0.0562102086 0.3497935832
132600.0000000000 0.1239939705 1.5390611887
132700.0000000000 0.0570371883 2.1469230652
132800.0000000000 0.0592367085 1.7436578274
132900.0000000000 0.0687168739 0.3430120647
133000.0000000000 0.0995450056 0.3845856488
133100.0000000000 0.0623386679 0.2861423790
133200.0000000000 0.0627474119 0.5866370797
133300.0000000000 0.0569918007 1.5694768429
133400.0000000000 0.0575220878 0.3810485899
133500.0000000000 0.0667314425 0.6605242491
133600.0000000000 0.0621307912 3.0849547386
133700.0000000000 0.0694528398 0.3244540393
133800.0000000000 0.0585018643 0.3620322049
133900.0000000000 0.0986315645 2.5384371281
134000.0000000000 0.0733626926 0.7262383699
134100.0000000000 0.0623562380 0.3458860815
134200.0000000000 0.0580088209 0.4442079067
134300.0000000000 0.0679561868 0.4846313298
134400.0000000000 0.0565904485 1.2363749743
134500.0000000000 0.0566374260 0.4492138922
134600.0000000000 0.0621305824 2.1879811287
134700.0000000000 0.0679088227 5.5744171143
134800.0000000000 0.0754736279 0.3876149356
134900.0000000000 0.0627270689 0.7982977033
135000.0000000000 0.0629945476 3.5344903469
135100.0000000000 0.0597523122 0.2741357684
135200.0000000000 0.0597469832 0.2737811506
135300.0000000000 0.0596538292 0.2733809352
135400.0000000000 0.0594330628 0.2843601108
135500.0000000000 0.0595471218 0.2727484405
135600.0000000000 0.0570716313 0.5999306440
135700.0000000000 0.0595762846 0.2722268105
135800.0000000000 0.0595160290 0.2717970312
135900.0000000000 0.1685803588 3.1115739346
136000.0000000000 0.0590703245 0.2713528275
136100.0000000000 0.0593803236 0.2707209885
136200.0000000000 0.0582933937 0.2738869786
136300.0000000000 0.0593383847 0.2701117396
136400.0000000000 0.0547939768 0.3385511041
136500.0000000000 0.0641195982 0.2971849442
136600.0000000000 0.0591270358 0.2692653835
136700.0000000000 0.0590447770 0.2689040899
136800.0000000000 0.0597453366 0.2725406587
136900.0000000000 0.0578809862 0.2761460841
137000.0000000000 0.0536324277 0.4453471005
137100.0000000000 0.0540043536 0.3421432376
137200.0000000000 0.0765646122 1.6692833900
137300.0000000000 0.0610386455 0.9520673752
137400.0000000000 0.0544117373 1.0324438810
137500.0000000000 0.0531124010 0.5844642520
137600.0000000000 0.0547685240 0.3768341839
137700.0000000000 0.0750877817 0.9066117406
137800.0000000000 0.0752052916 0.5059282780
137900.0000000000 0.0848765347 0.3971029520
138000.0000000000 0.0524967162 0.3526374698
138100.0000000000 0.0627267540 0.4426139593
138200.0000000000 0.0631135033 2.0846261978
138300.0000000000 0.0570445388 0.3211031258
138400.0000000000 0.0567410555 0.5588987470
138500.0000000000 0.0655872876 0.9638328552
138600.0000000000 0.0577215380 0.5889552236
138700.0000000000 0.0536588138 0.2995565236
138800.0000000000 0.0595710728 0.3082692921
138900.0000000000 0.0726121593 1.0158625841
139000.0000000000 0.0595017415 2.1051204205
139100.0000000000 0.0602345000 1.2410591841
139200.0000000000 0.0718609335 0.4011665583
139300.0000000000 0.0547872559 1.0531404018
139400.0000000000 0.0829373016 0.4839259982
139500.0000000000 0.0691006790 3.2877671719
139600.0000000000 0.0612523727 0.4464799762
139700.0000000000 0.0540188653 0.3761411905
139800.0000000000 0.0590532714 0.2918791175
139900.0000000000 0.0559751589 1.8881690502
140000.0000000000 0.0631187211 0.3062337339
140100.0000000000 0.0575122473 0.2576268017
140200.0000000000 0.0575131479 0.2572526038
140300.0000000000 0.0651283629 0.6892281175
140400.0000000000 0.0562823007 0.2931367159
140500.0000000000 0.1790587879 1.0252745152
140600.0000000000 0.0590284861 0.8801155090
140700.0000000000 0.0706080228 0.6887082458
140800.0000000000 0.0751674068 0.6284696460
140900.0000000000 0.0857986403 1.4744344950
141000.0000000000 0.0530843315 0.2968329489
141100.0000000000 0.0617615578 0.3523499966
141200.0000000000 0.0678521802 0.3568224311
141300.0000000000 0.0676146876 0.3054739833
141400.0000000000 0.0604130495 0.2925828993
141500.0000000000 0.0782904932 2.3994419575
141600.0000000000 0.0590275477 0.2791083455
141700.0000000000 0.0610742359 1.1097773314
141800.0000000000 0.0537867275 1.4288854599
141900.0000000000 0.0633613401 0.5820373297
142000.0000000000 0.0532270514 0.5829633474
142100.0000000000 0.0886333831 0.3800799549
142200.0000000000 0.0569608689 0.2567642927
142300.0000000000 0.0649199069 0.5309276581
142400.0000000000 0.0605775658 0.9630454183
142500.0000000000 0.0529714176 0.7297344804
142600.0000000000 0.0513405754 0.4760405123
142700.0000000000 0.0555511180 0.8217828274
142800.0000000000 0.0558754716 0.2629030049
142900.0000000000 0.0534031514 0.6847413778
143000.0000000000 0.0679761870 0.3105377555
143100.0000000000 0.0533197249 0.6988976598
143200.0000000000 0.0550237876 0.6389654875
143300.0000000000 0.0545150665 1.5551599264
143400.0000000000 0.0593988090 0.8870041966
143500.0000000000 0.0618859417 0.2926527858
143600.0000000000 0.0553589899 1.7216008902
143700.0000000000 0.0523392209 0.2738969028
143800.0000000000 0.0579624544 0.6677930355
143900.0000000000 0.0653612674 2.4758665562
144000.0000000000 0.0508153032 0.2596273124
144100.0000000000 0.0777986578 0.3830949962
144200.0000000000 0.0590177956 0.3201438487
144300.0000000000 0.0501651760 0.3275912106
144400.0000000000 0.0576308815 0.5950454473
144500.0000000000 0.0667473376 0.7203591466
144600.0000000000 0.0822526644 1.2570817471
144700.0000000000 0.0593259830 0.2782629728
144800.0000000000 0.0564891446 0.2757490873
144900.0000000000 0.0562153369 0.3267054558
145000.0000000000 0.0510085275 0.3703067005
145100.0000000000 0.0555287740 0.2426191717
145200.0000000000 0.0554631154 0.2422953695
145300.0000000000 0.0525389471 0.3193545938
145400.0000000000 0.0552709597 0.2417976111
145500.0000000000 0.0530892305 0.3388098776
145600.0000000000 0.0666499204 0.2652525902
145700.0000000000 0.0697074942 2.0453877449
145800.0000000000 0.0570790438 0.2565087378
145900.0000000000 0.0499904385 0.7963896990
146000.0000000000 0.0534964401 0.6894989610
146100.0000000000 0.0544943073 1.3280999660
146200.0000000000 0.0566015896 0.3512367308
146300.0000000000 0.0615835903 1.1301950216
146400.0000000000 0.0523576627 0.3501388431
146500.0000000000 0.0516702666 0.8801342845
146600.0000000000 0.0519227475 0.3827801943
146700.0000000000 0.0663273657 1.0333261490
146800.0000000000 0.0697478615 0.5066580176
146900.0000000000 0.0560765739 0.2636340559
147000.0000000000 0.0551910966 0.2881960571
147100.0000000000 0.0526032020 0.7769222856
147200.0000000000 0.0554591726 0.4661192298
147300.0000000000 0.0513038262 0.3817262053
147400.0000000000 0.0542891088 0.2396283150
147500.0000000000 0.0553437251 0.2425220609
147600.0000000000 0.0521120603 0.3937772214
147700.0000000000 0.0654055569 0.2760974467
147800.0000000000 0.0564323041 0.5000149608
147900.0000000000 0.0850567152 0.9979998469
148000.0000000000 0.0576656610 0.3279075623
148100.0000000000 0.0523439219 0.2560470402
148200.0000000000 0.0511288682 0.2965760231
148300.0000000000 0.0773413521 0.7180569172
148400.0000000000 0.0578510491 0.6245134473
148500.0000000000 0.0521361004 0.2515825927
148600.0000000000 0.0612147395 0.3873548508
148700.0000000000 0.0590082005 0.4472800493
148800.0000000000 0.0578863594 0.4891107082
148900.0000000000 0.0672833927 0.2779442668
149000.0000000000 0.0584037392 0.2645042241
149100.0000000000 0.0539502433 0.3739940226
149200.0000000000 0.0542396241 0.5686673522
149300.0000000000 0.0567258902 0.6750210524
149400.0000000000 0.0522127973 0.3294890523
149500.0000000000 0.0500836214 0.7224534154
149600.0000000000 0.0530569984 0.2545472383
149700.0000000000 0.0596911637 0.3394425213
149800.0000000000 0.0688531777 0.8381803036
149900.0000000000 0.0856824763 0.8639832139
150000.0000000000 0.0616670359 0.4192804694
150100.0000000000 0.0535899471 0.2292323560
150200.0000000000 0.0536376918 0.2289890945
150300.0000000000 0.0759516670 3.3803596497
150400.0000000000 0.0528449215 0.2417732626
150500.0000000000 0.0558106982 0.2669221759
150600.0000000000 0.0513533937 0.4479007721
150700.0000000000 0.0704606413 0.8875675797
150800.0000000000 0.0549476833 0.2509985268
150900.0000000000 0.0679347605 0.3656520844
151000.0000000000 0.0539510530 0.7785754800
151100.0000000000 0.0847660587 0.4516154826
151200.0000000000 0.0500375351 0.3300806284
151300.0000000000 0.0527318003 0.2898069322
151400.0000000000 0.0533733895 0.4880361855
151500.0000000000 0.0505969653 0.5120186210
151600.0000000000 0.0497711531 0.5608378649
151700.0000000000 0.0524498594 0.2261024117
151800.0000000000 0.0569941703 0.2784191966
151900.0000000000 0.0682721566 0.7940472960
152000.0000000000 0.0588573572 0.2703976631
152100.0000000000 0.0507474550 0.2277156413
152200.0000000000 0.0489043399 0.8418416977
152300.0000000000 0.0673892219 0.3810437024
152400.0000000000 0.0559141655 0.3055921197
152500.0000000000 0.0498679165 0.4947514534
152600.0000000000 0.0485323038 0.2429686934
152700.0000000000 0.0495471643 0.3199151158
152800.0000000000 0.0512639508 0.2363579124
152900.0000000000 0.0509879363 0.2257557660
153000.0000000000 0.0533082794 0.2249896228
153100.0000000000 0.0524686888 0.2252916694
153200.0000000000 0.0543332350 0.8531931639
153300.0000000000 0.0540644137 0.3382090628
153400.0000000000 0.0548845459 0.2424961030
153500.0000000000 0.0635911177 0.6931055784
153600.0000000000 0.0553206033 0.8917373419
153700.0000000000 0.0531728607 0.3699907660
153800.0000000000 0.0506768169 0.4727960229
153900.0000000000 0.0621925133 0.8147305250
154000.0000000000 0.0545408507 0.2550157607
154100.0000000000 0.0647557964 0.8263998032
154200.0000000000 0.0494491974 0.6150813103
154300.0000000000 0.0476229841 0.7684168816
154400.0000000000 0.0495175788 0.6291855574
154500.0000000000 0.0499679682 0.2315354049
154600.0000000000 0.0573860985 0.3628458679
154700.0000000000 0.0508970446 0.4295116961
154800.0000000000 0.0514495791 0.2556837797
154900.0000000000 0.0833787312 0.7268570065
155000.0000000000 0.0574092871 0.2295663208
155100.0000000000 0.0520266007 0.2173220366
155200.0000000000 0.0520111990 0.2170849144
155300.0000000000 0.0578881036 0.2870396674
155400.0000000000 0.0514381358 0.2227373868
155500.0000000000 0.0559310042 0.2795197964
155600.0000000000 0.0473135391 0.3403816819
155700.0000000000 0.0826959447 0.5816073418
155800.0000000000 0.0613275213 1.0305106640
155900.0000000000 0.0502834175 0.2312187850
156000.0000000000 0.0473885317 0.3007535934
156100.0000000000 0.0549897898 0.2263446450
156200.0000000000 0.0501456415 0.2914323807
156300.0000000000 0.0527696928 0.2553537786
156400.0000000000 0.0492146995 0.3789483607
156500.0000000000 0.0585436451 0.2570101619
156600.0000000000 0.0475855273 0.5026894808
156700.0000000000 0.0499140835 0.2228475958
156800.0000000000 0.0543826201 1.6576266289
156900.0000000000 0.0488929601 0.2839544713
157000.0000000000 0.1172675654 0.9430709481
157100.0000000000 0.0530884011 0.4886048138
157200.0000000000 0.0524707824 0.6338642836
157300.0000000000 0.0525951496 0.2240954340
157400.0000000000 0.0596784157 0.4277600646
157500.0000000000 0.0481642506 0.3053648174
157600.0000000000 0.0581335048 0.2337030023
157700.0000000000 0.0496706660 0.2353779972
157800.0000000000 0.0499564414 0.2901863158
157900.0000000000 0.0483003271 0.2741561532
158000.0000000000 0.0469353238 0.2511672080
158100.0000000000 0.0541635465 0.2339500338
158200.0000000000 0.0514044115 0.6426016688
158300.0000000000 0.0790122370 0.5600119233
158400.0000000000 0.0645747891 0.5876592994
158500.0000000000 0.1069408476 0.7912396193
158600.0000000000 0.0672895402 0.3315250576
158700.0000000000 0.0464463715 0.2473507375
158800.0000000000 0.0507114726 0.6062695980
158900.0000000000 0.0525955117 0.5220497251
159000.0000000000 0.0559815451 0.2813922763
159100.0000000000 0.0472734274 0.4527680874
159200.0000000000 0.0533162157 0.5080907345
159300.0000000000 0.0534260181 0.9949465990
159400.0000000000 0.0510095879 0.2108185142
159500.0000000000 0.0487973243 0.2115171403
159600.0000000000 0.0649997286 0.8555262089
159700.0000000000 0.0501201309 0.7298322320
159800.0000000000 0.0471473330 0.3007947206
159900.0000000000 0.0549891947 1.1724064350
160000.0000000000 0.0953959342 0.3637012839
160100.0000000000 0.0506412065 0.2065120339
160200.0000000000 0.0505115518 0.2063426971
160300.0000000000 0.0505197140 0.2061416507
160400.0000000000 0.0511898738 0.2159711272
160500.0000000000 0.0628752132 0.2333628237
160600.0000000000 0.0490746212 0.3842310309
160700.0000000000 0.0509171491 0.7236843705
160800.0000000000 0.0469243697 0.4399467409
160900.0000000000 0.0656257845 0.5601333380
161000.0000000000 0.0479940560 0.2853351235
161100.0000000000 0.0466038510 0.2605987489
161200.0000000000 0.0841217880 0.3337315917
161300.0000000000 0.0531977640 0.2189634591
161400.0000000000 0.0513333235 0.2173291147
161500.0000000000 0.0544349937 0.6735571027
161600.0000000000 0.0533480425 1.2203894854
161700.0000000000 0.0538732601 0.2344116122
161800.0000000000 0.0466175541 0.3474004269
161900.0000000000 0.0463158938 0.6631550193
162000.0000000000 0.0508357882 0.2031957507
162100.0000000000 0.0500702323 0.3797689676
162200.0000000000 0.0508303198 0.5499814153
162300.0000000000 0.0501329869 0.2325811535
162400.0000000000 0.0582426296 0.7867770195
162500.0000000000 0.0490177814 0.2147030532
162600.0000000000 0.0489631001 0.2094615847
162700.0000000000 0.0496276534 0.5338497758
162800.0000000000 0.0557471066 0.4163409770
162900.0000000000 0.0483842142 0.2452592552
163000.0000000000 0.0475731081 0.2134504616
163100.0000000000 0.0506285058 0.5292301774
163200.0000000000 0.0534107031 0.5832200646
163300.0000000000 0.0500289692 0.2055861652
163400.0000000000 0.0527088951 0.2424846590
163500.0000000000 0.0500834470 0.2400534749
163600.0000000000 0.0455027708 0.2819845676
163700.0000000000 0.0510113242 0.4321899712
163800.0000000000 0.0468231930 0.4555408359
163900.0000000000 0.0476572530 0.5494715571
164000.0000000000 0.0523420567 0.4621439874
164100.0000000000 0.0741964000 1.0451134443
164200.0000000000 0.0450336037 0.2386019081
164300.0000000000 0.0573414832 0.2326878756
164400.0000000000 0.0608275151 1.3176656961
164500.0000000000 0.0475685090 0.2288051993
164600.0000000000 0.0564677108 0.5461955667
164700.0000000000 0.0488439013 0.2083547562
164800.0000000000 0.0491137923 0.2662512660
164900.0000000000 0.0482192804 0.7480912805
165000.0000000000 0.0746769367 0.2889736593
165100.0000000000 0.0492820229 0.1967944354
165200.0000000000 0.0492237011 0.1966161877
165300.0000000000 0.0643688861 4.4857811928
165400.0000000000 0.0493297602 0.1963553429
165500.0000000000 0.0491173678 0.1960812360
165600.0000000000 0.1392063680 8.1103296280
165700.0000000000 0.0488232811 0.1959015280
165800.0000000000 0.0491084081 0.1955964267
165900.0000000000 0.0490851976 0.1954406351
166000.0000000000 0.0875761342 1.6461237669
166100.0000000000 0.0488841113 0.1951275468
166200.0000000000 0.0489902039 0.1949362904
166300.0000000000 0.0488856632 0.1948105544
166400.0000000000 0.0503648661 0.1955377012
166500.0000000000 0.0489075474 0.1945632547
166600.0000000000 0.0488926446 0.1944292933
166700.0000000000 0.0488685813 0.1942697912
166800.0000000000 0.0488439359 0.1940965801
166900.0000000000 0.0491473978 0.3553175628
167000.0000000000 0.0487510666 0.1937448531
167100.0000000000 0.0487770372 0.1935765594
167200.0000000000 0.0572864516 0.2315240353
167300.0000000000 0.0487535926 0.1932628900
167400.0000000000 0.0487163917 0.1931208372
167500.0000000000 0.0487150014 0.1929564774
167600.0000000000 0.0537604995 0.2768877149
167700.0000000000 0.0485335719 0.1926483065
167800.0000000000 0.0485956889 0.1924954355
167900.0000000000 0.0456101982 0.3034060597
168000.0000000000 0.0485530536 0.1921392828
168100.0000000000 0.0485952522 0.1920622140
168200.0000000000 0.0485603647 0.1919393092
168300.0000000000 0.0548719026 0.6989150047
168400.0000000000 0.0483341644 0.1916641444
168500.0000000000 0.0484508782 0.1915084422
168600.0000000000 0.0484483401 0.1913508624
168700.0000000000 0.0484486366 0.1911852658
168800.0000000000 0.0918261334 2.3312499523
168900.0000000000 0.0481407564 0.1910343766
169000.0000000000 0.0484098528 0.1907822043
169100.0000000000 0.0483852521 0.1906338483
169200.0000000000 0.0483877411 0.1904721260
169300.0000000000 0.0482752827 0.1903237551
169400.0000000000 0.0476557604 0.1921537966
169500.0000000000 0.0506310791 0.3706753552
169600.0000000000 0.0519356707 0.2094677538
169700.0000000000 0.0476593476 0.3385336995
169800.0000000000 0.0504273531 0.2230854034
169900.0000000000 0.0535742655 0.6340084672
170000.0000000000 0.0506136194 0.1945632100
170100.0000000000 0.0481702178 0.1889755726
170200.0000000000 0.0481450619 0.1888189614
170300.0000000000 0.0507920807 0.1952268630
170400.0000000000 0.0484043652 0.1887086630
170500.0000000000 0.0480674678 0.1883289814
170600.0000000000 0.0480381584 0.1881771088
170700.0000000000 0.0477148009 0.1907558143
170800.0000000000 0.0479447722 0.1878685504
170900.0000000000 0.0479425425 0.1877301484
171000.0000000000 0.0525233591 0.1950807720
171100.0000000000 0.0478785469 0.1874181330
171200.0000000000 0.0479062390 0.1873192191
171300.0000000000 0.0479006250 0.1871825755
171400.0000000000 0.0478923912 0.1870321631
171500.0000000000 0.0471938638 0.1913146675
171600.0000000000 0.0478321990 0.1867847443
171700.0000000000 0.0478217093 0.1866477579
171800.0000000000 0.0478048757 0.1864835918
171900.0000000000 0.0482115580 0.1878123432
172000.0000000000 0.0477296258 0.1861942261
172100.0000000000 0.0477449119 0.1860553324
172200.0000000000 0.0477694700 0.1858867556
172300.0000000000 0.0474041827 0.1941561997
172400.0000000000 0.0476527075 0.1856067926
172500.0000000000 0.0476469267 0.1854972392
172600.0000000000 0.0476328663 0.1853613257
172700.0000000000 0.0476269065 0.1851951182
172800.0000000000 0.0472311063 0.1858408749
172900.0000000000 0.0475728120 0.1849059314
173000.0000000000 0.0509673230 3.2722551823
173100.0000000000 0.0474727849 0.1846860796
173200.0000000000 0.0475003145 0.1844700575
173300.0000000000 0.0474976582 0.1843196899
173400.0000000000 0.0463588215 0.1952005178
173500.0000000000 0.0474785835 0.1840637177
173600.0000000000 0.0474388034 0.1839479357
173700.0000000000 0.0656779019 0.2862235308
173800.0000000000 0.0475658089 0.1838791966
173900.0000000000 0.0473551064 0.1835302114
174000.0000000000 0.0473506553 0.1834081411
174100.0000000000 0.0473626739 0.1832685769
174200.0000000000 0.0532395684 1.0860805511
174300.0000000000 0.0472081976 0.1830195040
174400.0000000000 0.0472393120 0.1829107851
174500.0000000000 0.0472505807 0.1827802658
174600.0000000000 0.0472355654 0.1826369464
174700.0000000000 0.0447270949 0.5002024770
174800.0000000000 0.0470871387 0.1823561192
174900.0000000000 0.0471668479 0.1822366714
175000.0000000000 0.0471781057 0.1821045280
175100.0000000000 0.0471592242 0.1819768697
175200.0000000000 0.0471443236 0.1818407327
175300.0000000000 0.0966834684 1.6812630892
175400.0000000000 0.0470163233 0.1815718412
175500.0000000000 0.0470853465 0.1814610809
175600.0000000000 0.0470823011 0.1813512444
175700.0000000000 0.0470624020 0.1812266111
175800.0000000000 0.0470602412 0.1810941249
175900.0000000000 0.0470498195 0.1809479445
176000.0000000000 0.0455835499 0.3179863393
176100.0000000000 0.0469729427 0.1806602478
176200.0000000000 0.0469595172 0.1805496216
176300.0000000000 0.0469563499 0.1804110855
176400.0000000000 0.0550335107 5.5487594604
176500.0000000000 0.0465538977 0.1801812500
176600.0000000000 0.0468058542 0.1800302118
176700.0000000000 0.0468292712 0.1799307019
176800.0000000000 0.0468388163 0.1798098832
176900.0000000000 0.0468446594 0.1796830297
177000.0000000000 0.0454251219 0.3866026103
177100.0000000000 0.0468148309 0.1794288605
177200.0000000000 0.0468095128 0.1792666614
177300.0000000000 0.0467876298 0.1791290641
177400.0000000000 0.0614304429 1.6291158199
177500.0000000000 0.0468110321 0.1789245903
177600.0000000000 0.0467476445 0.1787764281
177700.0000000000 0.0467382271 0.1786766052
177800.0000000000 0.0467221491 0.1785547584
177900.0000000000 0.0467000453 0.1784232110
178000.0000000000 0.0466867767 0.1782885641
178100.0000000000 0.0468457242 0.1784713715
178200.0000000000 0.0466496786 0.1779932380
178300.0000000000 0.0467446955 0.1778273731
178400.0000000000 0.0466058766 0.1783020049
178500.0000000000 0.0465414163 0.1776365042
178600.0000000000 0.0465508230 0.1775247604
178700.0000000000 0.0465518885 0.1773940027
178800.0000000000 0.0465266194 0.1772529185
178900.0000000000 0.0451475408 0.2638359070
179000.0000000000 0.0464788015 0.1769811362
179100.0000000000 0.0465109417 0.1769305021
179200.0000000000 0.0464864293 0.1768294275
179300.0000000000 0.0464696060 0.1767153293
179400.0000000000 0.0464450331 0.1765923202
179500.0000000000 0.0474863648 0.1780500561
179600.0000000000 0.0463926778 0.1763351560
179700.0000000000 0.0463779388 0.1762058288
179800.0000000000 0.0631622388 0.8825035095
179900.0000000000 0.0463904475 0.1759156436
180000.0000000000 0.0462941006 0.1758269072
180100.0000000000 0.0462980775 0.1757188737
180200.0000000000 0.0463014704 0.1755937487
180300.0000000000 0.0437427039 0.1810257137
180400.0000000000 0.0459280508 0.1753691435
180500.0000000000 0.0462581416 0.1752187163
180600.0000000000 0.0462620117 0.1750793755
180700.0000000000 0.0472234336 0.1760690659
180800.0000000000 0.0461711960 0.1748398542
180900.0000000000 0.0461625573 0.1747475415
181000.0000000000 0.0461560030 0.1746220887
181100.0000000000 0.0461359908 0.1744889468
181200.0000000000 0.0463897434 0.1752014756
181300.0000000000 0.0461118800 0.1742178649
181400.0000000000 0.0460945689 0.1740902811
181500.0000000000 0.1643890064 2.9712345600
181600.0000000000 0.0458513403 0.1739577800
181700.0000000000 0.0460350684 0.1737284958
181800.0000000000 0.0460034082 0.1736180037
181900.0000000000 0.0459851343 0.1734905541
182000.0000000000 0.0459781238 0.1733576208
182100.0000000000 0.0463900862 0.2242399901
182200.0000000000 0.0458821322 0.1731117070
182300.0000000000 0.0458996287 0.1730289757
182400.0000000000 0.0458907102 0.1729268283
182500.0000000000 0.0458917665 0.1728183776
182600.0000000000 0.0458853427 0.1726967543
182700.0000000000 0.0642822834 2.7585568428
182800.0000000000 0.0459567121 0.1724722683
182900.0000000000 0.0458086447 0.1723206639
183000.0000000000 0.0458100202 0.1722074151
183100.0000000000 0.0466767508 0.1728606820
183200.0000000000 0.0461277572 0.1721098423
183300.0000000000 0.0457586689 0.1718681306
183400.0000000000 0.0457399374 0.1717658192
183500.0000000000 0.0457241525 0.1716471761
183600.0000000000 0.0457244567 0.1715181768
183700.0000000000 0.0445537521 0.1977903396
183800.0000000000 0.0457168342 0.1712609231
183900.0000000000 0.0456997066 0.1711684167
184000.0000000000 0.0456788733 0.1710592657
184100.0000000000 0.0456687917 0.1709188819
184200.0000000000 0.0444678333 0.1750484407
184300.0000000000 0.0456149466 0.1706790179
184400.0000000000 0.0455900429 0.1705811918
184500.0000000000 0.0455862219 0.1704635173
184600.0000000000 0.0478488205 0.5935003757
184700.0000000000 0.0455650771 0.1702214330
184800.0000000000 0.0455037662 0.1701512486
184900.0000000000 0.0455017014 0.1700579822
185000.0000000000 0.0455000556 0.1699504554
185100.0000000000 0.0454787820 0.1698370129
185200.0000000000 0.0454659284 0.1697241217
185300.0000000000 0.0454635355 0.1695986539
185400.0000000000 0.0454690283 0.1694652587
185500.0000000000 0.0451527592 0.1699595600
185600.0000000000 0.0454068459 0.1692228913
185700.0000000000 0.0454043995 0.1691026688
185800.0000000000 0.0454197232 0.1689706594
185900.0000000000 0.0451165435 0.1694562435
186000.0000000000 0.0453150894 0.1687517166
186100.0000000000 0.0453261334 0.1686582565
186200.0000000000 0.0453184571 0.1685567498
186300.0000000000 0.0453022691 0.1684403121
186400.0000000000 0.0449881711 0.1684599221
186500.0000000000 0.0454200324 0.1684220731
186600.0000000000 0.0452443345 0.1680876762
186700.0000000000 0.0452428316 0.1679671854
186800.0000000000 0.0523704920 0.2971517742
186900.0000000000 0.0451626002 0.1677176207
187000.0000000000 0.0451816273 0.1676359475
187100.0000000000 0.0451528726 0.1675312072
187200.0000000000 0.0459132934 0.2815020978
187300.0000000000 0.0451167980 0.1672870666
187400.0000000000 0.0451168642 0.1671782583
187500.0000000000 0.0649160226 2.3374075890
187600.0000000000 0.0450037428 0.1669302732
187700.0000000000 0.0450173606 0.1668467820
187800.0000000000 0.0450255904 0.1667432934
187900.0000000000 0.0450267967 0.1666226089
188000.0000000000 0.0455316598 0.3134947121
188100.0000000000 0.0449375152 0.1663684845
188200.0000000000 0.0450096013 0.1663030535
188300.0000000000 0.0449854449 0.1662005186
188400.0000000000 0.0449680191 0.1660897285
188500.0000000000 0.0449528064 0.1659743041
188600.0000000000 0.0445808667 0.1673193872
188700.0000000000 0.0449165971 0.1657469571
188800.0000000000 0.0449017862 0.1656445265
188900.0000000000 0.0448981591 0.1655224264
189000.0000000000 0.0456311672 0.1889817566
189100.0000000000 0.0448233448 0.1653101146
189200.0000000000 0.0448282139 0.1652540416
189300.0000000000 0.0448277720 0.1651603431
189400.0000000000 0.0448124039 0.1650586128
189500.0000000000 0.0448021830 0.1649494171
189600.0000000000 0.0447910075 0.1648292094
189700.0000000000 0.0434007614 0.1725651920
189800.0000000000 0.0447489132 0.1645973921
189900.0000000000 0.0447412364 0.1644922644
190000.0000000000 0.0447351462 0.1643792242
190100.0000000000 0.0447222720 0.1642641425
190200.0000000000 0.0447098386 0.1641474515
190300.0000000000 0.0825975807 4.6007542610
190400.0000000000 0.0445297557 0.1639516056
190500.0000000000 0.0446038841 0.1638217866
190600.0000000000 0.0446275541 0.1637402177
190700.0000000000 0.0446304899 0.1636372656
190800.0000000000 0.0446085635 0.1635299623
190900.0000000000 0.0445931135 0.1634249985
191000.0000000000 0.1185796976 5.7685179710
191100.0000000000 0.0443664852 0.1632247567
191200.0000000000 0.0445859360 0.1630984694
191300.0000000000 0.0445600147 0.1630094498
191400.0000000000 0.0445327732 0.1629042923
191500.0000000000 0.0445105448 0.1627976596
191600.0000000000 0.0444968376 0.1626759619
191700.0000000000 0.0427792959 0.1730134189
191800.0000000000 0.0443992607 0.1624756902
191900.0000000000 0.0444227833 0.1623963565
192000.0000000000 0.0444238111 0.1623061746
192100.0000000000 0.0444198590 0.1622049063
192200.0000000000 0.0444002446 0.1621010303
192300.0000000000 0.0434475990 0.2748670280
192400.0000000000 0.0442961367 0.1618669927
192500.0000000000 0.0443600036 0.1617788225
192600.0000000000 0.0443572749 0.1616827399
192700.0000000000 0.0443405645 0.1615708917
192800.0000000000 0.0439906568 0.1675748527
192900.0000000000 0.0443412515 0.1613525003
193000.0000000000 0.0443150194 0.1612613201
193100.0000000000 0.0443090459 0.1611563265
193200.0000000000 0.0442898984 0.1610413641
193300.0000000000 0.0512450205 0.2705532908
193400.0000000000 0.0443325659 0.1607969850
193500.0000000000 0.0442291312 0.1607367992
193600.0000000000 0.0442190821 0.1606428921
193700.0000000000 0.0442036525 0.1605355740
193800.0000000000 0.0418811270 0.1987440586
193900.0000000000 0.0440812917 0.1603206545
194000.0000000000 0.0441171114 0.1602417380
194100.0000000000 0.0441084515 0.1601425856
194200.0000000000 0.0441144644 0.1600392908
194300.0000000000 0.0759445925 1.4580285549
194400.0000000000 0.0441610131 0.1598513573
194500.0000000000 0.0440950533 0.1597627550
194600.0000000000 0.0440889670 0.1596835703
194700.0000000000 0.0440809208 0.1595956385
194800.0000000000 0.0440688812 0.1595002115
194900.0000000000 0.0440505553 0.1593973935
195000.0000000000 0.0749943288 1.9459612370
195100.0000000000 0.0439879223 0.1591656804
195200.0000000000 0.0440062935 0.1591055691
195300.0000000000 0.0439996193 0.1590159833
195400.0000000000 0.0439968608 0.1589190215
195500.0000000000 0.0439853637 0.1588195264
195600.0000000000 0.0439753839 0.1587046981
195700.0000000000 0.0528622908 0.1770676523
195800.0000000000 0.0439543927 0.1584930420
195900.0000000000 0.0439221533 0.1584305316
196000.0000000000 0.0439089961 0.1583502293
196100.0000000000 0.0438795031 0.1582540423
196200.0000000000 0.0438580822 0.1581523418
196300.0000000000 0.0438411458 0.1580461711
196400.0000000000 0.0438245093 0.1584740579
196500.0000000000 0.0437908207 0.1578526497
196600.0000000000 0.0437833676 0.1577645242
196700.0000000000 0.0437805042 0.1576676965
196800.0000000000 0.0438139620 0.1575373262
196900.0000000000 0.0435569241 0.1576950550
197000.0000000000 0.0437336309 0.1573845446
197100.0000000000 0.0437303049 0.1572935730
197200.0000000000 0.0437214398 0.1571930647
197300.0000000000 0.0437051295 0.1570912451
197400.0000000000 0.1286360423 1.8895092010
197500.0000000000 0.0436570693 0.1569788307
197600.0000000000 0.0437054009 0.1568002552
197700.0000000000 0.0436890367 0.1567210555
197800.0000000000 0.0436675651 0.1566323042
197900.0000000000 0.0436552941 0.1565392315
198000.0000000000 0.0436441314 0.1564344764
198100.0000000000 0.0444491068 3.2287416458
198200.0000000000 0.0435142261 0.1563263088
198300.0000000000 0.0436126044 0.1561643332
198400.0000000000 0.0435839355 0.1561001688
198500.0000000000 0.0435760594 0.1560133696
198600.0000000000 0.0435657141 0.1559254080
198700.0000000000 0.0435404228 0.1558320522
198800.0000000000 0.0440836361 0.1563760638
198900.0000000000 0.0435185725 0.1556401104
199000.0000000000 0.0435018435 0.1555571854
199100.0000000000 0.0434759353 0.1554583907
199200.0000000000 0.0434689849 0.1553555876
199300.0000000000 0.0435181976 0.1560002416
199400.0000000000 0.0434616773 0.1551592499
199500.0000000000 0.0434554417 0.1550687999
199600.0000000000 0.0427726450 0.5008673072
199700.0000000000 0.0433301481 0.1548640132
199800.0000000000 0.0433931328 0.1548025459
199900.0000000000 0.0433955772 0.1547170728
200000.0000000000 0.0433910432 0.1546332538
200100.0000000000 0.0433678633 0.1545510292
200200.0000000000 0.0433574341 0.1544587910
200300.0000000000 0.0433561270 0.1543638259
200400.0000000000 0.0433502243 0.1542596966
200500.0000000000 0.0415769986 0.2328951955
200600.0000000000 0.0433582177 0.1540844887
200700.0000000000 0.0433272880 0.1540240794
200800.0000000000 0.0433106592 0.1539508253
200900.0000000000 0.0432894043 0.1538775563
201000.0000000000 0.0432753109 0.1537970304
201100.0000000000 0.0432566429 0.1537071764
201200.0000000000 0.0432413094 0.1536110491
201300.0000000000 0.0430789428 0.1563616693
201400.0000000000 0.0432122404 0.1534325182
201500.0000000000 0.0431941919 0.1533492059
201600.0000000000 0.0431876847 0.1532617807
201700.0000000000 0.0431761331 0.1531670392
201800.0000000000 0.0431742892 0.1530689597
201900.0000000000 0.0431659632 0.1575076580
202000.0000000000 0.0431095198 0.1528750360
202100.0000000000 0.0431073814 0.1527937800
202200.0000000000 0.0431029224 0.1527034789
202300.0000000000 0.0431130386 0.1526042372
202400.0000000000 0.0434755170 0.1533010304
202500.0000000000 0.0430318260 0.1524359733
202600.0000000000 0.0430337969 0.1523709893
202700.0000000000 0.0430263728 0.1522954553
202800.0000000000 0.0430257681 0.1522082090
202900.0000000000 0.0430156241 0.1521148831
203000.0000000000 0.0430031056 0.1520187557
203100.0000000000 0.0418195440 0.1675495058
203200.0000000000 0.0429867827 0.1518301666
203300.0000000000 0.0429564754 0.1517474055
203400.0000000000 0.0429500357 0.1516584903
203500.0000000000 0.0429483633 0.1515627950
203600.0000000000 0.0486065326 0.5029385090
203700.0000000000 0.0428984753 0.1513817310
203800.0000000000 0.0429224886 0.1512785852
203900.0000000000 0.0429164364 0.1511851549
204000.0000000000 0.0463457600 0.4822648466
204100.0000000000 0.0427715126 0.1510057747
204200.0000000000 0.0428535220 0.1509318203
204300.0000000000 0.0428550470 0.1508551538
204400.0000000000 0.0428466552 0.1507721096
204500.0000000000 0.0428440413 0.1506818235
204600.0000000000 0.0428281076 0.1505932510
204700.0000000000 0.0437797616 0.1521156579
204800.0000000000 0.0427909109 0.1504258811
204900.0000000000 0.0427773932 0.1503543854
205000.0000000000 0.0427582910 0.1502825469
205100.0000000000 0.0427606237 0.1502029598
205200.0000000000 0.0427433813 0.1501178741
205300.0000000000 0.0427399409 0.1500356197
205400.0000000000 0.0427224844 0.1499406546
205500.0000000000 0.0427105985 0.1498419940
205600.0000000000 0.0440653365 0.1537134349
205700.0000000000 0.0427286069 0.1496596336
205800.0000000000 0.0427141241 0.1496011317
205900.0000000000 0.0426982521 0.1495346278
206000.0000000000 0.0426801581 0.1494552195
206100.0000000000 0.0426638373 0.1493676901
206200.0000000000 0.0426575116 0.1492791623
206300.0000000000 0.0428726133 0.1569193602
206400.0000000000 0.0426124705 0.1490937173
206500.0000000000 0.0426030601 0.1490188688
206600.0000000000 0.0425916321 0.1489326954
206700.0000000000 0.0425821658 0.1488333791
206800.0000000000 0.0405034827 0.2911641300
206900.0000000000 0.0425501914 0.1486751437
207000.0000000000 0.0425435516 0.1486000419
207100.0000000000 0.0425303371 0.1485378295
207200.0000000000 0.0425223729 0.1484629810
207300.0000000000 0.0425146507 0.1483747810
207400.0000000000 0.0618801177 2.8031280041
207500.0000000000 0.0423904894 0.1482430100
207600.0000000000 0.0424606562 0.1481330246
207700.0000000000 0.0424475744 0.1480604708
207800.0000000000 0.0424953546 0.1479770988
207900.0000000000 0.0423678402 0.1478840113
208000.0000000000 0.0424270399 0.1477947980
208100.0000000000 0.0424027065 0.1477074772
208200.0000000000 0.0446899008 0.1831603944
208300.0000000000 0.0423949489 0.1475109756
208400.0000000000 0.0423628429 0.1474236697
208500.0000000000 0.0636747338 0.5479274392
208600.0000000000 0.0424312032 0.1472668052
208700.0000000000 0.0423699206 0.1471672654
208800.0000000000 0.0423562436 0.1470963210
208900.0000000000 0.0423378804 0.1470149010
209000.0000000000 0.0423312739 0.1469269991
209100.0000000000 0.0423119095 0.1468300372
209200.0000000000 0.0430457198 0.1481282860
209300.0000000000 0.0422661595 0.1466936767
209400.0000000000 0.0422553301 0.1466280669
209500.0000000000 0.0422531112 0.1465567797
209600.0000000000 0.0422425561 0.1464879513
209700.0000000000 0.0422305573 0.1464029700
209800.0000000000 0.0422235587 0.1463160366
209900.0000000000 0.0448352509 1.2814472914
210000.0000000000 0.0422493068 0.1461665630
210100.0000000000 0.0421717459 0.1460953653
210200.0000000000 0.0421644499 0.1460424066
210300.0000000000 0.0421602089 0.1459782273
210400.0000000000 0.0421541843 0.1459139287
210500.0000000000 0.0421510205 0.1458361596
210600.0000000000 0.0421365882 0.1457653642
210700.0000000000 0.0433110097 0.1504209042
210800.0000000000 0.0421136934 0.1455912143
210900.0000000000 0.0421044898 0.1455145478
211000.0000000000 0.0420879488 0.1454270780
211100.0000000000 0.0443572628 0.1476719975
211200.0000000000 0.0420633797 0.1452497840
211300.0000000000 0.0420671511 0.1451663375
211400.0000000000 0.0420664887 0.1450789124
211500.0000000000 0.0420492458 0.1450124681
211600.0000000000 0.0420833928 0.1448928416
211700.0000000000 0.0420229258 0.1448295712
211800.0000000000 0.0420117677 0.1447405815
211900.0000000000 0.0476840976 1.1934318542
212000.0000000000 0.0419894261 0.1445582211
212100.0000000000 0.0419534434 0.1445075721
212200.0000000000 0.0419488637 0.1444347799
212300.0000000000 0.0419416019 0.1443629116
212400.0000000000 0.0419391827 0.1442812532
212500.0000000000 0.0425090362 1.5381380320
212600.0000000000 0.0419749908 0.1441055983
212700.0000000000 0.0419002695 0.1440348178
212800.0000000000 0.0418950465 0.1439651698
212900.0000000000 0.0418950439 0.1438870877
213000.0000000000 0.0418898323 0.1438025981
213100.0000000000 0.0674321035 2.2150888443
213200.0000000000 0.0418020821 0.1436773241
213300.0000000000 0.0418394424 0.1435895562
213400.0000000000 0.0418339461 0.1435319781
213500.0000000000 0.0418364061 0.1434608549
213600.0000000000 0.0418268471 0.1433955729
213700.0000000000 0.0418105992 0.1433248073
213800.0000000000 0.0418120185 0.1432404518
213900.0000000000 0.0418183479 0.1431571394
214000.0000000000 0.0416283133 0.1431374848
214100.0000000000 0.0417471463 0.1430062354
214200.0000000000 0.0417565806 0.1429408193
214300.0000000000 0.0417487431 0.1428655535
214400.0000000000 0.0417470894 0.1427853405
214500.0000000000 0.0417234305 0.1427078098
214600.0000000000 0.0589437757 0.2948606312
214700.0000000000 0.0416141534 0.1425598860
214800.0000000000 0.0416865973 0.1424786747
214900.0000000000 0.0416852986 0.1424045712
215000.0000000000 0.0416750016 0.1423313469
215100.0000000000 0.0416640487 0.1422559768
215200.0000000000 0.0416482697 0.1421794444
215300.0000000000 0.0416450854 0.1420914233
215400.0000000000 0.0416309566 0.1420053095
215500.0000000000 0.0416392314 0.1421776563
215600.0000000000 0.0415929832 0.1418481618
215700.0000000000 0.0415832016 0.1417761892
215800.0000000000 0.0415718657 0.1417091340
215900.0000000000 0.0415689969 0.1416256726
216000.0000000000 0.0415690569 0.1415408254
216100.0000000000 0.0380248907 0.2175727040
216200.0000000000 0.0414446672 0.1414082199
216300.0000000000 0.0414985400 0.1413460076
216400.0000000000 0.0414969814 0.1412809789
216500.0000000000 0.0414854153 0.1412126124
216600.0000000000 0.0414729383 0.1411349773
216700.0000000000 0.0414689879 0.1410603672
216800.0000000000 0.0414581346 0.1409844756
216900.0000000000 0.0402262689 0.1445741951
217000.0000000000 0.0414483129 0.1408227980
217100.0000000000 0.0414328497 0.1407651156
217200.0000000000 0.0414281864 0.1406990141
217300.0000000000 0.0414155973 0.1406222135
217400.0000000000 0.0414158722 0.1405486465
217500.0000000000 0.0500269434 0.1840276271
217600.0000000000 0.0413475578 0.1403921098
217700.0000000000 0.0413803800 0.1403264403
217800.0000000000 0.0413832140 0.1402461380
217900.0000000000 0.0413656358 0.1401641965
218000.0000000000 0.0413572212 0.1400753111
218100.0000000000 0.0412504073 0.1404383183
218200.0000000000 0.0413238247 0.1399351060
218300.0000000000 0.0413196780 0.1398801804
218400.0000000000 0.0413092371 0.1398184747
218500.0000000000 0.0413025431 0.1397547126
218600.0000000000 0.0413084684 0.1396813840
218700.0000000000 0.0412866404 0.1396026462
218800.0000000000 0.0425475014 0.1494702548
218900.0000000000 0.0412566929 0.1394558996
219000.0000000000 0.0412594541 0.1393816471
219100.0000000000 0.0412541876 0.1393158436
219200.0000000000 0.0412493657 0.1392373294
219300.0000000000 0.0413384940 0.1391492784
219400.0000000000 0.0412222537 0.1392269433
219500.0000000000 0.0412190858 0.1390147656
219600.0000000000 0.0412201956 0.1389649510
219700.0000000000 0.0412058204 0.1388971508
219800.0000000000 0.0411966512 0.1388283670
219900.0000000000 0.0411851034 0.1387569159
220000.0000000000 0.0418938670 0.1646529287
220100.0000000000 0.0411603321 0.1385956407
220200.0000000000 0.0411464759 0.1385341585
220300.0000000000 0.0411353207 0.1384579986
220400.0000000000 0.0411258313 0.1383732855
220500.0000000000 0.0464835107 0.7317895293
220600.0000000000 0.0410969048 0.1381978244
220700.0000000000 0.0410866635 0.1381481439
220800.0000000000 0.0410785161 0.1380879134
220900.0000000000 0.0410758978 0.1380149275
221000.0000000000 0.0410764362 0.1379335225
221100.0000000000 0.0410707710 0.1378532052
221200.0000000000 0.0430045098 0.1941001713
221300.0000000000 0.0410349345 0.1377056539
221400.0000000000 0.0410182285 0.1376641244
221500.0000000000 0.0410034401 0.1376168132
221600.0000000000 0.0409897537 0.1375601888
221700.0000000000 0.0409831294 0.1375079006
221800.0000000000 0.0409680757 0.1374389082
221900.0000000000 0.0409616718 0.1373727620
222000.0000000000 0.0483719145 0.1976868361
222100.0000000000 0.0409093795 0.1372444183
222200.0000000000 0.0409288963 0.1371931732
222300.0000000000 0.0409279917 0.1371317208
222400.0000000000 0.0409255163 0.1370766610
222500.0000000000 0.0409102566 0.1370122731
222600.0000000000 0.0409097143 0.1369452477
222700.0000000000 0.0418901542 0.1370632648
222800.0000000000 0.0409595607 0.1368839443
222900.0000000000 0.0408862837 0.1367195696
223000.0000000000 0.0408646720 0.1366402656
223100.0000000000 0.0412755062 0.1552153677
223200.0000000000 0.0408554728 0.1364858001
223300.0000000000 0.0408421800 0.1364291608
223400.0000000000 0.0408368096 0.1363643855
223500.0000000000 0.0408236657 0.1362910271
223600.0000000000 0.0408153601 0.1362144202
223700.0000000000 0.0420439299 0.2121667117
223800.0000000000 0.0407994542 0.1360376179
223900.0000000000 0.0408138230 0.1359840333
224000.0000000000 0.0408066073 0.1359369606
224100.0000000000 0.0407974412 0.1358763278
224200.0000000000 0.0407828277 0.1358112842
224300.0000000000 0.0407708160 0.1357382685
224400.0000000000 0.0585006626 0.4798430800
224500.0000000000 0.0406982093 0.1356122792
224600.0000000000 0.0407039738 0.1355360895
224700.0000000000 0.0406983511 0.1354778856
224800.0000000000 0.0406885207 0.1354122460
224900.0000000000 0.0406890532 0.1353436261
225000.0000000000 0.0406786203 0.1352720857
225100.0000000000 0.0406801553 0.1352000087
225200.0000000000 0.0406519968 0.1351275444
225300.0000000000 0.0402064769 0.1417302936
225400.0000000000 0.0406083118 0.1350068599
225500.0000000000 0.0406362809 0.1349491924
225600.0000000000 0.0406312457 0.1348951161
225700.0000000000 0.0406198604 0.1348289102
225800.0000000000 0.0406148675 0.1347655803
225900.0000000000 0.0406026776 0.1346968114
226000.0000000000 0.0405940518 0.1346231103
226100.0000000000 0.0405656511 0.1345443577
226200.0000000000 0.0403469853 0.1420665085
226300.0000000000 0.0405548498 0.1344108731
226400.0000000000 0.0405527561 0.1343496442
226500.0000000000 0.0405485662 0.1342860907
226600.0000000000 0.0405358929 0.1342231184
226700.0000000000 0.0405453311 0.1341516227
226800.0000000000 0.0405180507 0.1340792179
226900.0000000000 0.0400182532 0.4641060531
227000.0000000000 0.0404890219 0.1339439601
227100.0000000000 0.0404999944 0.1339008212
227200.0000000000 0.0404898812 0.1338567585
227300.0000000000 0.0404744638 0.1338078976
227400.0000000000 0.0404672564 0.1337488294
227500.0000000000 0.0404541737 0.1336948276
227600.0000000000 0.0404526588 0.1336271018
227700.0000000000 0.0404406770 0.1335659623
227800.0000000000 0.0404234606 0.1334878057
227900.0000000000 0.0403840309 0.1335557401
228000.0000000000 0.0403963968 0.1333731264
228100.0000000000 0.0404039680 0.1333156675
228200.0000000000 0.0404000532 0.1332595944
228300.0000000000 0.0403884201 0.1331943125
228400.0000000000 0.0403809335 0.1331243068
228500.0000000000 0.0403706029 0.1330491751
228600.0000000000 0.0572284756 0.3158909976
228700.0000000000 0.0401857251 0.1329266280
228800.0000000000 0.0403240280 0.1328618526
228900.0000000000 0.0403199620 0.1328133345
229000.0000000000 0.0403065662 0.1327604502
229100.0000000000 0.0402960145 0.1327025741
229200.0000000000 0.0402873266 0.1326375306
229300.0000000000 0.0402801139 0.1325754374
229400.0000000000 0.0401718845 0.1325987279
229500.0000000000 0.0402673980 0.1324521750
229600.0000000000 0.0402577018 0.1323922276
229700.0000000000 0.0402446679 0.1323338300
229800.0000000000 0.0402388357 0.1322688609
229900.0000000000 0.0402318993 0.1322034448
230000.0000000000 0.0402356109 0.1321223378
230100.0000000000 0.0402080795 0.1320584416
230200.0000000000 0.0402054024 0.1319812536
230300.0000000000 0.0402811832 0.1320935488
230400.0000000000 0.0401942746 0.1318784952
230500.0000000000 0.0401989351 0.1318307966
230600.0000000000 0.0401811654 0.1317736804
230700.0000000000 0.0401810126 0.1317114830
230800.0000000000 0.0401727692 0.1316503137
230900.0000000000 0.0403305970 0.1476142257
231000.0000000000 0.0401515422 0.1314954162
231100.0000000000 0.0401564558 0.1314416081
231200.0000000000 0.0401440549 0.1313690543
231300.0000000000 0.0401335659 0.1312983930
231400.0000000000 0.0403466876 0.1320746392
231500.0000000000 0.0401064851 0.1311672628
231600.0000000000 0.0400939808 0.1311101168
231700.0000000000 0.0400886553 0.1310505271
231800.0000000000 0.0400928989 0.1309861243
231900.0000000000 0.0513138334 0.7496302724
232000.0000000000 0.0400612484 0.1308532655
232100.0000000000 0.0400679116 0.1308056265
232200.0000000000 0.0400639727 0.1307638884
232300.0000000000 0.0400573099 0.1307064146
232400.0000000000 0.0400507790 0.1306499541
232500.0000000000 0.0400405360 0.1305906475
232600.0000000000 0.0400281036 0.1305252612
232700.0000000000 0.0400126591 0.1304614097
232800.0000000000 0.0400013910 0.1303855926
232900.0000000000 0.0401790619 0.1303369552
233000.0000000000 0.0399691939 0.1302670687
233100.0000000000 0.0399582395 0.1302058697
233200.0000000000 0.0399481209 0.1301396191
233300.0000000000 0.0422517719 0.9139467478
233400.0000000000 0.0399750736 0.1300201714
233500.0000000000 0.0399135287 0.1299588233
233600.0000000000 0.0399057330 0.1299091727
233700.0000000000 0.0399026716 0.1298483610
233800.0000000000 0.0399016270 0.1297943145
233900.0000000000 0.0398975379 0.1297326684
234000.0000000000 0.0398860133 0.1296654344
234100.0000000000 0.0398812650 0.1296004206
234200.0000000000 0.0372578601 0.1620797366
234300.0000000000 0.0398373957 0.1294753999
234400.0000000000 0.0398476809 0.1294399351
234500.0000000000 0.0398531099 0.1293863803
234600.0000000000 0.0398481523 0.1293271184
234700.0000000000 0.0398314598 0.1292717308
234800.0000000000 0.0398359723 0.1292093992
234900.0000000000 0.0398312702 0.1291496009
235000.0000000000 0.0400937501 0.1296349168
235100.0000000000 0.0398076700 0.1290348619
235200.0000000000 0.0398061082 0.1289839298
235300.0000000000 0.0398029436 0.1289301664
235400.0000000000 0.0397917294 0.1288724393
235500.0000000000 0.0397858756 0.1288134456
235600.0000000000 0.0397738904 0.1287485063
235700.0000000000 0.0397667117 0.1286802143
235800.0000000000 0.0770643292 0.5245888233
235900.0000000000 0.0397680525 0.1285492629
236000.0000000000 0.0397413619 0.1284988075
236100.0000000000 0.0397449797 0.1284445822
236200.0000000000 0.0397447272 0.1283878386
236300.0000000000 0.0397349001 0.1283319145
236400.0000000000 0.0397248929 0.1282661557
236500.0000000000 0.0397271096 0.1281997412
236600.0000000000 0.0403294772 0.1312902421
236700.0000000000 0.0396660284 0.1280965209
236800.0000000000 0.0396688914 0.1280540973
236900.0000000000 0.0396741220 0.1280056238
237000.0000000000 0.0396656937 0.1279505044
237100.0000000000 0.0396583959 0.1279006898
237200.0000000000 0.0396462548 0.1278406680
237300.0000000000 0.0396362246 0.1277825683
237400.0000000000 0.0396266809 0.1277225912
237500.0000000000 0.0396139623 0.1276541799
237600.0000000000 0.0394601874 0.1277280152
237700.0000000000 0.0395977434 0.1275437772
237800.0000000000 0.0395847912 0.1274971962
237900.0000000000 0.0395746810 0.1274469793
238000.0000000000 0.0395687284 0.1273834705
238100.0000000000 0.0395645629 0.1273292601
238200.0000000000 0.0406224911 0.1281638294
238300.0000000000 0.0395541941 0.1272073537
238400.0000000000 0.0395423173 0.1271512210
238500.0000000000 0.0395356657 0.1270970553
238600.0000000000 0.0395189906 0.1270240992
238700.0000000000 0.0395108334 0.1269629896
238800.0000000000 0.0439466451 0.4690375328
238900.0000000000 0.0394400649 0.1268658340
239000.0000000000 0.0394732564 0.1267887503
239100.0000000000 0.0394675155 0.1267333329
239200.0000000000 0.0394583760 0.1266779155
239300.0000000000 0.0394461165 0.1266202778
239400.0000000000 0.0394462260 0.1265566796
239500.0000000000 0.0394346609 0.1264878958
239600.0000000000 0.0500732000 0.1837850213
239700.0000000000 0.0394535835 0.1263819635
239800.0000000000 0.0394075701 0.1263241321
239900.0000000000 0.0394001561 0.1262751520
240000.0000000000 0.0393980011 0.1262272745
240100.0000000000 0.0393975963 0.1261763871
240200.0000000000 0.0393950044 0.1261235923
240300.0000000000 0.0393765811 0.1260703951
240400.0000000000 0.0393710038 0.1260119081
240500.0000000000 0.0393651885 0.1259526759
240600.0000000000 0.0393391556 0.1258859634
240700.0000000000 0.0388277701 0.1336632073
240800.0000000000 0.0393629557 0.1257666796
240900.0000000000 0.0393496222 0.1257223934
241000.0000000000 0.0393491207 0.1256670505
241100.0000000000 0.0393370343 0.1256139725
241200.0000000000 0.0393288176 0.1255565435
241300.0000000000 0.0393270960 0.1254924983
241400.0000000000 0.0393105594 0.1254252791
241500.0000000000 0.0393051606 0.1253508776
241600.0000000000 0.0392083382 0.1254434586
241700.0000000000 0.0392731696 0.1252522320
241800.0000000000 0.0392660417 0.1252087653
241900.0000000000 0.0392630355 0.1251515895
242000.0000000000 0.0392614849 0.1250982583
242100.0000000000 0.0392414045 0.1250408739
242200.0000000000 0.0392367130 0.1249731258
242300.0000000000 0.0387049351 0.1356304288
242400.0000000000 0.0392101538 0.1248748004
242500.0000000000 0.0392172772 0.1248353571
242600.0000000000 0.0392130357 0.1247932389
242700.0000000000 0.0392057290 0.1247456148
242800.0000000000 0.0392055628 0.1246994659
242900.0000000000 0.0391944714 0.1246504411
243000.0000000000 0.0391832691 0.1245968044
243100.0000000000 0.0391731266 0.1245408878
243200.0000000000 0.0391540277 0.1244770810
243300.0000000000 0.0392336347 0.1243965030
243400.0000000000 0.0391376934 0.1243683994
243500.0000000000 0.0391297353 0.1243097857
243600.0000000000 0.0391176279 0.1242526248
243700.0000000000 0.0391095703 0.1241905764
243800.0000000000 0.0390881250 0.1241303235
243900.0000000000 0.0401355725 0.1252828538
244000.0000000000 0.0390718567 0.1240147278
244100.0000000000 0.0390856447 0.1239673570
244200.0000000000 0.0390818926 0.1239189729
244300.0000000000 0.0390809259 0.1238630861
244400.0000000000 0.0390694627 0.1238103732
244500.0000000000 0.0390693665 0.1237488687
244600.0000000000 0.0425583570 0.1539588869
244700.0000000000 0.0390114762 0.1236412525
244800.0000000000 0.0390371123 0.1236031577
244900.0000000000 0.0390331663 0.1235625893
245000.0000000000 0.0390311059 0.1235208884
245100.0000000000 0.0390236318 0.1234815791
245200.0000000000 0.0390162050 0.1234340444
245300.0000000000 0.0390079637 0.1233853474
245400.0000000000 0.0389819221 0.1233414635
245500.0000000000 0.0389769231 0.1232878789
245600.0000000000 0.0389607645 0.1232351437
245700.0000000000 0.0389519305 0.1231710240
245800.0000000000 0.0407710951 0.2299728543
245900.0000000000 0.0389389541 0.1230558529
246000.0000000000 0.0389360418 0.1230223328
246100.0000000000 0.0389346902 0.1229734421
246200.0000000000 0.0389293861 0.1229229867
246300.0000000000 0.0389189587 0.1228705496
246400.0000000000 0.0389116748 0.1228142232
246500.0000000000 0.0384365396 0.1229111552
246600.0000000000 0.0389104705 0.1227169409
246700.0000000000 0.0389134443 0.1226701066
246800.0000000000 0.0389098077 0.1226243004
246900.0000000000 0.0389073500 0.1225775033
247000.0000000000 0.0389024349 0.1225235835
247100.0000000000 0.0388945425 0.1224730685
247200.0000000000 0.0388763398 0.1224134639
247300.0000000000 0.0388684783 0.1223499998
247400.0000000000 0.0385975306 0.1225909218
247500.0000000000 0.0388462265 0.1222423911
247600.0000000000 0.0388365004 0.1221921444
247700.0000000000 0.0388433432 0.1221437156
247800.0000000000 0.0388422317 0.1220832989
247900.0000000000 0.0388293161 0.1220252514
248000.0000000000 0.0388053589 0.1219634190
248100.0000000000 0.0389183068 0.1228950247
248200.0000000000 0.0387808758 0.1218592972
248300.0000000000 0.0387862188 0.1218239665
248400.0000000000 0.0387789840 0.1217819825
248500.0000000000 0.0387697752 0.1217392683
248600.0000000000 0.0387549475 0.1216933429
248700.0000000000 0.0387456698 0.1216379106
248800.0000000000 0.0387314907 0.1215806901
248900.0000000000 0.0387196615 0.1215328798
249000.0000000000 0.0387849232 0.1214276254
249100.0000000000 0.0387047813 0.1214341447
249200.0000000000 0.0386979357 0.1213918626
249300.0000000000 0.0386978543 0.1213439703
249400.0000000000 0.0386956124 0.1212980971
249500.0000000000 0.0386778568 0.1212377921
249600.0000000000 0.0386771324 0.1211898178
249700.0000000000 0.0386613021 0.1211301014
249800.0000000000 0.0382027077 0.1220244765
249900.0000000000 0.0386367122 0.1210390031
250000.0000000000 0.0386435088 0.1209941283
250100.0000000000 0.0386412272 0.1209485009
250200.0000000000 0.0386298448 0.1209057048
250300.0000000000 0.0386265239 0.1208597720
250400.0000000000 0.0386136559 0.1208050102
250500.0000000000 0.0386067325 0.1207480058
250600.0000000000 0.0386052455 0.1206957251
250700.0000000000 0.0385976297 0.1206421629
250800.0000000000 0.0358368007 0.1553388238
250900.0000000000 0.0385730137 0.1205422282
251000.0000000000 0.0385929640 0.1204982325
251100.0000000000 0.0385928083 0.1204603538
251200.0000000000 0.0385949570 0.1204228550
251300.0000000000 0.0385871492 0.1203802675
251400.0000000000 0.0385735329 0.1203330457
251500.0000000000 0.0385577882 0.1202829629
251600.0000000000 0.0385455277 0.1202338263
251700.0000000000 0.0385425007 0.1201804727
251800.0000000000 0.0385273992 0.1201254278
251900.0000000000 0.0385251961 0.1200670972
252000.0000000000 0.0384487499 0.1201173887
252100.0000000000 0.0384961796 0.1199791804
252200.0000000000 0.0384941101 0.1199433282
252300.0000000000 0.0384809916 0.1198982596
252400.0000000000 0.0384832583 0.1198555157
252500.0000000000 0.0384719414 0.1198083833
252600.0000000000 0.0384683218 0.1197583899
252700.0000000000 0.0384538311 0.1197089553
252800.0000000000 0.0384496126 0.1196481287
252900.0000000000 0.0386296757 0.1204266921
253000.0000000000 0.0384247004 0.1195616350
253100.0000000000 0.0384304345 0.1195249036
253200.0000000000 0.0384220690 0.1194834337
253300.0000000000 0.0384196763 0.1194433346
253400.0000000000 0.0384063256 0.1193972528
253500.0000000000 0.0384067700 0.1193521470
253600.0000000000 0.0384031029 0.1192986667
253700.0000000000 0.0383924077 0.1192495897
253800.0000000000 0.0382210296 0.1192115396
253900.0000000000 0.0383769539 0.1191535443
254000.0000000000 0.0383772019 0.1191101596
254100.0000000000 0.0383783814 0.1190610826
254200.0000000000 0.0383681771 0.1190156341
254300.0000000000 0.0353818694 0.1577956676
254400.0000000000 0.0383305636 0.1189172938
254500.0000000000 0.0383440299 0.1188634560
254600.0000000000 0.0383392354 0.1188150495
254700.0000000000 0.0383411813 0.1187605038
254800.0000000000 0.0383255744 0.1187029779
254900.0000000000 0.0383133557 0.1186415106
255000.0000000000 0.0383131401 0.3730381727
255100.0000000000 0.0382911109 0.1185363457
255200.0000000000 0.0382826038 0.1184969395
255300.0000000000 0.0382776358 0.1184648648
255400.0000000000 0.0382690561 0.1184265986
255500.0000000000 0.0382606156 0.1183836684
255600.0000000000 0.0382591081 0.1183350533
255700.0000000000 0.0382487229 0.1182869822
255800.0000000000 0.0382422363 0.1182313338
255900.0000000000 0.0382424459 0.1181804985
256000.0000000000 0.0380543758 0.1181946844
256100.0000000000 0.0382325322 0.1181085333
256200.0000000000 0.0382118073 0.1180317625
256300.0000000000 0.0382235128 0.1179874316
256400.0000000000 0.0382111763 0.1179438084
256500.0000000000 0.0382107125 0.1178915352
256600.0000000000 0.0382108282 0.1178464293
256700.0000000000 0.0381963024 0.1177977324
256800.0000000000 0.0381980019 0.1177416965
256900.0000000000 0.0381848721 0.1176814884
257000.0000000000 0.0381593274 0.1176203713
257100.0000000000 0.0370612191 0.1187886670
257200.0000000000 0.0381560238 0.1175140291
257300.0000000000 0.0381587299 0.1174746975
257400.0000000000 0.0381415745 0.1174340248
257500.0000000000 0.0381370987 0.1173863411
257600.0000000000 0.0381243773 0.1173346937
257700.0000000000 0.0381179611 0.1172835156
257800.0000000000 0.0381175014 0.1172241345
257900.0000000000 0.0381087001 0.1171664819
258000.0000000000 0.0380518128 0.1239907146
258100.0000000000 0.0380683471 0.1170832217
258200.0000000000 0.0380754760 0.1170410588
258300.0000000000 0.0380766358 0.1170041785
258400.0000000000 0.0380736443 0.1169673130
258500.0000000000 0.0380666074 0.1169185415
258600.0000000000 0.0380575502 0.1168754324
258700.0000000000 0.0380555892 0.1168262661
258800.0000000000 0.0376297901 0.1175990626
258900.0000000000 0.0380394013 0.1167267412
259000.0000000000 0.0380378393 0.1166763678
259100.0000000000 0.0380319730 0.1166279167
259200.0000000000 0.0380266927 0.1165812388
259300.0000000000 0.0380131750 0.1165239289
259400.0000000000 0.0381057205 0.1166042686
259500.0000000000 0.0380124865 0.1164286956
259600.0000000000 0.0380193477 0.1163874418
259700.0000000000 0.0380154395 0.1163486615
259800.0000000000 0.0380093268 0.1162954122
259900.0000000000 0.0380034742 0.1162503436
260000.0000000000 0.0380071320 0.1161955446
260100.0000000000 0.0379948606 0.1161464676
260200.0000000000 0.0379859203 0.1160953194
260300.0000000000 0.0392338809 0.1178448722
260400.0000000000 0.0379598557 0.1159948930
260500.0000000000 0.0379594981 0.1159526408
260600.0000000000 0.0379480925 0.1159074977
260700.0000000000 0.0379390224 0.1158535704
260800.0000000000 0.0379331803 0.1158003435
260900.0000000000 0.0379280621 0.1157487854
261000.0000000000 0.0484120008 0.1653173417
261100.0000000000 0.0378915189 0.1156474650
261200.0000000000 0.0378809505 0.1156111136
261300.0000000000 0.0378771374 0.1155732498
261400.0000000000 0.0378736312 0.1155349538
261500.0000000000 0.0378648337 0.1154923588
261600.0000000000 0.0378603476 0.1154460236
261700.0000000000 0.0378534056 0.1153979301
261800.0000000000 0.0378416067 0.1153375432
261900.0000000000 0.0378360294 0.1153080091
262000.0000000000 0.0378311297 0.1152642593
262100.0000000000 0.0378252582 0.1152222306
262200.0000000000 0.0378356155 0.1151752099
262300.0000000000 0.0378128428 0.1151238158
262400.0000000000 0.0378057102 0.1150740758
262500.0000000000 0.0386080386 0.1178870350
262600.0000000000 0.0377910049 0.1149953157
262700.0000000000 0.0377938206 0.1149624065
262800.0000000000 0.0377874547 0.1149322987
262900.0000000000 0.0377852659 0.1148935854
263000.0000000000 0.0377765054 0.1148590520
263100.0000000000 0.0377708320 0.1148198172
263200.0000000000 0.0377664156 0.1147856712
263300.0000000000 0.0377511202 0.1147399098
263400.0000000000 0.0377449234 0.1146974638
263500.0000000000 0.0377288461 0.1146482825
263600.0000000000 0.0377207286 0.1145999581
263700.0000000000 0.0375250417 0.1149431393
263800.0000000000 0.0376988178 0.1145126522
263900.0000000000 0.0376983456 0.1144761220
264000.0000000000 0.0377036947 0.1144366413
264100.0000000000 0.0376939918 0.1143985912
264200.0000000000 0.0376961392 0.1143483445
264300.0000000000 0.0376912950 0.1143074036
264400.0000000000 0.0377221287 0.1142665818
264500.0000000000 0.0376786160 0.1142144576
264600.0000000000 0.0376772272 0.1141702980
264700.0000000000 0.0376768314 0.1141260490
264800.0000000000 0.0376747002 0.1140730232
264900.0000000000 0.0376733339 0.1140197888
265000.0000000000 0.0415713316 0.1293355078
265100.0000000000 0.0376522651 0.1139335260
265200.0000000000 0.0376466700 0.1139139235
265300.0000000000 0.0376507352 0.1138855368
265400.0000000000 0.0376485931 0.1138562188
265500.0000000000 0.0376493903 0.1138238683
265600.0000000000 0.0376397947 0.1137940958
265700.0000000000 0.0376260200 0.1137528941
265800.0000000000 0.0376190267 0.1137148142
265900.0000000000 0.0376097622 0.1136743128
266000.0000000000 0.0375954062 0.1136334985
266100.0000000000 0.0375822268 0.1135878712
266200.0000000000 0.0375122483 0.2108177841
266300.0000000000 0.0376282036 0.1134881675
266400.0000000000 0.0375634431 0.1134651229
266500.0000000000 0.0375565649 0.1134243906
266600.0000000000 0.0375473643 0.1133821234
266700.0000000000 0.0375409519 0.1133427247
266800.0000000000 0.0375354213 0.1132930219
266900.0000000000 0.0375116911 0.1132471859
267000.0000000000 0.0348727380 0.1224265844
267100.0000000000 0.0374096833 0.1131738424
267200.0000000000 0.0375094638 0.1131233573
267300.0000000000 0.0375099341 0.1130850837
267400.0000000000 0.0374999013 0.1130455732
267500.0000000000 0.0374927524 0.1130013317
267600.0000000000 0.0374886300 0.1129549220
267700.0000000000 0.0374794250 0.1129124910
267800.0000000000 0.0374772925 0.1128622666
267900.0000000000 0.0374704794 0.1128065288
268000.0000000000 0.0373082122 0.1128492430
268100.0000000000 0.0374378633 0.1127299666
268200.0000000000 0.0374353316 0.1126895994
268300.0000000000 0.0374277771 0.1126508117
268400.0000000000 0.0374363679 0.1126059294
268500.0000000000 0.0374268401 0.1125623956
268600.0000000000 0.0374202103 0.1125135049
268700.0000000000 0.0374206431 0.1124628633
268800.0000000000 0.0375838647 0.1124874279
268900.0000000000 0.0374105646 0.1123935655
269000.0000000000 0.0374089981 0.1123592705
269100.0000000000 0.0374018256 0.1123293936
269200.0000000000 0.0374027926 0.1122915819
269300.0000000000 0.0373947771 0.1122566387
269400.0000000000 0.0373898276 0.1122202501
269500.0000000000 0.0373693952 0.1121778861
269600.0000000000 0.0373731431 0.1121291220
269700.0000000000 0.0374837935 0.1120752916
269800.0000000000 0.0373542635 0.1120441630
269900.0000000000 0.0373424189 0.1119973809
270000.0000000000 0.0373485052 0.1119528338
270100.0000000000 0.0373388929 0.1119103432
270200.0000000000 0.0373327109 0.1118637845
270300.0000000000 0.0373315156 0.1118175089
270400.0000000000 0.0373155128 0.1117638350
270500.0000000000 0.0371625134 0.1118813902
270600.0000000000 0.0373027036 0.1116820574
270700.0000000000 0.0373086442 0.1116508916
270800.0000000000 0.0373006996 0.1116181314
270900.0000000000 0.0373029308 0.1115804166
271000.0000000000 0.0372895955 0.1115443185
271100.0000000000 0.0372690095 0.1115007699
271200.0000000000 0.0372607564 0.1114586592
271300.0000000000 0.0372544182 0.1114082113
271400.0000000000 0.0372449482 0.1113589108
271500.0000000000 0.0350809286 0.1397937536
271600.0000000000 0.0372442822 0.1112642437
271700.0000000000 0.0372427050 0.1112534851
271800.0000000000 0.0372366089 0.1112264767
271900.0000000000 0.0372370851 0.1111939698
272000.0000000000 0.0372347604 0.1111563370
272100.0000000000 0.0372396074 0.1111224368
272200.0000000000 0.0372324385 0.1110851467
272300.0000000000 0.0372277137 0.1110503972
272400.0000000000 0.0372207174 0.1110046655
272500.0000000000 0.0372099857 0.1109650806
272600.0000000000 0.0372058785 0.1109161153
272700.0000000000 0.0378011977 0.1111309379
272800.0000000000 0.0371920937 0.1108321324
272900.0000000000 0.0371894568 0.1107895821
273000.0000000000 0.0371859242 0.1107518822
273100.0000000000 0.0371693034 0.1107079387
273200.0000000000 0.0371703631 0.1106648147
273300.0000000000 0.0371652791 0.1106164530
273400.0000000000 0.0371607210 0.1105687320
273500.0000000000 0.0348309096 0.1304870248
273600.0000000000 0.0371263927 0.1104883775
273700.0000000000 0.0371433087 0.1104517877
273800.0000000000 0.0371411959 0.1104171127
273900.0000000000 0.0371288950 0.1103785336
274000.0000000000 0.0371131902 0.1103411838
274100.0000000000 0.0371011232 0.1103050187
274200.0000000000 0.0370930464 0.1102581397
274300.0000000000 0.0370849634 0.1102117226
274400.0000000000 0.0370814657 0.1101646945
274500.0000000000 0.0370514991 0.1108922735
274600.0000000000 0.0370482901 0.1100827307
274700.0000000000 0.0370422380 0.1100554094
274800.0000000000 0.0370368030 0.1100124344
274900.0000000000 0.0370352331 0.1099760830
275000.0000000000 0.0370297167 0.1099338904
275100.0000000000 0.0370210699 0.1098918319
275200.0000000000 0.0370186347 0.1098503247
275300.0000000000 0.0370075317 0.1098064408
275400.0000000000 0.0370039173 0.1097629368
275500.0000000000 0.0370007202 0.1097127721
275600.0000000000 0.0362735141 0.1124276146
275700.0000000000 0.0369797343 0.1096438393
275800.0000000000 0.0369859255 0.1096116006
275900.0000000000 0.0369845392 0.1095853373
276000.0000000000 0.0369720834 0.1095516533
276100.0000000000 0.0369692524 0.1095200405
276200.0000000000 0.0369552026 0.1094830856
276300.0000000000 0.0369566144 0.1094423458
276400.0000000000 0.0369600120 0.1093985811
276500.0000000000 0.0369593380 0.1093614921
276600.0000000000 0.0369613164 0.1093124151
276700.0000000000 0.0369571523 0.1092664525
276800.0000000000 0.0370323436 0.1114372537
276900.0000000000 0.0369415568 0.1091859788
277000.0000000000 0.0369299701 0.1091497391
277100.0000000000 0.0369323778 0.1091148257
277200.0000000000 0.0369280890 0.1090726256
277300.0000000000 0.0369115207 0.1090299189
277400.0000000000 0.0343477617 0.1510050595
277500.0000000000 0.0369341888 0.1089548096
277600.0000000000 0.0369059680 0.1089194864
277700.0000000000 0.0369041969 0.1088845581
277800.0000000000 0.0368940859 0.1088454574
277900.0000000000 0.0368877034 0.1088043973
278000.0000000000 0.0368812348 0.1087656915
278100.0000000000 0.0368754125 0.1087170541
278200.0000000000 0.0368677460 0.1086728424
278300.0000000000 0.0368577150 0.1086199135
278400.0000000000 0.0373875981 0.1240761727
278500.0000000000 0.0368297789 0.1085366681
278600.0000000000 0.0368277647 0.1085000560
278700.0000000000 0.0368208425 0.1084665731
278800.0000000000 0.0368221030 0.1084219143
278900.0000000000 0.0368136586 0.1083845124
279000.0000000000 0.0368106169 0.1083401442
279100.0000000000 0.0368106147 0.1082957461
279200.0000000000 0.0367999688 0.1082483232
279300.0000000000 0.0371420491 0.1085167825
279400.0000000000 0.0367876187 0.1081806049
279500.0000000000 0.0367915382 0.1081490293
279600.0000000000 0.0367942606 0.1081182659
279700.0000000000 0.0367937279 0.1080876216
279800.0000000000 0.0367855670 0.1080522388
279900.0000000000 0.0367737727 0.1080122143
280000.0000000000 0.0367693820 0.1079774275
280100.0000000000 0.0367625071 0.1079357415
280200.0000000000 0.0367573213 0.1079011336
280300.0000000000 0.0367462454 0.1078573018
280400.0000000000 0.0367228837 0.1079092920
280500.0000000000 0.0367387677 0.1077832356
280600.0000000000 0.0367422101 0.1077493280
280700.0000000000 0.0367350545 0.1077089459
280800.0000000000 0.0367272722 0.1076698825
280900.0000000000 0.0367282344 0.1076317355
281000.0000000000 0.0367128232 0.1075861752
281100.0000000000 0.0367135462 0.1075462326
281200.0000000000 0.0367038763 0.1075013801
281300.0000000000 0.0361693219 0.1403605789
281400.0000000000 0.0367093829 0.1074130610
281500.0000000000 0.0366756284 0.1073923111
281600.0000000000 0.0366652001 0.1073599756
281700.0000000000 0.0366675778 0.1073283255
281800.0000000000 0.0366569641 0.1072931662
281900.0000000000 0.0366472524 0.1072533578
282000.0000000000 0.0366458364 0.1072174162
282100.0000000000 0.0366418152 0.1071729660
282200.0000000000 0.0366337006 0.1071261466
282300.0000000000 0.0365123526 0.1071503013
282400.0000000000 0.0366156680 0.1070594266
282500.0000000000 0.0366132126 0.1070244163
282600.0000000000 0.0366155185 0.1069887877
282700.0000000000 0.0366038340 0.1069550365
282800.0000000000 0.0365958019 0.1069139540
282900.0000000000 0.0365994223 0.1068792641
283000.0000000000 0.0365949427 0.1068369150
283100.0000000000 0.0365809726 0.1067930013
283200.0000000000 0.0375787616 0.1070711091
283300.0000000000 0.0365823585 0.1067282632
283400.0000000000 0.0365863272 0.1066927016
283500.0000000000 0.0365882734 0.1066654921
283600.0000000000 0.0365872684 0.1066283286
283700.0000000000 0.0365817557 0.1065946147
283800.0000000000 0.0365814565 0.1065553725
283900.0000000000 0.0365755277 0.1065158173
284000.0000000000 0.0365647792 0.1064749882
284100.0000000000 0.0365652169 0.1064305753
284200.0000000000 0.0365612784 0.1063826233
284300.0000000000 0.0365475382 0.1063639820
284400.0000000000 0.0365323494 0.1063144580
284500.0000000000 0.0365302473 0.1062790081
284600.0000000000 0.0365267422 0.1062456667
284700.0000000000 0.0365305329 0.1062079817
284800.0000000000 0.0365184004 0.1061685085
284900.0000000000 0.0365229906 0.1061248183
285000.0000000000 0.0365084005 0.1060850918
285100.0000000000 0.0364990123 0.1060432792
285200.0000000000 0.0364917589 0.1060013473
285300.0000000000 0.0364785723 0.1059568673
285400.0000000000 0.0365563327 0.1060076877
285500.0000000000 0.0364658212 0.1058938652
285600.0000000000 0.0364737030 0.1058667824
285700.0000000000 0.0364765858 0.1058394089
285800.0000000000 0.0364695838 0.1058050320
285900.0000000000 0.0364643773 0.1057723239
286000.0000000000 0.0364568794 0.1057398990
286100.0000000000 0.0364408310 0.1057013795
286200.0000000000 0.0364297723 0.1056659669
286300.0000000000 0.0364315263 0.1056222692
286400.0000000000 0.0364190660 0.1055830196
286500.0000000000 0.0359711412 0.1072964668
286600.0000000000 0.0364057937 0.1055053398
286700.0000000000 0.0364006616 0.1054762900
286800.0000000000 0.0363943076 0.1054420471
286900.0000000000 0.0363835918 0.1054136232
287000.0000000000 0.0363859247 0.1053787172
287100.0000000000 0.0363819280 0.1053396761
287200.0000000000 0.0362181060 0.1055215970
287300.0000000000 0.0363757517 0.1052766293
287400.0000000000 0.0363771225 0.1052475497
287500.0000000000 0.0363727569 0.1052063927
287600.0000000000 0.0363737620 0.1051684245
287700.0000000000 0.0363775616 0.1051335335
287800.0000000000 0.0363732019 0.1050928161
287900.0000000000 0.0363673331 0.1050474793
288000.0000000000 0.0363622691 0.1050026566
288100.0000000000 0.0362727894 0.1054034010
288200.0000000000 0.0363437032 0.1049249470
288300.0000000000 0.0363364679 0.1048938707
288400.0000000000 0.0363374908 0.1048568636
288500.0000000000 0.0363278260 0.1048188955
288600.0000000000 0.0363160237 0.1047793776
288700.0000000000 0.0363159704 0.1047404483
288800.0000000000 0.0363570450 0.1047194749
288900.0000000000 0.0363004726 0.1046840176
289000.0000000000 0.0362977540 0.1046611369
289100.0000000000 0.0362903368 0.1046342328
289200.0000000000 0.0362818713 0.1046057642
289300.0000000000 0.0362732318 0.1045766249
289400.0000000000 0.0362693150 0.1045456827
289500.0000000000 0.0362622741 0.1045074910
289600.0000000000 0.0362509896 0.1044713408
289700.0000000000 0.0362472542 0.1044381112
289800.0000000000 0.0362442378 0.1043946594
289900.0000000000 0.0362349726 0.1043538675
290000.0000000000 0.0364230367 0.1045325845
290100.0000000000 0.0362240392 0.1042887121
290200.0000000000 0.0362291546 0.1042657942
290300.0000000000 0.0362309663 0.1042341590
290400.0000000000 0.0362235839 0.1042084321
290500.0000000000 0.0362196363 0.1041795909
290600.0000000000 0.0362165491 0.1041484401
290700.0000000000 0.0361997804 0.1041138619
290800.0000000000 0.0361940223 0.1040812060
290900.0000000000 0.0361888959 0.1040403917
291000.0000000000 0.0361806785 0.1039994210
291100.0000000000 0.0368666963 0.1116599441
291200.0000000000 0.0361943283 0.1039294824
291300.0000000000 0.0361828865 0.1039023474
291400.0000000000 0.0361834486 0.1038627774
291500.0000000000 0.0361836769 0.1038285643
291600.0000000000 0.0361772276 0.1037937626
291700.0000000000 0.0361719701 0.1037591174
291800.0000000000 0.0361616828 0.1037174612
291900.0000000000 0.0361491143 0.1036739722
292000.0000000000 0.0360505172 0.1036772057
292100.0000000000 0.0361374743 0.1036012992
292200.0000000000 0.0361358538 0.1035699546
292300.0000000000 0.0361319681 0.1035348102
292400.0000000000 0.0361227662 0.1034966633
292500.0000000000 0.0361093947 0.1034597754
292600.0000000000 0.0361072469 0.1034143791
292700.0000000000 0.0360904256 0.1033764407
292800.0000000000 0.0362295576 0.1033454686
292900.0000000000 0.0360972665 0.1033089012
293000.0000000000 0.0360923723 0.1032866836
293100.0000000000 0.0360891690 0.1032563299
293200.0000000000 0.0360858235 0.1032248437
293300.0000000000 0.0360828005 0.1031925008
293400.0000000000 0.0360788988 0.1031543911
293500.0000000000 0.0360671890 0.1031187698
293600.0000000000 0.0360578407 0.1030803621
293700.0000000000 0.0360443358 0.1030401140
293800.0000000000 0.0360055523 0.1030804738
293900.0000000000 0.0360278133 0.1029754579
294000.0000000000 0.0360248378 0.1029476598
294100.0000000000 0.0360237829 0.1029166952
294200.0000000000 0.0360213864 0.1028841957
294300.0000000000 0.0360188575 0.1028509662
294400.0000000000 0.0360174580 0.1028115824
294500.0000000000 0.0360169451 0.1027777940
294600.0000000000 0.0360050766 0.1027338803
294700.0000000000 0.0359886922 0.1027071252
294800.0000000000 0.0360003929 0.1026842967
294900.0000000000 0.0359973183 0.1026552916
295000.0000000000 0.0359948928 0.1026274562
295100.0000000000 0.0359897358 0.1026035249
295200.0000000000 0.0359898860 0.1025786102
295300.0000000000 0.0359877737 0.1025467366
295400.0000000000 0.0359798676 0.1025160551
295500.0000000000 0.0359707078 0.1024813354
295600.0000000000 0.0359703519 0.1024461538
295700.0000000000 0.0359608869 0.1024107337
295800.0000000000 0.0359570578 0.1023725569
295900.0000000000 0.0359451601 0.1023291200
296000.0000000000 0.0359332398 0.1022891775
296100.0000000000 0.0358440788 0.1022730619
296200.0000000000 0.0359328263 0.1022205353
296300.0000000000 0.0359324048 0.1021883339
296400.0000000000 0.0359304056 0.1021570787
296500.0000000000 0.0359154113 0.1021220535
296600.0000000000 0.0359143337 0.1020837352
296700.0000000000 0.0359028183 0.1020471528
296800.0000000000 0.0358996888 0.1020030305
296900.0000000000 0.0352237224 0.1082021371
297000.0000000000 0.0358843359 0.1019360870
297100.0000000000 0.0358849809 0.1019172445
297200.0000000000 0.0358858643 0.1018898562
297300.0000000000 0.0358775267 0.1018706858
297400.0000000000 0.0358748667 0.1018409878
297500.0000000000 0.0358730403 0.1018133163
297600.0000000000 0.0358641408 0.1017830819
297700.0000000000 0.0358570000 0.1017478332
297800.0000000000 0.0358496607 0.1017171443
297900.0000000000 0.0358440461 0.1016809270
298000.0000000000 0.0358373341 0.1016400307
298100.0000000000 0.0352284255 0.1026291251
298200.0000000000 0.0358413464 0.1015703976
298300.0000000000 0.0358463741 0.1015488952
298400.0000000000 0.0358514509 0.1015210599
298500.0000000000 0.0358434609 0.1014871970
298600.0000000000 0.0358392459 0.1014553830
298700.0000000000 0.0358369930 0.1014206111
298800.0000000000 0.0358238290 0.1013835892
298900.0000000000 0.0357984928 0.1013390869
299000.0000000000 0.0358032893 0.1013152301
299100.0000000000 0.0357963642 0.1012754738
299200.0000000000 0.0357847471 0.1012423113
299300.0000000000 0.0357841046 0.1011988074
299400.0000000000 0.0357778955 0.1011590585
299500.0000000000 0.0358883967 0.1015990600
299600.0000000000 0.0357522751 0.1010925621
299700.0000000000 0.0357468251 0.1010707319
299800.0000000000 0.0357466181 0.1010481641
299900.0000000000 0.0357426647 0.1010202989
