0.0000000000 1.0697940909 125718.2890625000
100.0000000000 0.9999993676 125718.2187500000
200.0000000000 1.0385932574 125706.9609375000
300.0000000000 1.0137239987 125726.5859375000
400.0000000000 2.3341422168 128882.7656250000
500.0000000000 6.4373504152 107383.4062500000
600.0000000000 5.4315623093 94870.6093750000
700.0000000000 3.6160577643 105390.5468750000
800.0000000000 2.5869865264 78387.9843750000
900.0000000000 5.0371056276 73908.5000000000
1000.0000000000 3.0060255428 70482.5468750000
1100.0000000000 5.1162079431 70908.9687500000
1200.0000000000 4.4511221648 65987.4609375000
1300.0000000000 3.5471203339 64783.7421875000
1400.0000000000 2.8650165077 64456.0585937500
1500.0000000000 4.1967709048 64130.9882812500
1600.0000000000 3.7153123129 62131.9140625000
1700.0000000000 3.9228889709 60174.3203125000
1800.0000000000 2.9491190620 57382.3906250000
1900.0000000000 5.5340063734 52309.8593750000
2000.0000000000 8.1773324225 44940.6601562500
2100.0000000000 4.8296816647 42926.4375000000
2200.0000000000 4.8374878273 15136.9921875000
2300.0000000000 2.8515915288 2001.2802734375
2400.0000000000 2.3973831231 876.5477905273
2500.0000000000 1.7733110250 554.4267578125
2600.0000000000 1.2100419003 388.2768249512
2700.0000000000 0.9977089221 294.6840209961
2800.0000000000 0.8633042956 237.0171203613
2900.0000000000 0.8327298206 230.1173248291
3000.0000000000 0.6634200782 167.5949554443
3100.0000000000 0.5930266428 144.2359313965
3200.0000000000 0.5838353624 130.2042694092
3300.0000000000 0.4656831846 424.1982421875
3400.0000000000 0.4196815938 112.5889816284
3500.0000000000 0.3690278088 224.8088684082
3600.0000000000 0.4042308446 91.4618148804
3700.0000000000 0.3382527480 364.3884582520
3800.0000000000 0.3640962537 110.5015792847
3900.0000000000 0.6584307699 1010.0268554688
4000.0000000000 0.6139181970 355.9200744629
4100.0000000000 0.6453214261 317.9956054688
4200.0000000000 0.3537574060 281.6546020508
4300.0000000000 0.5099235949 348.9905395508
4400.0000000000 0.6235646137 153.7614288330
4500.0000000000 0.4951872752 286.6584777832
4600.0000000000 1.2576508063 1537.1193847656
4700.0000000000 0.4458950966 142.2830200195
4800.0000000000 0.9647667091 1314.5727539062
4900.0000000000 0.6080992340 611.6808471680
5000.0000000000 0.4384867319 90.6195678711
5100.0000000000 0.3569442860 46.4398040771
5200.0000000000 0.3184495186 40.6795387268
5300.0000000000 0.2902161992 36.3810997009
5400.0000000000 0.2674586538 32.8841285706
5500.0000000000 0.2488010223 29.9244956970
5600.0000000000 0.2333737525 27.3639965057
5700.0000000000 0.2205954860 25.1168994904
5800.0000000000 0.2099494589 23.1234436035
5900.0000000000 0.2470600719 21.6787738800
6000.0000000000 0.2504220078 87.0029144287
6100.0000000000 0.2920189030 143.5031433105
6200.0000000000 0.1767559997 58.4315605164
6300.0000000000 0.3372803038 144.6128082275
6400.0000000000 0.2368878637 484.4487915039
6500.0000000000 0.3420703683 366.9437561035
6600.0000000000 0.2748624681 190.6664581299
6700.0000000000 0.2120126184 20.8808002472
6800.0000000000 0.1855865180 18.2258243561
6900.0000000000 0.1721467976 16.4654636383
7000.0000000000 1.3857686943 1004.7129516602
7100.0000000000 0.3289307376 928.6267089844
7200.0000000000 0.2427464451 171.5196990967
7300.0000000000 0.3056992085 71.8057098389
7400.0000000000 0.2031733716 92.9740982056
7500.0000000000 0.3024506977 859.1153564453
7600.0000000000 0.4654020592 306.7888793945
7700.0000000000 0.1475179577 283.3498840332
7800.0000000000 0.4796012686 49.6837425232
7900.0000000000 0.1701039114 17.0273418427
8000.0000000000 0.1515277672 15.0089511871
8100.0000000000 0.1409923692 13.5857954025
8200.0000000000 0.5858915078 24.5030765533
8300.0000000000 0.1471357424 11.7435302734
8400.0000000000 0.6869284100 1150.4660644531
8500.0000000000 0.4133226122 1318.0175781250
8600.0000000000 0.2003812992 16.1522998810
8700.0000000000 0.1615355434 12.1042575836
8800.0000000000 0.3153070432 95.6266708374
8900.0000000000 0.3719403639 1441.6801757812
9000.0000000000 0.1667668381 47.1549148560
9100.0000000000 0.2658020688 32.7919044495
9200.0000000000 0.1584504170 12.4854803085
9300.0000000000 0.1349054818 10.9356880188
9400.0000000000 0.1257139166 9.9648399353
9500.0000000000 0.1206592841 9.2314033508
9600.0000000000 0.1650153760 65.6385421753
9700.0000000000 0.3119713569 330.9728088379
9800.0000000000 0.1586993227 10.4030303955
9900.0000000000 0.1325055738 9.1659164429
10000.0000000000 0.3309066799 65.8156509399
10100.0000000000 0.1388685844 8.8918504715
10200.0000000000 0.1267474699 8.1964330673
10300.0000000000 1.6587822404 3835.2897949219
10400.0000000000 0.3238842102 89.8834762573
10500.0000000000 0.2889751720 626.5118408203
10600.0000000000 0.2749576289 1015.8656616211
10700.0000000000 0.2820975798 963.9843750000
10800.0000000000 0.1820543899 258.4512329102
10900.0000000000 0.4181036640 436.1050720215
11000.0000000000 0.2748501075 306.1562194824
11100.0000000000 0.3035372297 803.2342529297
11200.0000000000 0.2684557496 1504.4511718750
11300.0000000000 0.1936141447 25.5204143524
11400.0000000000 0.4459134119 125.9503860474
11500.0000000000 0.2193533193 21.2319812775
11600.0000000000 0.1441098147 11.2935628891
11700.0000000000 0.1263948375 9.8594465256
11800.0000000000 0.1181137036 8.9168367386
11900.0000000000 0.1421492697 8.9561090469
12000.0000000000 0.2396536081 79.5274505615
12100.0000000000 0.3579920868 487.1600341797
12200.0000000000 0.1569114729 8.8330688477
12300.0000000000 0.1240835857 7.6040463448
12400.0000000000 0.1105265200 7.0057034492
12500.0000000000 0.1009877467 6.5828814507
12600.0000000000 0.1258269403 9.1752595901
12700.0000000000 0.2404142303 756.2557373047
12800.0000000000 0.1702098095 30.8522548676
12900.0000000000 0.3660757611 826.8151245117
13000.0000000000 0.2493990116 417.9475402832
13100.0000000000 0.1840407064 469.3035888672
13200.0000000000 0.1852058427 546.5764160156
13300.0000000000 0.1577170444 125.5959930420
13400.0000000000 0.1758428858 569.4617919922
13500.0000000000 0.1804297546 26.7312641144
13600.0000000000 0.1608265026 42.4127616882
13700.0000000000 0.1509894874 301.5195617676
13800.0000000000 0.1266757075 268.7326049805
13900.0000000000 0.1515545642 251.3109741211
14000.0000000000 0.3880359494 89.6621475220
14100.0000000000 0.2918854254 213.4113006592
14200.0000000000 0.4555787228 117.4219284058
14300.0000000000 0.1201368909 101.5976943970
14400.0000000000 0.4059492255 138.8413085938
14500.0000000000 0.1481240511 124.8372039795
14600.0000000000 0.1143509751 25.9011936188
14700.0000000000 0.1323527606 28.0108337402
14800.0000000000 0.0973715957 12.3059539795
14900.0000000000 0.1095590793 74.5768508911
15000.0000000000 0.1024059052 16.8033523560
15100.0000000000 0.0847941942 7.5678305626
15200.0000000000 0.0845870049 7.0815134048
15300.0000000000 0.0842819569 6.6715450287
15400.0000000000 0.0838210720 6.2972474098
15500.0000000000 0.0832124923 5.9457445145
15600.0000000000 0.0891111993 5.7771496773
15700.0000000000 0.1142538019 12.0532712936
15800.0000000000 0.0979162860 23.5593547821
15900.0000000000 0.1347697867 41.9798240662
16000.0000000000 0.2258978962 390.0275268555
16100.0000000000 0.1548319863 496.9259948730
16200.0000000000 0.1648083377 30.6623916626
16300.0000000000 0.1361494093 369.6978149414
16400.0000000000 0.2935030116 137.6448059082
16500.0000000000 0.5600317270 415.0076904297
16600.0000000000 0.2222952464 538.9089965820
16700.0000000000 0.1128898060 14.5059347153
16800.0000000000 0.4364042930 25.5815734863
16900.0000000000 0.2468242579 330.3851928711
17000.0000000000 0.1090207476 45.5526161194
17100.0000000000 0.2806173631 322.4442749023
17200.0000000000 0.1165898830 12.3516721725
17300.0000000000 0.1423097465 70.1289062500
17400.0000000000 0.1092850857 300.4681091309
17500.0000000000 0.1575241243 291.8979187012
17600.0000000000 0.2696917439 349.5255737305
17700.0000000000 0.2167628850 20.6174335480
17800.0000000000 0.1661406986 11.9620151520
17900.0000000000 0.3610886954 269.1026000977
18000.0000000000 0.1486067565 180.0670623779
18100.0000000000 0.1431340685 101.5593948364
18200.0000000000 0.2914088835 98.1967620850
18300.0000000000 0.2403567200 111.6418533325
18400.0000000000 0.1159128803 106.8436660767
18500.0000000000 0.2208091483 85.8603286743
18600.0000000000 0.1711435624 108.3094711304
18700.0000000000 0.0912657658 47.3645057678
18800.0000000000 0.0952103052 25.4436283112
18900.0000000000 0.1018206021 28.3335838318
19000.0000000000 0.0951871044 21.2315578461
19100.0000000000 0.0814160390 20.2923049927
19200.0000000000 0.0944370799 44.8569602966
19300.0000000000 0.0851973124 8.6722078323
19400.0000000000 0.1535368901 218.6275787354
19500.0000000000 0.3395102857 127.6419525146
19600.0000000000 0.0748723441 5.1271038055
19700.0000000000 0.0730829095 4.5315794945
19800.0000000000 0.0721894654 4.2078967094
19900.0000000000 0.0711984558 3.9765934944
20000.0000000000 0.1383029044 256.9655456543
20100.0000000000 0.2221643011 161.8812103271
20200.0000000000 0.2476178488 80.5499496460
20300.0000000000 0.0931561128 6.8159933090
20400.0000000000 0.3550106499 729.0003051758
20500.0000000000 0.0879835278 120.7042160034
20600.0000000000 0.1319879694 78.1515350342
20700.0000000000 0.1325027841 9.6180028915
20800.0000000000 0.2248881327 11.8985109329
20900.0000000000 0.1239560340 208.7587280273
21000.0000000000 0.2637964433 95.7417755127
21100.0000000000 0.1528973416 263.5800476074
21200.0000000000 0.2793630241 207.6052093506
21300.0000000000 0.1175050410 17.4029865265
21400.0000000000 0.2068161924 29.6486988068
21500.0000000000 0.4720727860 18.1210327148
21600.0000000000 0.1306142688 13.0748901367
21700.0000000000 0.2303856973 18.0789089203
21800.0000000000 0.1881338234 33.2629814148
21900.0000000000 0.2328707649 163.4037017822
22000.0000000000 0.1882637784 66.9484100342
22100.0000000000 0.2348759633 54.3663482666
22200.0000000000 0.1204285151 177.4700622559
22300.0000000000 0.0668918293 5.4811391830
22400.0000000000 0.0690727026 4.7003149986
22500.0000000000 0.0663510556 4.3135895729
22600.0000000000 0.0878199959 4.9017105103
22700.0000000000 0.2161785679 6.6284489632
22800.0000000000 0.2332533468 47.3251342773
22900.0000000000 0.2165015995 11.1305189133
23000.0000000000 0.0775307717 7.9947490692
23100.0000000000 0.2040387947 57.5385818481
23200.0000000000 0.1679858576 84.8820114136
23300.0000000000 0.1244547339 38.8242073059
23400.0000000000 0.1146996333 96.4071426392
23500.0000000000 0.0694708267 10.1544122696
23600.0000000000 0.1179860170 118.2543334961
23700.0000000000 0.1126562083 41.5584754944
23800.0000000000 0.1737633348 150.6174926758
23900.0000000000 0.1564432719 134.4517669678
24000.0000000000 0.1055495903 11.5863094330
24100.0000000000 0.1561396407 126.6702880859
24200.0000000000 0.1236299960 14.4682531357
24300.0000000000 0.0651051799 4.0473227501
24400.0000000000 0.0618193668 3.6394731998
24500.0000000000 0.0592973833 3.3838818073
24600.0000000000 0.0575696048 3.1989715099
24700.0000000000 0.1439878097 253.1262054443
24800.0000000000 0.1004388394 29.2637443542
24900.0000000000 0.0547633692 4.5435104370
25000.0000000000 0.1411177721 55.7593650818
25100.0000000000 0.0548886123 3.0527164936
25200.0000000000 0.0544586207 2.8988597393
25300.0000000000 0.0547626331 2.7946715355
25400.0000000000 0.0568332041 3.3601958752
25500.0000000000 0.4395385477 384.5564880371
25600.0000000000 0.2914348640 700.4406738281
25700.0000000000 0.1295352123 89.4717788696
25800.0000000000 0.0819367261 90.1274871826
25900.0000000000 0.2243314605 75.7519912720
26000.0000000000 0.0635538190 21.3816623688
26100.0000000000 0.1057518023 345.9281921387
26200.0000000000 0.1245337353 25.7731494904
26300.0000000000 0.0826732713 4.8999700546
26400.0000000000 0.2902776603 76.1670684814
26500.0000000000 0.0835268064 97.1757202148
26600.0000000000 0.1637207056 5.6276125908
26700.0000000000 0.1216548074 76.4838638306
26800.0000000000 0.2102193556 8.0372905731
26900.0000000000 0.0919521477 5.1047024727
27000.0000000000 0.0603167954 3.4535670280
27100.0000000000 0.0570336493 3.1848428249
27200.0000000000 0.0591557679 3.5226433277
27300.0000000000 0.0556834226 2.8775167465
27400.0000000000 0.0565663819 2.8908495903
27500.0000000000 0.0787459985 2.7618608475
27600.0000000000 0.1361749775 209.7467956543
27700.0000000000 0.1467121269 150.9657592773
27800.0000000000 0.3323620892 36.8738021851
27900.0000000000 0.1100087871 62.8610572815
28000.0000000000 0.2437421010 47.7569046021
28100.0000000000 0.0944503701 26.6193161011
28200.0000000000 0.1811629405 139.9063873291
28300.0000000000 0.4281824491 257.1716613770
28400.0000000000 0.1020654029 243.3504486084
28500.0000000000 0.1102674602 40.4993286133
28600.0000000000 0.1096150707 66.5361251831
28700.0000000000 0.0997890707 72.9436187744
28800.0000000000 0.0635265660 14.6101245880
28900.0000000000 0.0650407003 3.3483641148
29000.0000000000 0.0620693298 6.7387671471
29100.0000000000 0.0844761580 43.8355178833
29200.0000000000 0.0877323343 32.9528465271
29300.0000000000 0.0695868667 20.1314525604
29400.0000000000 0.1803329118 187.3769836426
29500.0000000000 0.0575841058 2.8869335651
29600.0000000000 0.0554038673 2.6770513058
29700.0000000000 0.0545017740 2.5431480408
29800.0000000000 0.0538548660 2.4389801025
29900.0000000000 0.1521432395 46.6935615540
30000.0000000000 0.0553657820 2.6995978355
30100.0000000000 0.0537388904 2.2771599293
30200.0000000000 0.6034387236 137.9766387939
30300.0000000000 0.0545296376 2.2778825760
30400.0000000000 0.1438542455 18.6368999481
30500.0000000000 0.0517572142 12.9747734070
30600.0000000000 0.0586305026 3.0443530083
30700.0000000000 0.1242838885 231.7112884521
30800.0000000000 0.0517406393 8.3794765472
30900.0000000000 0.0607617631 24.0305557251
31000.0000000000 0.0623643591 60.2475166321
31100.0000000000 0.0589032272 11.5249633789
31200.0000000000 0.1051561617 78.1604766846
31300.0000000000 0.0535489426 3.3575646877
31400.0000000000 0.0657705936 5.9517230988
31500.0000000000 0.1059842118 182.6731262207
31600.0000000000 0.0801641557 24.4413852692
31700.0000000000 0.0593956691 13.5000410080
31800.0000000000 0.3225275454 20.8158302307
31900.0000000000 0.0972320533 29.9779872894
32000.0000000000 0.0958258096 126.6080856323
32100.0000000000 0.2533191509 60.4980010986
32200.0000000000 0.0595470157 29.3481197357
32300.0000000000 0.2198746516 31.7670497894
32400.0000000000 0.1025581482 87.3246307373
32500.0000000000 0.2531494559 13.6290550232
32600.0000000000 0.0624486030 2.8409087658
32700.0000000000 0.0588431687 2.5136120319
32800.0000000000 0.0556038130 2.3413543701
32900.0000000000 0.0533181692 2.2133891582
33000.0000000000 0.0591038079 2.1726465225
33100.0000000000 0.4099342313 17.4279460907
33200.0000000000 0.0780763468 2.2189099789
33300.0000000000 0.0615841219 2.4900028706
33400.0000000000 0.1638919068 180.4262847900
33500.0000000000 0.0568741639 31.1896877289
33600.0000000000 0.0957927411 16.5597743988
33700.0000000000 0.1090343200 290.3612365723
33800.0000000000 0.0502827727 3.3223772049
33900.0000000000 0.0876369994 82.1357955933
34000.0000000000 0.0860507104 56.4607620239
34100.0000000000 0.1053455927 136.8656463623
34200.0000000000 0.0643009204 6.2643432617
34300.0000000000 0.0499158577 4.4752039909
34400.0000000000 0.1285937796 77.6070861816
34500.0000000000 0.0511945036 5.8615298271
34600.0000000000 0.1277302000 83.0040817261
34700.0000000000 0.1009283111 48.9439735413
34800.0000000000 0.1189864581 65.5687484741
34900.0000000000 0.0905567196 48.9639816284
35000.0000000000 0.1039666690 58.5150260925
35100.0000000000 0.0470342993 2.0715117455
35200.0000000000 0.0464518954 1.9530209303
35300.0000000000 0.0459664285 1.8663073778
35400.0000000000 0.0457194091 1.7974257469
35500.0000000000 0.0455959863 1.7379583120
35600.0000000000 0.0650569214 2.0879335403
35700.0000000000 0.0755218852 11.9444112778
35800.0000000000 0.0914656867 3.7177429199
35900.0000000000 0.0588974749 83.9864654541
36000.0000000000 0.1461527213 482.6792602539
36100.0000000000 0.1197235051 74.3251724243
36200.0000000000 0.0843853314 4.1165390015
36300.0000000000 0.1116697810 98.5859756470
36400.0000000000 0.2172352094 64.0901641846
36500.0000000000 0.1421611703 4.8883142471
36600.0000000000 0.1831030621 31.3915252686
36700.0000000000 0.0969524690 12.8349828720
36800.0000000000 0.1187962209 29.8512935638
36900.0000000000 0.0589485482 4.3605003357
37000.0000000000 0.0455392255 1.9760131836
37100.0000000000 0.0445939908 1.8428862095
37200.0000000000 0.0806936857 3.2550225258
37300.0000000000 0.0465774480 1.6946307421
37400.0000000000 0.5379089359 19.1058177948
37500.0000000000 0.0481163273 1.6102191210
37600.0000000000 0.2205934966 5.0469164848
37700.0000000000 0.1259881425 92.9755935669
37800.0000000000 0.0694328286 3.7369017601
37900.0000000000 0.0903312974 4.4176840782
38000.0000000000 0.0735800505 3.9847371578
38100.0000000000 0.0448586202 1.6372741461
38200.0000000000 0.0435635571 1.7284771204
38300.0000000000 0.0446340644 1.5319478512
38400.0000000000 0.0432967942 1.9684292078
38500.0000000000 0.0602432401 34.7464866638
38600.0000000000 0.0423349608 1.5798746347
38700.0000000000 0.1234427098 9.2231378555
38800.0000000000 0.0547046900 12.1575164795
38900.0000000000 0.0441490907 1.4539505243
39000.0000000000 0.0832672442 5.2631921768
39100.0000000000 0.0432917770 1.4296685457
39200.0000000000 0.4586539980 95.9145507812
39300.0000000000 0.0476163166 1.4887768030
39400.0000000000 0.0941792673 20.0003833771
39500.0000000000 0.0434977831 1.3718463182
39600.0000000000 0.0512977981 8.2928543091
39700.0000000000 0.0431853664 1.3369599581
39800.0000000000 0.0800737806 3.5381944180
39900.0000000000 0.0428262939 1.3169980049
40000.0000000000 0.1948381431 21.9614543915
40100.0000000000 0.0450614905 1.3095623255
40200.0000000000 0.0431502577 1.2613525391
40300.0000000000 0.1826736903 26.9977817535
40400.0000000000 0.0437127223 1.2511451244
40500.0000000000 0.1036732222 127.5376739502
40600.0000000000 0.0405868276 1.2654305696
40700.0000000000 0.0812030590 17.0322093964
40800.0000000000 0.1731762249 81.5689315796
40900.0000000000 0.0713169442 51.8684425354
41000.0000000000 0.0465631430 13.8114461899
41100.0000000000 0.0430653157 3.8396208286
41200.0000000000 0.0694666346 37.2627029419
41300.0000000000 0.0725352723 9.4702329636
41400.0000000000 0.0932108804 52.7960929871
41500.0000000000 0.1090615094 2.9855253696
41600.0000000000 0.0548542904 24.7487525940
41700.0000000000 0.1094611064 30.1528987885
41800.0000000000 0.0591248003 2.7806019783
41900.0000000000 0.0723408522 85.6639251709
42000.0000000000 0.0647620258 33.4412918091
42100.0000000000 0.0585067499 8.0542421341
42200.0000000000 0.0453614005 3.1979708672
42300.0000000000 0.0433395968 1.4584734440
42400.0000000000 0.0424703256 1.3583160639
42500.0000000000 0.0421433820 1.2936315536
42600.0000000000 0.0429013750 1.2457015514
42700.0000000000 0.0419692468 1.2463653088
42800.0000000000 0.0605972506 1.7544202805
42900.0000000000 0.0438508915 2.1241955757
43000.0000000000 0.0428601910 1.3292124271
43100.0000000000 0.4596404506 13.9964075089
43200.0000000000 0.0435526968 1.2039228678
43300.0000000000 0.0435168471 1.1958491802
43400.0000000000 0.0407349888 1.2881221771
43500.0000000000 0.0422579126 1.1417404413
43600.0000000000 0.1704863122 5.7785606384
43700.0000000000 0.0446240783 1.1455341578
43800.0000000000 0.0491666865 1.2740380764
43900.0000000000 0.0435258972 4.0236458778
44000.0000000000 0.0636879436 8.9198627472
44100.0000000000 0.0481362790 4.0862154961
44200.0000000000 0.0527542470 4.0218334198
44300.0000000000 0.0745375917 28.3723430634
44400.0000000000 0.1151910502 78.1031341553
44500.0000000000 0.1042804733 141.1167907715
44600.0000000000 0.0810063886 26.3304519653
44700.0000000000 0.0923181929 51.7023048401
44800.0000000000 0.0717872814 48.9509468079
44900.0000000000 0.0890758587 54.5786705017
45000.0000000000 0.0793148165 53.2918853760
45100.0000000000 0.0414160701 1.1948211193
45200.0000000000 0.0405937730 1.1194847822
45300.0000000000 0.0401008927 1.0744440556
45400.0000000000 0.0398097388 1.0418616533
45500.0000000000 0.0396135433 1.0157455206
45600.0000000000 0.0413315444 1.5007373095
45700.0000000000 0.0409025411 1.0273818970
45800.0000000000 0.0424205680 2.6495087147
45900.0000000000 0.0399523413 1.0113281012
46000.0000000000 0.0462064687 1.2807966471
46100.0000000000 0.0433031642 1.4007672071
46200.0000000000 0.0442473059 1.1133942604
46300.0000000000 0.0390654543 0.9669204354
46400.0000000000 0.0492852379 1.7512469292
46500.0000000000 0.0408793625 0.9711269736
46600.0000000000 0.5324188674 480.7485961914
46700.0000000000 0.0423862607 0.9909827709
46800.0000000000 0.0384471252 4.1075725555
46900.0000000000 0.0418267301 1.0218099356
47000.0000000000 0.1221149685 10.7749757767
47100.0000000000 0.0389830179 0.9189871550
47200.0000000000 0.0571135688 2.9771022797
47300.0000000000 0.1608569615 189.2363891602
47400.0000000000 0.0380962906 1.0028841496
47500.0000000000 0.0432905927 1.2121607065
47600.0000000000 0.0418572962 6.3020920753
47700.0000000000 0.0394062025 3.0014526844
47800.0000000000 0.0489597379 20.7205047607
47900.0000000000 0.0401944645 3.3024711609
48000.0000000000 0.0648899441 25.9477443695
48100.0000000000 0.1985921828 90.1793899536
48200.0000000000 0.0581787247 1.5696568489
48300.0000000000 0.2523561485 33.5224151611
48400.0000000000 0.3216645342 249.2827606201
48500.0000000000 0.0409903912 1.0323364735
48600.0000000000 0.0395633488 0.9513671398
48700.0000000000 0.0391324188 0.9144657850
48800.0000000000 0.0389580483 0.8893730640
48900.0000000000 0.0574885027 0.9499665499
49000.0000000000 0.0671288726 6.2707982063
49100.0000000000 0.0815651655 180.4921112061
49200.0000000000 0.0704447735 1.2051680088
49300.0000000000 0.0722289749 108.8109741211
49400.0000000000 0.1184222564 6.7347812653
49500.0000000000 0.0911316933 12.3017597198
49600.0000000000 0.1099099150 2.6860041618
49700.0000000000 0.0428902616 1.0893207788
49800.0000000000 0.0388910144 0.9820703864
49900.0000000000 0.0382435429 0.9323414564
50000.0000000000 0.0372032355 0.8995111585
50100.0000000000 0.0379004113 0.8730961680
50200.0000000000 0.0907676925 1.3044828176
50300.0000000000 0.0483549948 2.0372099876
50400.0000000000 0.0375539008 2.5541422367
50500.0000000000 0.2445827104 136.2607421875
50600.0000000000 0.0921089602 11.6905860901
50700.0000000000 0.0371379064 0.9242478609
50800.0000000000 0.0710705578 3.9973571301
50900.0000000000 0.0420167941 0.8664614558
51000.0000000000 0.0387799389 0.9609827399
51100.0000000000 0.0410634464 0.8463292718
51200.0000000000 0.0401640432 1.0893217325
51300.0000000000 0.0399020948 0.8132333159
51400.0000000000 0.3426820191 111.0708541870
51500.0000000000 0.0393552027 0.8132150769
51600.0000000000 0.0477354550 32.9740066528
51700.0000000000 0.0496882948 15.9380292892
51800.0000000000 0.0923602241 45.8776168823
51900.0000000000 0.0544672991 21.1264896393
52000.0000000000 0.0484459806 3.2921214104
52100.0000000000 0.0561585491 11.6713018417
52200.0000000000 0.0441899389 5.1478404999
52300.0000000000 0.0559213044 29.6863059998
52400.0000000000 0.0419816008 1.3211625814
52500.0000000000 0.0399198242 1.3518300056
52600.0000000000 0.0395385552 1.1254738569
52700.0000000000 0.0398229578 0.9036384225
52800.0000000000 0.0388984546 0.8282024860
52900.0000000000 0.0383541295 0.7973712683
53000.0000000000 0.0380015540 0.7756021023
53100.0000000000 0.0663165590 1.8446078300
53200.0000000000 0.0534908531 6.8845434189
53300.0000000000 0.1450515890 107.9668731689
53400.0000000000 0.0524502176 14.6382112503
53500.0000000000 0.0382948249 0.7789275050
53600.0000000000 0.0358107547 0.8846184611
53700.0000000000 0.0389693979 2.0621905327
53800.0000000000 0.0445225878 4.9661026001
53900.0000000000 0.0375371542 0.7435158491
54000.0000000000 0.0700594964 55.5685844421
54100.0000000000 0.0385448577 4.4282398224
54200.0000000000 0.0371540515 0.7258506417
54300.0000000000 0.0582192462 6.0194315910
54400.0000000000 0.0380674362 0.7181518674
54500.0000000000 0.5040947343 35.3656921387
54600.0000000000 0.0403946058 0.7254132032
54700.0000000000 0.0398995125 1.1726195812
54800.0000000000 0.0361111871 0.7212165594
54900.0000000000 0.0468019723 0.9117903709
55000.0000000000 0.0382434562 11.4434175491
55100.0000000000 0.0366645260 0.6904186606
55200.0000000000 0.0949025870 33.2018089294
55300.0000000000 0.0354574808 0.6908364892
55400.0000000000 0.0368209668 0.6797542572
55500.0000000000 0.0471509419 0.8349000216
55600.0000000000 0.0360109732 1.4945396185
55700.0000000000 0.0380116223 0.7262583971
55800.0000000000 0.0572567311 18.9452629089
55900.0000000000 0.0562787539 9.9842414856
56000.0000000000 0.0367535307 0.6657345295
56100.0000000000 0.2028971734 72.7591018677
56200.0000000000 0.0360251807 0.6648532152
56300.0000000000 0.0758838783 4.9593334198
56400.0000000000 0.0361983221 0.6542181373
56500.0000000000 0.0965637258 172.1103057861
56600.0000000000 0.0368006157 0.6595605612
56700.0000000000 0.0356551153 0.6376599073
56800.0000000000 0.0475914235 1.9767102003
56900.0000000000 0.0356664845 0.6392763853
57000.0000000000 0.2166684798 117.1054153442
57100.0000000000 0.0357823134 0.6363459826
57200.0000000000 0.0522349194 12.1561727524
57300.0000000000 0.0346122295 0.6546114087
57400.0000000000 0.0534087472 1.6385662556
57500.0000000000 0.0361713506 0.6819514036
57600.0000000000 0.0375153860 0.7710605264
57700.0000000000 0.0354102656 0.6162339449
57800.0000000000 0.0623680026 3.5925920010
57900.0000000000 0.0348314616 0.6083121300
58000.0000000000 0.0401990018 2.9893486500
58100.0000000000 0.0429022192 2.4747271538
58200.0000000000 0.0357593244 0.6602720618
58300.0000000000 0.0542863438 3.0256047249
58400.0000000000 0.0351074160 0.6003041863
58500.0000000000 0.1237659284 43.0187187195
58600.0000000000 0.0357890808 0.5969710946
58700.0000000000 0.0334374021 0.6015249491
58800.0000000000 0.0384551988 0.6879332066
58900.0000000000 0.0379418587 1.1044327021
59000.0000000000 0.0456491707 24.2027549744
59100.0000000000 0.0352901195 0.5855309367
59200.0000000000 0.0358258056 0.7063187957
59300.0000000000 0.0344137919 0.6541317701
59400.0000000000 0.0356350680 0.5791673064
59500.0000000000 0.1629650058 233.6558990479
59600.0000000000 0.0358723234 0.5944002271
59700.0000000000 0.0407373546 0.7258688211
59800.0000000000 0.0372245336 0.6155869365
59900.0000000000 0.0354769250 1.4551377296
60000.0000000000 0.0949004769 326.2086791992
60100.0000000000 0.0347653448 0.5730725527
60200.0000000000 0.0348136033 0.5581375957
60300.0000000000 0.0345919269 0.5522664785
60400.0000000000 0.0345634297 0.5470662713
60500.0000000000 0.0578503029 0.6639338732
60600.0000000000 0.0355575790 0.5470609069
60700.0000000000 0.0365183845 0.6276926994
60800.0000000000 0.1385398448 8.1792755127
60900.0000000000 0.0354506359 0.5443369746
61000.0000000000 0.0917048875 4.3404941559
61100.0000000000 0.0343855267 0.5462664962
61200.0000000000 0.0349700731 0.8209620714
61300.0000000000 0.0335011165 0.5586191416
61400.0000000000 0.0344478339 0.5304119587
61500.0000000000 0.1335247758 200.4406433105
61600.0000000000 0.0356007892 0.5380605459
61700.0000000000 0.1346513296 15.8659229279
61800.0000000000 0.0700110114 13.0391159058
61900.0000000000 0.0343724648 0.5231773853
62000.0000000000 0.0341794742 0.5153687000
62100.0000000000 0.0391492190 0.7725152373
62200.0000000000 0.0344658102 0.5173463821
62300.0000000000 0.0361962004 0.5637495518
62400.0000000000 0.0501887299 47.3422317505
62500.0000000000 0.0347882460 0.5114057660
62600.0000000000 0.0621301269 2.6752257347
62700.0000000000 0.1105781490 16.0079612732
62800.0000000000 0.0342196147 0.5094403028
62900.0000000000 0.0552718146 2.5776884556
63000.0000000000 0.0439692018 3.2410018444
63100.0000000000 0.0347134097 0.5154802799
63200.0000000000 0.0358603218 0.8140278459
63300.0000000000 0.0342729055 0.5039055943
63400.0000000000 0.3948985031 7.9706358910
63500.0000000000 0.0372526433 3.4517431259
63600.0000000000 0.0651274274 18.9822158813
63700.0000000000 0.0345237943 0.4981036186
63800.0000000000 0.0350239115 0.7869438529
63900.0000000000 0.0413755588 1.8375029564
64000.0000000000 0.0605623048 45.1286811829
64100.0000000000 0.0608306363 38.7134666443
64200.0000000000 0.0424702684 14.8064851761
64300.0000000000 0.0854431257 5.8682188988
64400.0000000000 0.0449944059 1.0513743162
64500.0000000000 0.0536229149 2.5133736134
64600.0000000000 0.0355649625 0.9899348021
64700.0000000000 0.0351730856 0.5690205097
64800.0000000000 0.0354728749 0.5253646970
64900.0000000000 0.0350070220 0.5081774592
65000.0000000000 0.0346524480 0.4974340200
65100.0000000000 0.0344174293 0.4903200567
65200.0000000000 0.1120760512 16.4544544220
65300.0000000000 0.0415976330 2.8816683292
65400.0000000000 0.0385964169 2.3561625481
65500.0000000000 0.0339892888 0.4844766259
65600.0000000000 0.0478757443 0.8794021606
65700.0000000000 0.0341974433 0.4802198410
65800.0000000000 0.0336906690 0.4750143290
65900.0000000000 0.0515191642 2.4142613411
66000.0000000000 0.0346227203 0.4726980031
66100.0000000000 0.2726196445 238.7011718750
66200.0000000000 0.0359916496 0.4806185067
66300.0000000000 0.0378800038 0.5481272936
66400.0000000000 0.0348062656 0.5119379163
66500.0000000000 0.0993163739 22.5293750763
66600.0000000000 0.0376583054 0.4863812923
66700.0000000000 0.0335557332 0.4618788064
66800.0000000000 0.0360089491 0.5663487315
66900.0000000000 0.0333420489 0.4533695579
67000.0000000000 0.0330470222 0.7388706207
67100.0000000000 0.0332967618 0.4533216357
67200.0000000000 0.1166337301 6.3399109840
67300.0000000000 0.0335217121 0.4493028522
67400.0000000000 0.4064112387 40.2206153870
67500.0000000000 0.0365058326 0.4548361897
67600.0000000000 0.0335389756 0.4465131164
67700.0000000000 0.1169818601 21.2416248322
67800.0000000000 0.0333254369 0.4435358644
67900.0000000000 0.0338315826 0.8402186632
68000.0000000000 0.0329103146 0.4415324926
68100.0000000000 0.0320264180 1.1284747124
68200.0000000000 0.0330610870 0.4371891618
68300.0000000000 0.0445240092 0.6282444596
68400.0000000000 0.0329873603 0.4354313612
68500.0000000000 0.0319465170 0.9991032481
68600.0000000000 0.0345433018 0.4402627349
68700.0000000000 0.0783990640 5.9942383766
68800.0000000000 0.0354414807 0.4557110369
68900.0000000000 0.0326371940 0.4266480803
69000.0000000000 0.0316650288 0.7925826311
69100.0000000000 0.0320068385 0.4246424735
69200.0000000000 0.0318982461 0.7425652742
69300.0000000000 0.0521221909 3.2162401676
69400.0000000000 0.0322975419 0.4273207784
69500.0000000000 0.0322389819 0.4212873280
69600.0000000000 0.0940693630 82.6092300415
69700.0000000000 0.0338322050 0.5778380632
69800.0000000000 0.0333839346 1.2041338682
69900.0000000000 0.0321396362 0.4205253422
70000.0000000000 0.0319707312 0.4161768258
70100.0000000000 0.0318257237 0.4128718376
70200.0000000000 0.0317333284 0.4098500609
70300.0000000000 0.0346765928 0.4094415307
70400.0000000000 0.0893094281 134.4152069092
70500.0000000000 0.0324973106 0.4086607993
70600.0000000000 0.0337989163 0.4813585579
70700.0000000000 0.0322276502 0.4030925035
70800.0000000000 0.0379153843 1.3733319044
70900.0000000000 0.0323552440 0.4015742540
71000.0000000000 0.0413334127 0.4682596028
71100.0000000000 0.0553131273 58.8393135071
71200.0000000000 0.0318444548 0.4115806818
71300.0000000000 0.1597401409 235.2395629883
71400.0000000000 0.0345841816 0.4091913104
71500.0000000000 0.0315880386 0.3952988088
71600.0000000000 0.0919273702 1.0358115435
71700.0000000000 0.0316724226 0.3934950531
71800.0000000000 0.0455843638 1.8533877134
71900.0000000000 0.0319987115 0.3929589093
72000.0000000000 0.1833685606 143.0259399414
72100.0000000000 0.0326960408 0.7621592283
72200.0000000000 0.0308096391 0.4266158342
72300.0000000000 0.0322938508 0.4116328359
72400.0000000000 0.0323813761 0.4192401767
72500.0000000000 0.0893866105 15.4434738159
72600.0000000000 0.0314805553 0.3854623735
72700.0000000000 0.0313542962 0.3815142214
72800.0000000000 0.0328413760 0.6239324808
72900.0000000000 0.0315455587 0.3795938790
73000.0000000000 0.0306075873 1.4311425686
73100.0000000000 0.0312336539 0.3798791468
73200.0000000000 0.0308488705 0.3768199980
73300.0000000000 0.0331430007 0.6281496882
73400.0000000000 0.0307669450 0.3747621775
73500.0000000000 0.0978393254 38.3136138916
73600.0000000000 0.0324959827 0.4226024151
73700.0000000000 0.0322109709 0.3974099755
73800.0000000000 0.0663536304 34.7554359436
73900.0000000000 0.0309008097 0.3731922209
74000.0000000000 0.0308883455 0.3693469167
74100.0000000000 0.0969302856 16.0760803223
74200.0000000000 0.0332507693 0.6655213833
74300.0000000000 0.0293258999 0.7804122567
74400.0000000000 0.0312985969 0.4124661982
74500.0000000000 0.0298392662 0.6498734951
74600.0000000000 0.0307809200 0.3660631180
74700.0000000000 0.1459786962 15.6276664734
74800.0000000000 0.0308801228 0.3680009842
74900.0000000000 0.0306279878 0.3630543053
75000.0000000000 0.0654032269 0.9866831899
75100.0000000000 0.0315623368 0.3592013419
75200.0000000000 0.0306274763 0.3571381569
75300.0000000000 0.0302685104 0.3552300036
75400.0000000000 0.0318936680 0.4608324766
75500.0000000000 0.0314099444 0.3579440713
75600.0000000000 0.0322457156 0.5653334260
75700.0000000000 0.0303384981 0.3537874818
75800.0000000000 0.0302083945 0.3518871367
75900.0000000000 0.0328623600 0.7332839966
76000.0000000000 0.0302111149 0.3523126245
76100.0000000000 0.0300894076 0.3500337005
76200.0000000000 0.3709802076 219.9263610840
76300.0000000000 0.0302484229 0.3525997400
76400.0000000000 0.0300106118 3.5741097927
76500.0000000000 0.0303108035 0.3462826610
76600.0000000000 0.0300556989 0.3443373144
76700.0000000000 0.0369562527 0.3726593554
76800.0000000000 0.0302149034 0.3435856104
76900.0000000000 0.0358895892 0.8218783140
77000.0000000000 0.0297167529 0.3421065509
77100.0000000000 0.0296619148 0.3923812509
77200.0000000000 0.0300407947 0.3395345211
77300.0000000000 0.0656071335 5.0581922531
77400.0000000000 0.0309759460 1.3218280077
77500.0000000000 0.0579930894 20.6112251282
77600.0000000000 0.0299211243 0.3431553543
77700.0000000000 0.0298288256 0.3369682133
77800.0000000000 0.0864516126 14.8507537842
77900.0000000000 0.0293152137 0.3376883268
78000.0000000000 0.0296138763 0.3333441913
78100.0000000000 0.1336376797 13.6316366196
78200.0000000000 0.0315891764 0.3391542733
78300.0000000000 0.0302450325 0.3326594532
78400.0000000000 0.0393562830 7.7742900848
78500.0000000000 0.0297558798 0.3309091032
78600.0000000000 0.0294865749 0.3286598027
78700.0000000000 0.0441584928 0.4402057827
78800.0000000000 0.0295347453 0.3292108774
78900.0000000000 0.0294147563 0.3270936608
79000.0000000000 0.1173329119 95.9108200073
79100.0000000000 0.0339785107 6.7180638313
79200.0000000000 0.0296514287 0.3260683119
79300.0000000000 0.0335219678 0.4566430449
79400.0000000000 0.0306726674 0.3490639031
79500.0000000000 0.0289754316 0.3612652421
79600.0000000000 0.0302860648 0.5977567434
79700.0000000000 0.0292783871 0.3226925731
79800.0000000000 0.2529954818 8.7746009827
79900.0000000000 0.0306313358 0.3242544532
80000.0000000000 0.0293253829 0.3200382292
80100.0000000000 0.0290602606 0.3184531331
80200.0000000000 0.0289375614 0.3168949485
80300.0000000000 0.1808982282 187.5396118164
80400.0000000000 0.0284801775 0.3244625926
80500.0000000000 0.0290626767 0.3174112737
80600.0000000000 0.0423315412 9.2075519562
80700.0000000000 0.0285686943 0.3247402012
80800.0000000000 0.0290025931 0.3130391240
80900.0000000000 0.0536250380 4.0081748962
81000.0000000000 0.0294169030 0.3127954304
81100.0000000000 0.0289651578 0.3104209304
81200.0000000000 0.0420554270 6.0441198349
81300.0000000000 0.0292300166 0.3091570735
81400.0000000000 0.0319803152 3.1781659126
81500.0000000000 0.0289579677 0.3078913689
81600.0000000000 0.0673393095 0.5770037174
81700.0000000000 0.0328683089 6.5888762474
81800.0000000000 0.0326025708 2.2245957851
81900.0000000000 0.0291423122 0.3173410594
82000.0000000000 0.0288416365 0.3040206134
82100.0000000000 0.1854738723 5.4805250168
82200.0000000000 0.0284049013 0.3070477843
82300.0000000000 0.0285614516 0.3022418022
82400.0000000000 0.0291009884 0.3815849721
82500.0000000000 0.0288957885 0.3020818532
82600.0000000000 0.0285591113 0.3003260493
82700.0000000000 0.0382659583 18.1742687225
82800.0000000000 0.0279649794 0.3850862086
82900.0000000000 0.0284971523 0.3882119358
83000.0000000000 0.0279864852 0.5476971269
83100.0000000000 0.0278554915 0.3150976598
83200.0000000000 0.0282628819 0.2966384590
83300.0000000000 0.0278785343 0.3532735407
83400.0000000000 0.0285636540 0.2963655293
83500.0000000000 0.0282782737 0.2947483659
83600.0000000000 0.0333889573 1.8920171261
83700.0000000000 0.0526425704 25.2334785461
83800.0000000000 0.0279202290 0.3017867208
83900.0000000000 0.2241097927 87.7091598511
84000.0000000000 0.0286211792 0.2945509553
84100.0000000000 0.0398958313 2.7190375328
84200.0000000000 0.0285324796 0.2909216285
84300.0000000000 0.0280072315 0.2892369926
84400.0000000000 0.0565958359 7.8357896805
84500.0000000000 0.0284593630 0.2887172401
84600.0000000000 0.0661737019 1.9876095057
84700.0000000000 0.0278730409 0.2871612906
84800.0000000000 0.1240548528 7.6447696686
84900.0000000000 0.0279155050 0.2880211473
85000.0000000000 0.0702699385 1.9782627821
85100.0000000000 0.0276323944 0.2839418650
85200.0000000000 0.0278531691 0.2827669382
85300.0000000000 0.0281636177 0.3466088176
85400.0000000000 0.0284117878 0.3590227365
85500.0000000000 0.0284721447 0.3046479225
85600.0000000000 0.0277670559 0.2807376087
85700.0000000000 0.0276589026 0.2795270979
85800.0000000000 0.0313381125 0.3211334050
85900.0000000000 0.0279154348 0.2787457705
86000.0000000000 0.0275990241 0.2774436772
86100.0000000000 0.0299043538 0.8818578124
86200.0000000000 0.0277899982 0.2789950967
86300.0000000000 0.0678889632 21.2589397430
86400.0000000000 0.0283858128 0.2774228454
86500.0000000000 0.0274536206 0.2755345106
86600.0000000000 0.0638572908 13.8078413010
86700.0000000000 0.0311088998 0.2952367961
86800.0000000000 0.0278534902 0.2759375274
86900.0000000000 0.0275700764 0.2741619945
87000.0000000000 0.1639531919 19.0347671509
87100.0000000000 0.0267016996 0.2768875957
87200.0000000000 0.0275545861 0.2721158862
87300.0000000000 0.0356708148 8.0539560318
87400.0000000000 0.0281964752 0.2818283439
87500.0000000000 0.0274200507 0.2710559070
87600.0000000000 0.0273057156 0.2696048319
87700.0000000000 0.0284000953 0.4008906484
87800.0000000000 0.0286809481 0.2765050828
87900.0000000000 0.0736832691 1.9739675522
88000.0000000000 0.0275249067 0.2676880658
88100.0000000000 0.1667612825 13.4297752380
88200.0000000000 0.0275383462 0.2674019933
88300.0000000000 0.0821948348 22.6304244995
88400.0000000000 0.0274332142 0.2656804323
88500.0000000000 0.0269089402 0.2639867365
88600.0000000000 0.0265654932 0.3626036048
88700.0000000000 0.0272386678 1.1924163103
88800.0000000000 0.0271197941 0.2632109821
88900.0000000000 0.0353982814 13.1793994904
89000.0000000000 0.0269741271 0.2623144090
89100.0000000000 0.0269472599 0.2605926692
89200.0000000000 0.0297763821 0.8221020103
89300.0000000000 0.0269483701 0.2606528699
89400.0000000000 0.0267814727 0.2594132125
89500.0000000000 0.0486443553 0.8460053802
89600.0000000000 0.0275749310 0.2618551254
89700.0000000000 0.0269184631 0.2592092156
89800.0000000000 0.0254760504 1.2710975409
89900.0000000000 0.0270091012 0.2589361072
90000.0000000000 0.0266667299 0.2572085857
90100.0000000000 0.0266013093 0.2563112080
90200.0000000000 0.0265570793 0.2554160058
90300.0000000000 0.0266707145 0.2548545599
90400.0000000000 0.0265176438 0.2787463963
90500.0000000000 0.0269493536 0.2555346191
90600.0000000000 0.0266689990 0.2539617121
90700.0000000000 0.0265117168 0.2528867722
90800.0000000000 0.0285448184 0.2963274121
90900.0000000000 0.0263494672 0.2519407868
91000.0000000000 0.0262782854 0.2509802282
91100.0000000000 0.0257915154 0.3256615996
91200.0000000000 0.0277196131 0.8714582920
91300.0000000000 0.0264436682 0.2496854514
91400.0000000000 0.0263116333 0.2487485707
91500.0000000000 0.0285242524 0.5261424184
91600.0000000000 0.0262285889 0.2487903535
91700.0000000000 0.0261415583 0.2477986217
91800.0000000000 0.0555513162 2.2759752274
91900.0000000000 0.0264493447 0.2502611876
92000.0000000000 0.0263346103 0.2478732616
92100.0000000000 0.0262589147 0.2467208803
92200.0000000000 0.0264755712 0.2462449074
92300.0000000000 0.0281422622 0.2642508745
92400.0000000000 0.0264009394 0.2447437644
92500.0000000000 0.0261922178 0.2439712882
92600.0000000000 0.1000558481 1.3301745653
92700.0000000000 0.0260671050 0.2440588325
92800.0000000000 0.0259636483 0.2428135425
92900.0000000000 0.0472297897 3.3364765644
93000.0000000000 0.0263777303 0.2439770699
93100.0000000000 0.0262436381 0.2421403676
93200.0000000000 0.0261525816 0.2412159145
93300.0000000000 0.0289373876 0.5821090341
93400.0000000000 0.0262135495 0.2404226959
93500.0000000000 0.0260511683 0.2396093309
93600.0000000000 0.0406956296 1.9998073578
93700.0000000000 0.0259752078 0.2400330752
93800.0000000000 0.0259212321 0.2385124564
93900.0000000000 0.0293199418 0.4994044304
94000.0000000000 0.0344338319 4.0654559135
94100.0000000000 0.0260418772 1.2202361822
94200.0000000000 0.0253946880 0.2576204538
94300.0000000000 0.0262533071 0.2411613464
94400.0000000000 0.0266292808 0.2457409650
94500.0000000000 0.0257776281 0.2367323786
94600.0000000000 0.0256344658 0.2356119901
94700.0000000000 0.0262877773 0.2725149989
94800.0000000000 0.0258684560 0.2350543886
94900.0000000000 0.0257540248 0.2341660112
95000.0000000000 0.0354263210 0.3316439688
95100.0000000000 0.0258169494 0.2341128290
95200.0000000000 0.0256581986 0.2333197892
95300.0000000000 0.0255937592 0.2326494008
95400.0000000000 0.0258083567 0.8671714664
95500.0000000000 0.0251086469 0.2331953347
95600.0000000000 0.0256009469 0.2305301875
95700.0000000000 0.0248654123 1.7642186880
95800.0000000000 0.0299936356 6.7931780815
95900.0000000000 0.0253276751 1.0055987835
96000.0000000000 0.0256362600 0.2407958210
96100.0000000000 0.0256655034 0.2284767926
96200.0000000000 0.2137336126 3.0919296741
96300.0000000000 0.0244595908 0.2754756212
96400.0000000000 0.0257813162 0.2364881784
96500.0000000000 0.0582982242 5.3376708031
96600.0000000000 0.0250784008 0.2301062196
96700.0000000000 0.0255330366 0.2253494561
96800.0000000000 0.0253263794 0.3330039084
96900.0000000000 0.0262892488 0.2297306359
97000.0000000000 0.0253825651 0.2242493033
97100.0000000000 0.0263155810 0.2237735391
97200.0000000000 0.0243572341 0.2440425605
97300.0000000000 0.0254555945 0.2228734493
97400.0000000000 0.0253003727 0.2221542299
97500.0000000000 0.0309603807 0.6788134575
97600.0000000000 0.0256466131 0.2228270173
97700.0000000000 0.0251477884 0.2215878665
97800.0000000000 0.0249762739 0.2209617943
97900.0000000000 0.0249071546 0.2204540074
98000.0000000000 0.0238928836 0.2313610017
98100.0000000000 0.0248972072 0.2202154100
98200.0000000000 0.0248924032 0.2195356339
98300.0000000000 0.0325885943 0.7453352213
98400.0000000000 0.0251097486 0.2189886570
98500.0000000000 0.0249472652 0.2181578726
98600.0000000000 0.0618721064 1.4792165756
98700.0000000000 0.0251410655 0.2180546969
98800.0000000000 0.0248670823 0.2170639336
98900.0000000000 0.0236018949 0.2245013565
99000.0000000000 0.0247921608 0.2311692387
99100.0000000000 0.0248444247 0.2157926112
99200.0000000000 0.0646117334 39.8876495361
99300.0000000000 0.0250387745 0.2167554200
99400.0000000000 0.0247884410 0.2150298655
99500.0000000000 0.0247694065 0.2144141793
99600.0000000000 0.0337212002 1.2800469398
99700.0000000000 0.0251544499 0.2141811699
99800.0000000000 0.0247905985 0.2132506967
99900.0000000000 0.0246564626 0.2127492130
100000.0000000000 0.0231859713 1.8802448511
100100.0000000000 0.0247217922 0.2126672268
100200.0000000000 0.0245594351 0.2117647380
100300.0000000000 0.0245163292 0.2111621797
100400.0000000000 0.0243670642 0.2134421170
100500.0000000000 0.0273715813 0.2209380716
100600.0000000000 0.0244921427 0.2099459618
100700.0000000000 0.0535192556 0.3807035983
100800.0000000000 0.0365801076 3.6469097137
100900.0000000000 0.0244020540 0.2087649554
101000.0000000000 0.0259504976 1.0742577314
101100.0000000000 0.0242635580 0.2079877853
101200.0000000000 0.1771849107 37.8677253723
101300.0000000000 0.0244500718 0.2083694190
101400.0000000000 0.0250979655 0.2563380897
101500.0000000000 0.0243377053 0.2063710392
101600.0000000000 0.0242552484 0.2058803886
101700.0000000000 0.0308961109 0.2935521603
101800.0000000000 0.0242937944 0.2054070979
101900.0000000000 0.0348742345 0.7030391693
102000.0000000000 0.0241475952 0.2050120533
102100.0000000000 0.0241393054 0.2041826993
102200.0000000000 0.0444880732 5.1253099442
102300.0000000000 0.0743475972 18.0385112762
102400.0000000000 0.0242983245 0.2091930658
102500.0000000000 0.0238577823 0.3045952916
102600.0000000000 0.0239140431 0.2024720311
102700.0000000000 0.0258748103 0.2603607178
102800.0000000000 0.0240747162 0.2016934901
102900.0000000000 0.0489335473 2.0847578049
103000.0000000000 0.0239976868 0.2014661431
103100.0000000000 0.0239411948 0.2005825788
103200.0000000000 0.0226149686 0.2580930889
103300.0000000000 0.0228459244 0.2729335427
103400.0000000000 0.0709535425 40.4490203857
103500.0000000000 0.0245149660 0.2022360563
103600.0000000000 0.0250177505 0.4811157882
103700.0000000000 0.0237709420 0.1989077777
103800.0000000000 0.0741173258 1.2482078075
103900.0000000000 0.0235853252 0.1985072345
104000.0000000000 0.0288406405 0.5270999074
104100.0000000000 0.0239160759 0.1978684217
104200.0000000000 0.0236854212 0.1971043944
104300.0000000000 0.0419288250 1.0704950094
104400.0000000000 0.0235950477 0.1968376487
104500.0000000000 0.0236300651 0.1962137371
104600.0000000000 0.1748263047 64.7862625122
104700.0000000000 0.0240407395 0.1991848350
104800.0000000000 0.0236833076 0.1954908669
104900.0000000000 0.0236067392 0.1949854195
105000.0000000000 0.0241462288 4.4848451614
105100.0000000000 0.0234644652 0.1943669617
105200.0000000000 0.0234909930 0.1938277781
105300.0000000000 0.0224206932 0.2030877620
105400.0000000000 0.0234026777 0.1931111664
105500.0000000000 0.0233895986 0.1926477402
105600.0000000000 0.0234917044 0.2055464685
105700.0000000000 0.0261820530 1.5501928329
105800.0000000000 0.0241566145 0.1929775923
105900.0000000000 0.0233554007 0.1911814511
106000.0000000000 0.0657568607 0.5231652856
106100.0000000000 0.0233770417 0.1906407923
106200.0000000000 0.0240923299 0.2227094620
106300.0000000000 0.0225046243 0.1954410523
106400.0000000000 0.0232527697 0.1898261011
106500.0000000000 0.0306301716 0.2364726961
106600.0000000000 0.0226550080 0.1969230920
106700.0000000000 0.0231167307 0.1929606944
106800.0000000000 0.0218400306 0.2043090463
106900.0000000000 0.0232332147 0.1890244633
107000.0000000000 0.0258841927 0.1995807588
107100.0000000000 0.0231541616 0.1872419268
107200.0000000000 0.0230000117 0.6988856196
107300.0000000000 0.0266263858 2.4800531864
107400.0000000000 0.0228890134 0.1873188317
107500.0000000000 0.0274994479 2.3675072193
107600.0000000000 0.0237607054 0.2349792570
107700.0000000000 0.0220912201 0.1954296678
107800.0000000000 0.0223371231 0.2216910273
107900.0000000000 0.0223001938 0.1872583926
108000.0000000000 0.1262212648 47.3751296997
108100.0000000000 0.0233285207 0.1850523651
108200.0000000000 0.0741140252 3.2014293671
108300.0000000000 0.0227889119 0.1845695525
108400.0000000000 0.0228043550 0.1837489158
108500.0000000000 0.0217064818 0.2441227883
108600.0000000000 0.0227151356 0.1834270805
108700.0000000000 0.0322901584 0.4792787135
108800.0000000000 0.0226714500 0.1826399416
108900.0000000000 0.0226565596 0.1849843562
109000.0000000000 0.0223291177 0.1896425933
109100.0000000000 0.0226981906 0.1818742752
109200.0000000000 0.0226123153 0.1815068722
109300.0000000000 0.2068235557 100.8041076660
109400.0000000000 0.0226230678 0.1831869036
109500.0000000000 0.0226980869 0.1810190231
109600.0000000000 0.0226140921 0.1806216538
109700.0000000000 0.0225213237 0.1802965105
109800.0000000000 0.0282571756 0.1979623586
109900.0000000000 0.0226102997 0.1798310429
110000.0000000000 0.0225204106 0.1794230640
110100.0000000000 0.0224731121 0.1790638715
110200.0000000000 0.0224278535 0.1786878556
110300.0000000000 0.0370269613 9.3790645599
110400.0000000000 0.0217886291 0.9565624595
110500.0000000000 0.0219658194 0.1804824471
110600.0000000000 0.0223792382 0.1774589866
110700.0000000000 0.1185699622 18.2253322601
110800.0000000000 0.0221473023 0.1777341664
110900.0000000000 0.0499693364 1.1730329990
111000.0000000000 0.0223800600 0.1766421795
111100.0000000000 0.0220110945 0.1795774996
111200.0000000000 0.0222504168 0.1756768823
111300.0000000000 0.0640313360 19.1988105774
111400.0000000000 0.0222353586 0.1752886325
111500.0000000000 0.0221566141 0.1748760343
111600.0000000000 0.0789400616 13.1890230179
111700.0000000000 0.0218117004 0.1749713719
111800.0000000000 0.0221179568 0.1741878986
111900.0000000000 0.0643803822 4.9242992401
112000.0000000000 0.0220366859 0.1738973409
112100.0000000000 0.0270296384 0.2288284451
112200.0000000000 0.0221938628 0.1729637533
112300.0000000000 0.0220637962 0.1726319790
112400.0000000000 0.0225923868 0.2975268066
112500.0000000000 0.0223533749 0.1935917586
112600.0000000000 0.0597329030 6.1708178520
112700.0000000000 0.0218827269 0.1723952442
112800.0000000000 0.0218322588 0.1715097725
112900.0000000000 0.1455109701 8.3961229324
113000.0000000000 0.0220972589 0.1714123935
113100.0000000000 0.0306131112 6.1794629097
113200.0000000000 0.0221215851 0.1715686768
113300.0000000000 0.0218290412 0.1702641845
113400.0000000000 0.0604801048 10.6263742447
113500.0000000000 0.0218527631 0.1702917218
113600.0000000000 0.0217066303 0.1695451289
113700.0000000000 0.0585144380 0.5605334640
113800.0000000000 0.0232260505 0.1727521867
113900.0000000000 0.0217235010 0.1689684838
114000.0000000000 0.0216702912 0.1686676443
114100.0000000000 0.0216796061 0.1683906168
114200.0000000000 0.0202193894 0.1922408789
114300.0000000000 0.0215953866 0.1681679487
114400.0000000000 0.0215490480 0.1677922010
114500.0000000000 0.0697104733 0.8896862864
114600.0000000000 0.0216649050 0.1674716175
114700.0000000000 0.0215184938 0.1671365350
114800.0000000000 0.0368236568 36.2783012390
114900.0000000000 0.0218536336 0.1667338312
115000.0000000000 0.0215767806 0.1662611663
115100.0000000000 0.0215127468 0.1659875959
115200.0000000000 0.0214659965 0.1657217592
115300.0000000000 0.0214369852 0.1654335409
115400.0000000000 0.0218080451 0.2164541185
115500.0000000000 0.0217577683 0.1693639308
115600.0000000000 0.0491842247 12.1916503906
115700.0000000000 0.0208584570 0.1652360857
115800.0000000000 0.0267746676 1.3360208273
115900.0000000000 0.0215085010 0.1644882411
116000.0000000000 0.0231063343 0.9176164269
116100.0000000000 0.0211518392 0.1637443751
116200.0000000000 0.0219105515 0.1737028658
116300.0000000000 0.0420577850 7.9263267517
116400.0000000000 0.0211227122 0.1634590477
116500.0000000000 0.0211436405 0.1624416709
116600.0000000000 0.0216248072 0.4001752436
116700.0000000000 0.0213047280 0.1621964276
116800.0000000000 0.0211687388 0.1618075967
116900.0000000000 0.1525857865 2.4563717842
117000.0000000000 0.0205560118 0.1622914523
117100.0000000000 0.0210365633 0.1611064672
117200.0000000000 0.0209935657 0.1608386785
117300.0000000000 0.0238628562 1.3302991390
117400.0000000000 0.0210993277 0.1605044454
117500.0000000000 0.0209390782 0.1602339745
117600.0000000000 0.0209066939 0.1599608511
117700.0000000000 0.0198239268 0.2864582837
117800.0000000000 0.0209749001 0.1593757719
117900.0000000000 0.0209247157 0.1591296643
118000.0000000000 0.0214848557 0.2814004123
118100.0000000000 0.0208305283 0.1589692980
118200.0000000000 0.0207801864 0.1586624235
118300.0000000000 0.0309426982 10.6052656174
118400.0000000000 0.0209217863 0.1585115790
118500.0000000000 0.0207940647 0.1580223590
118600.0000000000 0.0207435130 0.1577501297
118700.0000000000 0.0697152719 1.6964390278
118800.0000000000 0.0209479630 0.1581348330
118900.0000000000 0.0207693871 0.1572054327
119000.0000000000 0.0207410557 0.1569530666
119100.0000000000 0.0207149468 0.1567422003
119200.0000000000 0.0222619804 0.1600088328
119300.0000000000 0.0206811532 0.1564822197
119400.0000000000 0.0206353044 0.1562333405
119500.0000000000 0.0206046517 0.1559685320
119600.0000000000 0.0193868558 0.1827372462
119700.0000000000 0.0205845402 0.1555920690
119800.0000000000 0.0205247935 0.1553106010
119900.0000000000 0.0203007130 0.3448231816
120000.0000000000 0.0205514854 0.1550644785
120100.0000000000 0.0204805840 0.1548122764
120200.0000000000 0.0204492741 0.1545476764
120300.0000000000 0.0204270000 0.1542692035
120400.0000000000 0.0203722725 0.1540040970
120500.0000000000 0.0203718792 0.1614917517
120600.0000000000 0.0205283175 0.1535103619
120700.0000000000 0.0204595469 0.1533007026
120800.0000000000 0.0204384787 0.1531006247
120900.0000000000 0.0690830898 12.1806068420
121000.0000000000 0.0203754443 0.1528816372
121100.0000000000 0.0204652131 0.4025646448
121200.0000000000 0.0202508984 0.1525281966
121300.0000000000 0.0203975378 0.1521380246
121400.0000000000 0.0196017620 0.1583307981
121500.0000000000 0.0201715066 0.1890007704
121600.0000000000 0.0199594076 0.1544334441
121700.0000000000 0.0201581471 0.1512616724
121800.0000000000 0.0529940866 2.4907677174
121900.0000000000 0.0203471155 0.1507294029
122000.0000000000 0.0201739298 0.1504589021
122100.0000000000 0.0423409266 0.5467318296
122200.0000000000 0.0200806886 0.1501401663
122300.0000000000 0.0200667890 0.1499082148
122400.0000000000 0.0193124806 0.2216138542
122500.0000000000 0.0200786027 0.1497463882
122600.0000000000 0.0199834941 0.1494975984
122700.0000000000 0.0199631226 0.1492351890
122800.0000000000 0.0251334119 0.2775506973
122900.0000000000 0.0201065036 0.1492490172
123000.0000000000 0.0200352554 0.1488804072
123100.0000000000 0.0200093096 0.1486644298
123200.0000000000 0.0199841472 0.1484550238
123300.0000000000 0.0203473795 0.1493413746
123400.0000000000 0.0217306268 0.1522041857
123500.0000000000 0.0199430078 0.1478749663
123600.0000000000 0.0198915229 0.1476494968
123700.0000000000 0.0198572073 0.1474131793
123800.0000000000 0.0300333834 0.5375149250
123900.0000000000 0.0198235935 0.1471292228
124000.0000000000 0.0197407002 0.1468829364
124100.0000000000 0.0211795712 0.2504079640
124200.0000000000 0.0197804394 0.1462922245
124300.0000000000 0.0385349894 0.4774595499
124400.0000000000 0.0692397421 4.6679873466
124500.0000000000 0.0195829401 0.1459072977
124600.0000000000 0.0206956784 0.1502586752
124700.0000000000 0.0526936016 1.3976641893
124800.0000000000 0.0193722323 0.1457206011
124900.0000000000 0.0189783406 0.2497624308
125000.0000000000 0.0196286517 0.1450687796
125100.0000000000 0.0195837772 0.1448125094
125200.0000000000 0.0195541429 0.1445746571
125300.0000000000 0.0195363221 0.1443377286
125400.0000000000 0.0422767451 5.1831889153
125500.0000000000 0.0197583542 0.1440523714
125600.0000000000 0.0194829460 0.1437108666
125700.0000000000 0.0194629037 0.1435412765
125800.0000000000 0.0186945085 0.1609427184
125900.0000000000 0.0193595161 0.1446746886
126000.0000000000 0.0193996753 0.1431269944
126100.0000000000 0.0193580595 0.1428945661
126200.0000000000 0.1751259815 42.1333885193
126300.0000000000 0.0195979138 0.1444703043
126400.0000000000 0.0193974000 0.1422880292
126500.0000000000 0.0193722367 0.1420740336
126600.0000000000 0.0193450463 0.1418787241
126700.0000000000 0.0188774955 0.2108726054
126800.0000000000 0.0189190554 0.1465421766
126900.0000000000 0.0560071029 6.8843927383
127000.0000000000 0.0194450145 0.1414407641
127100.0000000000 0.0332812351 1.1827657223
127200.0000000000 0.0191639978 0.1410125494
127300.0000000000 0.0208217909 0.2411134243
127400.0000000000 0.0186227269 0.1421689838
127500.0000000000 0.0197552109 0.1526462585
127600.0000000000 0.0191403733 0.1402194351
127700.0000000000 0.0191155335 0.1399568766
127800.0000000000 0.0699427525 1.3682290316
127900.0000000000 0.0190872330 0.1398484707
128000.0000000000 0.0191391332 0.1393758804
128100.0000000000 0.0191057973 0.1392256916
128200.0000000000 0.0190754121 0.1390596032
128300.0000000000 0.0190818111 0.1389502734
128400.0000000000 0.0188621255 0.1437738091
128500.0000000000 0.0189985813 0.1386742592
128600.0000000000 0.0189548942 0.1384597868
128700.0000000000 0.0350466856 0.8544797897
128800.0000000000 0.0187135935 0.1394810677
128900.0000000000 0.0188630138 0.1379712522
129000.0000000000 0.0188682415 0.1377675086
129100.0000000000 0.0188607217 0.1375720203
129200.0000000000 0.0231020060 0.1540621966
129300.0000000000 0.0189257899 0.1370522827
129400.0000000000 0.0188553868 0.1369064301
129500.0000000000 0.0198693732 0.2880261540
129600.0000000000 0.0188753088 0.1368039697
129700.0000000000 0.0187990940 0.1366220564
129800.0000000000 0.0187651271 0.1364241689
129900.0000000000 0.0187493025 0.1362189800
130000.0000000000 0.0200981976 0.1561252773
130100.0000000000 0.0189633631 0.1361142695
130200.0000000000 0.0188068554 0.1358908862
130300.0000000000 0.0187478501 0.1357427239
130400.0000000000 0.0187174687 0.1355959028
130500.0000000000 0.0186915423 0.1354376376
130600.0000000000 0.0186736436 0.1352713108
130700.0000000000 0.0186520214 0.1350867003
130800.0000000000 0.0245684909 0.1902386397
130900.0000000000 0.0186215764 0.1348214746
131000.0000000000 0.0185797937 0.1346210092
131100.0000000000 0.0713836414 14.7147026062
131200.0000000000 0.0193869593 0.1345579326
131300.0000000000 0.0186096917 0.1340021044
131400.0000000000 0.0185465065 0.1338588297
131500.0000000000 0.0186143661 0.1340567321
131600.0000000000 0.0181149641 0.1345146745
131700.0000000000 0.0184737800 0.1335317940
131800.0000000000 0.0184510155 0.1333724707
131900.0000000000 0.0184509278 0.1331869662
132000.0000000000 0.0229369853 0.3894672990
132100.0000000000 0.0184560528 0.1328817755
132200.0000000000 0.0184027207 0.1326663047
132300.0000000000 0.0183865620 0.1325021982
132400.0000000000 0.0172466084 0.2059697509
132500.0000000000 0.0186170479 0.1340818703
132600.0000000000 0.0183366580 0.1319423765
132700.0000000000 0.0183200835 0.1317796111
132800.0000000000 0.0208815080 0.1412054151
132900.0000000000 0.0182847404 0.1316049099
133000.0000000000 0.0182576948 0.1314190924
133100.0000000000 0.0182447118 0.1312272549
133200.0000000000 0.0233922130 0.2643317282
133300.0000000000 0.0183102676 0.1309917867
133400.0000000000 0.0182685189 0.1307953745
133500.0000000000 0.0182652488 0.1306598037
133600.0000000000 0.0182407841 0.1305162162
133700.0000000000 0.0182401126 0.1303616166
133800.0000000000 0.0203065710 0.1471561044
133900.0000000000 0.0182039779 0.1301011592
134000.0000000000 0.0181646115 0.1299391240
134100.0000000000 0.0181400113 0.1297551841
134200.0000000000 0.0199527875 0.1381832808
134300.0000000000 0.0180457027 0.1295117885
134400.0000000000 0.0180356177 0.1293493658
134500.0000000000 0.0175561215 0.1370898336
134600.0000000000 0.0287974004 0.4727045000
134700.0000000000 0.0179402001 0.1288184673
134800.0000000000 0.0179891187 0.1286280602
134900.0000000000 0.0359582956 0.2325423062
135000.0000000000 0.0177663337 0.1312162131
135100.0000000000 0.0179885800 0.1282701641
135200.0000000000 0.0179463579 0.1281338632
135300.0000000000 0.0179221332 0.1279792786
135400.0000000000 0.0179033488 0.1278125793
135500.0000000000 0.0178818976 0.1276373863
135600.0000000000 0.0182777166 0.1632061601
135700.0000000000 0.0180340489 0.1274944991
135800.0000000000 0.0179372026 0.1273121834
135900.0000000000 0.0178916916 0.1271760762
136000.0000000000 0.0178658367 0.1270423084
136100.0000000000 0.0178452582 0.1268929988
136200.0000000000 0.0237294116 0.1895199567
136300.0000000000 0.0178144252 0.1266756803
136400.0000000000 0.0178005051 0.1265035421
136500.0000000000 0.0177781020 0.1263386309
136600.0000000000 0.0177568564 0.1261618435
136700.0000000000 0.0201196138 0.1346529424
136800.0000000000 0.0177597303 0.1257353723
136900.0000000000 0.0177253612 0.1256414205
137000.0000000000 0.0186253854 0.1285107583
137100.0000000000 0.0176508646 0.1253816038
137200.0000000000 0.0176368732 0.1252327412
137300.0000000000 0.0529245478 2.2602503300
137400.0000000000 0.0177245448 0.1252726167
137500.0000000000 0.0176164497 0.1248795390
137600.0000000000 0.0175980727 0.1247383058
137700.0000000000 0.0175735814 0.1245879233
137800.0000000000 0.0175517151 0.1244347841
137900.0000000000 0.0162254044 0.1313386410
138000.0000000000 0.0176677786 0.1242822707
138100.0000000000 0.0175921580 0.1241400614
138200.0000000000 0.0175675970 0.1240250021
138300.0000000000 0.0175474028 0.1239081770
138400.0000000000 0.0175291344 0.1237802133
138500.0000000000 0.0175069291 0.1236481071
138600.0000000000 0.0272963293 2.4154756069
138700.0000000000 0.0175625921 0.1237056777
138800.0000000000 0.0174352566 0.1232583970
138900.0000000000 0.0174168668 0.1231114864
139000.0000000000 0.0174039243 0.1229586005
139100.0000000000 0.0198182102 0.2471911162
139200.0000000000 0.0175637638 0.1792625636
139300.0000000000 0.0173342683 0.1228726655
139400.0000000000 0.0173298763 0.1223997474
139500.0000000000 0.0173219309 0.1222391799
139600.0000000000 0.0452346516 0.3011366427
139700.0000000000 0.0172667951 0.1219822466
139800.0000000000 0.0173036458 0.1218397841
139900.0000000000 0.0172861446 0.1217238754
140000.0000000000 0.0261965240 0.5306727290
140100.0000000000 0.0171804092 0.1216027439
140200.0000000000 0.0172583964 0.1214965805
140300.0000000000 0.0172342807 0.1213847026
140400.0000000000 0.0172217848 0.1212551370
140500.0000000000 0.0172049745 0.1211154163
140600.0000000000 0.0171892268 0.1209632978
140700.0000000000 0.0171734053 0.1208023652
140800.0000000000 0.0171588151 0.1206345931
140900.0000000000 0.0163415201 0.1330457479
141000.0000000000 0.0171506420 0.1202997863
141100.0000000000 0.0171166062 0.1201635301
141200.0000000000 0.0664573813 1.6025640965
141300.0000000000 0.0171627304 0.1201181635
141400.0000000000 0.0170850901 0.1198281050
141500.0000000000 0.0170543735 0.1197072417
141600.0000000000 0.0170386452 0.1195838153
141700.0000000000 0.0170252732 0.1194492877
141800.0000000000 0.0203983004 0.1904470772
141900.0000000000 0.0170185546 0.1193045750
142000.0000000000 0.0169852641 0.1191754118
142100.0000000000 0.0169637060 0.1190503314
142200.0000000000 0.0169488910 0.1189071089
142300.0000000000 0.0169352745 0.1187577993
142400.0000000000 0.0204164911 0.1703214645
142500.0000000000 0.0170586334 0.1184560657
142600.0000000000 0.0169562025 0.1183457375
142700.0000000000 0.0169199268 0.1182368994
142800.0000000000 0.0168964743 0.1181108057
142900.0000000000 0.0168887158 0.1179765090
143000.0000000000 0.1281811863 9.1987628937
143100.0000000000 0.0166395342 0.1188450977
143200.0000000000 0.0168125752 0.1175684705
143300.0000000000 0.0168025529 0.1174477190
143400.0000000000 0.0477325547 12.5097188950
143500.0000000000 0.0168546974 0.1176914945
143600.0000000000 0.0167495583 0.1172061861
143700.0000000000 0.0167213682 0.1170939803
143800.0000000000 0.0167148282 0.1169613302
143900.0000000000 0.0167071064 0.1168158874
144000.0000000000 0.0187716450 0.1623089314
144100.0000000000 0.0166776823 0.1164768934
144200.0000000000 0.0166759747 0.1163776442
144300.0000000000 0.0166708405 0.1162722632
144400.0000000000 0.1730258445 16.3693180084
144500.0000000000 0.0167378163 0.1160424575
144600.0000000000 0.0166548439 0.1158914343
144700.0000000000 0.0166295400 0.1157662645
144800.0000000000 0.0488296974 20.8328762054
144900.0000000000 0.0168614823 0.1165290773
145000.0000000000 0.0165602629 0.1155223846
145100.0000000000 0.0165600567 0.1154279783
145200.0000000000 0.0165533900 0.1153233275
145300.0000000000 0.0165461509 0.1152101308
145400.0000000000 0.0165368716 0.1150879338
145500.0000000000 0.0164894903 0.1149576381
145600.0000000000 0.0165888386 0.1153454110
145700.0000000000 0.0164933653 0.1146514118
145800.0000000000 0.0164728893 0.1145431399
145900.0000000000 0.0164551267 0.1144211292
146000.0000000000 0.0156105071 0.1580540091
146100.0000000000 0.0164827230 0.1141287014
146200.0000000000 0.0164390770 0.1140583605
146300.0000000000 0.0164261897 0.1139705032
146400.0000000000 0.0164090398 0.1138724685
146500.0000000000 0.0482516973 12.3006696701
146600.0000000000 0.0165569800 0.1138473302
146700.0000000000 0.0163404505 0.1135922596
146800.0000000000 0.0163187144 0.1134915352
146900.0000000000 0.0163187683 0.1133834720
147000.0000000000 0.0162914124 0.1132515296
147100.0000000000 0.0351796410 2.7367057800
147200.0000000000 0.0162948723 0.1130542532
147300.0000000000 0.0162730601 0.1128489673
147400.0000000000 0.0162648073 0.1127383560
147500.0000000000 0.0162575217 0.1126136184
147600.0000000000 0.0167480013 0.1660248488
147700.0000000000 0.0162313241 0.1124710664
147800.0000000000 0.0162138717 0.1123531908
147900.0000000000 0.0161942541 0.1122295707
148000.0000000000 0.0161718988 0.1121039838
148100.0000000000 0.0458899750 33.5724945068
148200.0000000000 0.0162956767 0.1124405712
148300.0000000000 0.0161595489 0.1116579622
148400.0000000000 0.0161488935 0.1115805134
148500.0000000000 0.0161369215 0.1114999056
148600.0000000000 0.0161235423 0.1114085242
148700.0000000000 0.0161087522 0.1113023236
148800.0000000000 0.0194202085 0.1220804453
148900.0000000000 0.0161098151 0.1111957133
149000.0000000000 0.0160669280 0.1110834479
149100.0000000000 0.0160524076 0.1109697297
149200.0000000000 0.0160372532 0.1108492613
149300.0000000000 0.0519382174 0.1922762990
149400.0000000000 0.0161309963 0.1108629405
149500.0000000000 0.0165061734 0.1164454371
149600.0000000000 0.0159649288 0.1103550494
149700.0000000000 0.0159561375 0.1102221459
149800.0000000000 0.0150256025 0.1345617026
149900.0000000000 0.0159740698 0.1099745706
150000.0000000000 0.0159400634 0.1098995283
150100.0000000000 0.0159274410 0.1098106354
150200.0000000000 0.0159118512 0.1097082123
150300.0000000000 0.0158954965 0.1096000373
150400.0000000000 0.0158725028 0.1094823405
150500.0000000000 0.0169659685 0.1118679047
150600.0000000000 0.0158939654 0.1093073189
150700.0000000000 0.0158478869 0.1092006341
150800.0000000000 0.0158331216 0.1090815365
150900.0000000000 0.0180714981 0.1296119243
151000.0000000000 0.0159061718 0.1089010611
151100.0000000000 0.0158103587 0.1087754890
151200.0000000000 0.0157876673 0.1086839065
151300.0000000000 0.0157706713 0.1085813567
151400.0000000000 0.0157649117 0.1084814742
151500.0000000000 0.0157487211 0.1083692312
151600.0000000000 0.0157317074 0.1082509235
151700.0000000000 0.0268223131 1.6039360762
151800.0000000000 0.0157387824 0.1081444994
151900.0000000000 0.0157108806 0.1079746857
152000.0000000000 0.0156879477 0.1078639179
152100.0000000000 0.0156816699 0.1077532545
152200.0000000000 0.0156622201 0.1076342463
152300.0000000000 0.0216554347 0.1537983119
152400.0000000000 0.0156501335 0.1073633283
152500.0000000000 0.0156358493 0.1072901338
152600.0000000000 0.0156267089 0.1072093919
152700.0000000000 0.0156112582 0.1071172133
152800.0000000000 0.0155995452 0.1070164442
152900.0000000000 0.0152667263 0.2839842439
153000.0000000000 0.0155408075 0.1068268642
153100.0000000000 0.0155443981 0.1067179441
153200.0000000000 0.0155405432 0.1066081598
153300.0000000000 0.1319498321 6.1018695831
153400.0000000000 0.0157540362 0.1066486165
153500.0000000000 0.0154517196 0.1063597575
153600.0000000000 0.0154435820 0.1062522456
153700.0000000000 0.0154533159 0.1061604321
153800.0000000000 0.0154538236 0.1060581729
153900.0000000000 0.0139114756 0.2795325816
154000.0000000000 0.0160437282 0.1064021066
154100.0000000000 0.0154552443 0.1058115736
154200.0000000000 0.0154272100 0.1057225466
154300.0000000000 0.0154044501 0.1056186259
154400.0000000000 0.0153935091 0.1055044234
154500.0000000000 0.0153818286 0.1053901464
154600.0000000000 0.0161151937 0.1694813371
154700.0000000000 0.0153783024 0.1051335856
154800.0000000000 0.0153740471 0.1050511897
154900.0000000000 0.0153567663 0.1049638912
155000.0000000000 0.0153430549 0.1048683524
155100.0000000000 0.0153265940 0.1047728062
155200.0000000000 0.0153124741 0.1046707630
155300.0000000000 0.0152865240 0.1045641303
155400.0000000000 0.0217167547 0.2001105845
155500.0000000000 0.0150353979 0.1046257094
155600.0000000000 0.0210512139 0.2088629603
155700.0000000000 0.0192200880 0.9854114056
155800.0000000000 0.0152046286 0.1042011455
155900.0000000000 0.0144841154 0.1072115675
156000.0000000000 0.0151810920 0.1068293899
156100.0000000000 0.0151264675 0.1038283035
156200.0000000000 0.0145377432 0.1060448065
156300.0000000000 0.0185641485 0.5995177031
156400.0000000000 0.0150282605 0.1035151109
156500.0000000000 0.0311232639 0.4499204159
156600.0000000000 0.0151712244 0.1033832058
156700.0000000000 0.0150867072 0.1031345129
156800.0000000000 0.0150009117 0.1030259132
156900.0000000000 0.0146220947 0.1048347056
157000.0000000000 0.0150700459 0.1028041020
157100.0000000000 0.0150432921 0.1027032286
157200.0000000000 0.0150372032 0.1025988907
157300.0000000000 0.0150105288 0.1024904251
157400.0000000000 0.0145248669 0.1665933728
157500.0000000000 0.0149697356 0.1023720801
157600.0000000000 0.0149474058 0.1022980958
157700.0000000000 0.0149503971 0.1022092998
157800.0000000000 0.0149501703 0.1021170095
157900.0000000000 0.0149489167 0.1020160615
158000.0000000000 0.0149368616 0.1019051522
158100.0000000000 0.0572049828 0.8893451691
158200.0000000000 0.0149231066 0.1017092466
158300.0000000000 0.0149358403 0.1015874296
158400.0000000000 0.0149056351 0.1015038937
158500.0000000000 0.0148896604 0.1014114618
158600.0000000000 0.0148738601 0.1013125107
158700.0000000000 0.0163161365 0.7068820000
158800.0000000000 0.0148578271 0.1010837182
158900.0000000000 0.0148485758 0.1010157764
159000.0000000000 0.0148262896 0.1009311303
159100.0000000000 0.0148105612 0.1008398980
159200.0000000000 0.0148008655 0.1007404700
159300.0000000000 0.0141035941 0.1079133749
159400.0000000000 0.0147797931 0.1005643606
159500.0000000000 0.0147535038 0.1005030498
159600.0000000000 0.0147409048 0.1004244611
159700.0000000000 0.0147246794 0.1003349498
159800.0000000000 0.0393053665 0.4377519786
159900.0000000000 0.0148498039 0.1002072468
160000.0000000000 0.0147292577 0.1001079753
160100.0000000000 0.0147031023 0.1000414714
160200.0000000000 0.0146936441 0.0999717712
160300.0000000000 0.0146899489 0.0999019220
160400.0000000000 0.0146807396 0.0998268872
160500.0000000000 0.0146734425 0.0997430757
160600.0000000000 0.0146624467 0.0996618420
160700.0000000000 0.0146573140 0.0995717198
160800.0000000000 0.0197636581 2.9159491062
160900.0000000000 0.0147371517 0.0996116772
161000.0000000000 0.0146396000 0.0992926210
161100.0000000000 0.0146250563 0.0992126614
161200.0000000000 0.0146112913 0.0991219655
161300.0000000000 0.0145947786 0.0990290344
161400.0000000000 0.0204609857 0.1493513584
161500.0000000000 0.0146009761 0.0988157243
161600.0000000000 0.0145787018 0.0987449437
161700.0000000000 0.0145679100 0.0986795798
161800.0000000000 0.0145568034 0.0986044481
161900.0000000000 0.0193884587 5.4792222977
162000.0000000000 0.0143880894 0.0985122249
162100.0000000000 0.0144978934 0.0983872935
162200.0000000000 0.0144886703 0.0983011052
162300.0000000000 0.0144801404 0.0982075259
162400.0000000000 0.0144795833 0.0981117040
162500.0000000000 0.0131545716 0.1071321964
162600.0000000000 0.0144375830 0.0978994146
162700.0000000000 0.0144426210 0.0978275761
162800.0000000000 0.0144243817 0.0977390632
162900.0000000000 0.0318649882 0.9045037627
163000.0000000000 0.0142957209 0.0976511911
163100.0000000000 0.0143828479 0.0975583643
163200.0000000000 0.0143763183 0.0974841118
163300.0000000000 0.0143665201 0.0974011421
163400.0000000000 0.0143574019 0.0973070115
163500.0000000000 0.0143412109 0.0972104371
163600.0000000000 0.0141725709 0.1603608429
163700.0000000000 0.0143207572 0.0969651416
163800.0000000000 0.0143308190 0.0969064236
163900.0000000000 0.0143171090 0.0968365669
164000.0000000000 0.0143094746 0.0967551842
164100.0000000000 0.0209414900 0.2024057657
164200.0000000000 0.0142986022 0.0965886787
164300.0000000000 0.0142930990 0.0964845568
164400.0000000000 0.0142841622 0.0963951573
164500.0000000000 0.0309097231 2.8640604019
164600.0000000000 0.0143229922 0.0963096991
164700.0000000000 0.0142345860 0.0961834863
164800.0000000000 0.0142147545 0.0961057544
164900.0000000000 0.0142130975 0.0960218757
165000.0000000000 0.0141998015 0.0959278494
165100.0000000000 0.0141872253 0.0958417952
165200.0000000000 0.0141781503 0.0957528651
165300.0000000000 0.0909381364 7.1819686890
165400.0000000000 0.0139081621 0.0959261283
165500.0000000000 0.0141554186 0.0954727530
165600.0000000000 0.0141449342 0.0954170227
165700.0000000000 0.0141290906 0.0953480899
165800.0000000000 0.0141253468 0.0952752009
165900.0000000000 0.0141105047 0.0951933712
166000.0000000000 0.0140988708 0.0951057598
166100.0000000000 0.0194239774 0.1140211374
166200.0000000000 0.0140458130 0.0949863791
166300.0000000000 0.0140385584 0.0949042886
166400.0000000000 0.0140438326 0.0948326290
166500.0000000000 0.0140415952 0.0947552398
166600.0000000000 0.0140242387 0.0946788937
166700.0000000000 0.0140363636 0.0945891961
166800.0000000000 0.0268575734 0.1710723042
166900.0000000000 0.0140325055 0.0944122672
167000.0000000000 0.0139987327 0.0943283439
167100.0000000000 0.0139898577 0.0942551941
167200.0000000000 0.0139765571 0.0941656083
167300.0000000000 0.0613522592 1.3064777851
167400.0000000000 0.0138963337 0.0939546749
167500.0000000000 0.0139505316 0.0938908458
167600.0000000000 0.0139364098 0.0938137993
167700.0000000000 0.0139167186 0.0937318578
167800.0000000000 0.0181877669 0.1052423269
167900.0000000000 0.0139046652 0.0935340896
168000.0000000000 0.0138901097 0.0934797898
168100.0000000000 0.0138795854 0.0934260711
168200.0000000000 0.0138750677 0.0933614895
168300.0000000000 0.0138699769 0.0932956710
168400.0000000000 0.0136089294 0.0944864452
168500.0000000000 0.0138502985 0.0932072029
168600.0000000000 0.0138382331 0.0931497589
168700.0000000000 0.0138326442 0.0930815041
168800.0000000000 0.0138225280 0.0930060148
168900.0000000000 0.0138143226 0.0929189101
169000.0000000000 0.0137939744 0.0928351730
169100.0000000000 0.0460027316 0.2082610726
169200.0000000000 0.0137006492 0.0926878527
169300.0000000000 0.0132003233 0.1043636426
169400.0000000000 0.0137381767 0.0924460217
169500.0000000000 0.0137631423 0.0923628658
169600.0000000000 0.0371710624 0.5235502124
169700.0000000000 0.0136195858 0.0922605693
169800.0000000000 0.0137278378 0.0921281800
169900.0000000000 0.0137164864 0.0920572430
170000.0000000000 0.0137109000 0.0919819027
170100.0000000000 0.0137008495 0.0919117108
170200.0000000000 0.0136866769 0.0918352902
170300.0000000000 0.0505195843 15.4608545303
170400.0000000000 0.0130943647 0.0919159427
170500.0000000000 0.0136480632 0.0916545689
170600.0000000000 0.0136283678 0.0915859193
170700.0000000000 0.0136212546 0.0915039033
170800.0000000000 0.0136197832 0.0914246216
170900.0000000000 0.0274196368 4.4956040382
171000.0000000000 0.0133875989 0.0912643671
171100.0000000000 0.0135858832 0.0911467522
171200.0000000000 0.0135835296 0.0910770297
171300.0000000000 0.0135725967 0.0909982026
171400.0000000000 0.0135047421 0.0909152105
171500.0000000000 0.0123222748 0.0949077383
171600.0000000000 0.0135504768 0.0907445326
171700.0000000000 0.0135358491 0.0906745419
171800.0000000000 0.0135252162 0.0906012878
171900.0000000000 0.0135334266 0.0905249864
172000.0000000000 0.0138550853 0.0942878053
172100.0000000000 0.0134640281 0.0904320851
172200.0000000000 0.0134532435 0.0903694108
172300.0000000000 0.0134574399 0.0903031603
172400.0000000000 0.0134559412 0.0902275443
172500.0000000000 0.0134481172 0.0901493430
172600.0000000000 0.0134514429 0.0900649205
172700.0000000000 0.0169564672 0.8689855933
172800.0000000000 0.0134372536 0.0898965523
172900.0000000000 0.0134221637 0.0898317471
173000.0000000000 0.0134099889 0.0897692963
173100.0000000000 0.0134065125 0.0897001177
173200.0000000000 0.0133921102 0.0896269232
173300.0000000000 0.0126809638 0.1192523092
173400.0000000000 0.0134745767 0.0897145271
173500.0000000000 0.0133730319 0.0893877894
173600.0000000000 0.0133556699 0.0893249363
173700.0000000000 0.0133374931 0.0892556012
173800.0000000000 0.0133438312 0.0891810432
173900.0000000000 0.0132806463 0.0891026631
174000.0000000000 0.0134350127 0.0953236148
174100.0000000000 0.0132748123 0.0889986977
174200.0000000000 0.0132611280 0.0889363810
174300.0000000000 0.0132637089 0.0888707042
174400.0000000000 0.0132569409 0.0888098478
174500.0000000000 0.0132602978 0.0887371302
174600.0000000000 0.0132698253 0.0886638239
174700.0000000000 0.0125710771 0.1359765232
174800.0000000000 0.0133046538 0.0884668157
174900.0000000000 0.0132304488 0.0884178430
175000.0000000000 0.0132217685 0.0883645192
175100.0000000000 0.0132140386 0.0883061513
175200.0000000000 0.0132062385 0.0882457495
175300.0000000000 0.0131961278 0.0881775990
175400.0000000000 0.0131904596 0.0881050825
175500.0000000000 0.0195441567 0.3077509701
175600.0000000000 0.0131462504 0.0879399106
175700.0000000000 0.0131578936 0.0878795609
175800.0000000000 0.0131411821 0.0878102407
175900.0000000000 0.0131406644 0.0877393857
176000.0000000000 0.0130969063 0.1685354412
176100.0000000000 0.0132818114 0.0882027224
176200.0000000000 0.0130750431 0.0875630528
176300.0000000000 0.0130769111 0.0875027478
176400.0000000000 0.0130800617 0.0874411538
176500.0000000000 0.0130799080 0.0873748958
176600.0000000000 0.0130729731 0.0873067454
176700.0000000000 0.0130509588 0.0872333869
176800.0000000000 0.0120020968 0.1133022830
176900.0000000000 0.0131151068 0.0871027932
177000.0000000000 0.0130674308 0.0870363563
177100.0000000000 0.0130492112 0.0869679153
177200.0000000000 0.0130376536 0.0868963599
177300.0000000000 0.0130262247 0.0868226960
177400.0000000000 0.0132275484 0.2193452418
177500.0000000000 0.0130918403 0.0868885890
177600.0000000000 0.0129695715 0.0865779296
177700.0000000000 0.0129646546 0.0865100920
177800.0000000000 0.0129373850 0.0864397585
177900.0000000000 0.0120558820 0.1045463160
178000.0000000000 0.0129048796 0.0863273516
178100.0000000000 0.0129167290 0.0862712935
178200.0000000000 0.0129171565 0.0862167552
178300.0000000000 0.0129092044 0.0861521289
178400.0000000000 0.0128997429 0.0860810280
178500.0000000000 0.0127337824 0.0872065872
178600.0000000000 0.0129234069 0.0868916139
178700.0000000000 0.0128774170 0.0858566612
178800.0000000000 0.0128754654 0.0858097598
178900.0000000000 0.0128745238 0.0857535377
179000.0000000000 0.0128624383 0.0856956765
179100.0000000000 0.0128539782 0.0856331810
179200.0000000000 0.0128484363 0.0855596140
179300.0000000000 0.0157509392 0.0902745202
179400.0000000000 0.0128012837 0.0854768530
179500.0000000000 0.0127995285 0.0854259506
179600.0000000000 0.0127962517 0.0853707120
179700.0000000000 0.0127937744 0.0853097215
179800.0000000000 0.0127798735 0.0852473453
179900.0000000000 0.0127770515 0.0851751566
180000.0000000000 0.0151071367 0.3679431379
180100.0000000000 0.0127965508 0.0850090757
180200.0000000000 0.0127673843 0.0849760771
180300.0000000000 0.0127581606 0.0849448666
180400.0000000000 0.0127537579 0.0849032551
180500.0000000000 0.0127457645 0.0848562419
180600.0000000000 0.0127437250 0.0848040432
180700.0000000000 0.0127395159 0.0847472548
180800.0000000000 0.0127313556 0.0846876726
180900.0000000000 0.0127127540 0.0846197456
181000.0000000000 0.0126755555 0.0845526308
181100.0000000000 0.0169123302 0.1461276263
181200.0000000000 0.0127037879 0.0844354406
181300.0000000000 0.0126756912 0.0843829736
181400.0000000000 0.0126701255 0.0843315870
181500.0000000000 0.0126636862 0.0842790231
181600.0000000000 0.0126501815 0.0842132196
181700.0000000000 0.0126426172 0.0841441303
181800.0000000000 0.0279425077 1.1190354824
181900.0000000000 0.0128262799 0.0840055272
182000.0000000000 0.0126260991 0.0839335397
182100.0000000000 0.0126210627 0.0838806778
182200.0000000000 0.0126149915 0.0838207528
182300.0000000000 0.0126078548 0.0837601423
182400.0000000000 0.0125958734 0.0836989358
182500.0000000000 0.0205962452 0.7824680805
182600.0000000000 0.0128782744 0.0836707130
182700.0000000000 0.0125723227 0.0835577101
182800.0000000000 0.0125516769 0.0835056677
182900.0000000000 0.0125463725 0.0834493414
183000.0000000000 0.0125370362 0.0833853707
183100.0000000000 0.0125391315 0.0833182037
183200.0000000000 0.0125244908 0.0832466334
183300.0000000000 0.0208477491 0.3156613708
183400.0000000000 0.0125174146 0.0830473676
183500.0000000000 0.0124989314 0.0830348954
183600.0000000000 0.0125022207 0.0829998702
183700.0000000000 0.0125009372 0.0829596668
183800.0000000000 0.0124985048 0.0829117820
183900.0000000000 0.0124987978 0.0828580856
184000.0000000000 0.0114562320 0.1772205830
184100.0000000000 0.0124500467 0.0827495530
184200.0000000000 0.0124652693 0.0826836750
184300.0000000000 0.0124627280 0.0826174989
184400.0000000000 0.0124289485 0.0825470462
184500.0000000000 0.0125627289 0.0854364932
184600.0000000000 0.0124454001 0.0824685618
184700.0000000000 0.0124250389 0.0824052989
184800.0000000000 0.0124169903 0.0823341906
184900.0000000000 0.0124032998 0.0822666138
185000.0000000000 0.0123939215 0.0821913108
185100.0000000000 0.0123857483 0.0821243301
185200.0000000000 0.0123583666 0.0820572525
185300.0000000000 0.0114779645 0.0930205137
185400.0000000000 0.0123189199 0.0819505751
185500.0000000000 0.0123288997 0.0818984807
185600.0000000000 0.0123267468 0.0818486288
185700.0000000000 0.0123231712 0.0817960277
185800.0000000000 0.0123255152 0.0817428604
185900.0000000000 0.0123253628 0.0816792026
186000.0000000000 0.0123158399 0.0816179290
186100.0000000000 0.0126662959 0.0816122293
186200.0000000000 0.0125713540 0.0817186311
186300.0000000000 0.0122779452 0.0814469978
186400.0000000000 0.0122594377 0.0813975036
186500.0000000000 0.0122549607 0.0813413486
186600.0000000000 0.0122433852 0.0812775195
186700.0000000000 0.0122351984 0.0812138990
186800.0000000000 0.0126391083 0.0863530114
186900.0000000000 0.0122317817 0.0810856521
187000.0000000000 0.0122264039 0.0810399577
187100.0000000000 0.0122185097 0.0809849650
187200.0000000000 0.0122082526 0.0809325948
187300.0000000000 0.0122073804 0.0808736980
187400.0000000000 0.0122001564 0.0808115155
187500.0000000000 0.0121858128 0.0807476416
187600.0000000000 0.0131955958 0.0920447409
187700.0000000000 0.0121589035 0.0806696489
187800.0000000000 0.0121699040 0.0806227028
187900.0000000000 0.0121628558 0.0805757716
188000.0000000000 0.0121453831 0.0805226043
188100.0000000000 0.0121423569 0.0804651976
188200.0000000000 0.0121353002 0.0804067403
188300.0000000000 0.0121290027 0.0803450346
188400.0000000000 0.0816159974 0.6384766102
188500.0000000000 0.0121553561 0.0801868886
188600.0000000000 0.0120958957 0.0801155567
188700.0000000000 0.0121016814 0.0800868943
188800.0000000000 0.0120995156 0.0800570399
188900.0000000000 0.0121053974 0.0800176412
189000.0000000000 0.0120963700 0.0799730793
189100.0000000000 0.0120947291 0.0799222365
189200.0000000000 0.0139916085 0.2352476567
189300.0000000000 0.0120436725 0.0798337609
189400.0000000000 0.0120759052 0.0797889829
189500.0000000000 0.0120556822 0.0797353908
189600.0000000000 0.0120509911 0.0796773657
189700.0000000000 0.0120416923 0.0796185434
189800.0000000000 0.0120218563 0.0795512497
189900.0000000000 0.0119897349 0.0794882625
190000.0000000000 0.0126541106 0.1122181863
190100.0000000000 0.0120435158 0.0793789327
190200.0000000000 0.0119805252 0.0793308318
190300.0000000000 0.0119777179 0.0792820081
190400.0000000000 0.0119705875 0.0792326257
190500.0000000000 0.0119711252 0.0791816041
190600.0000000000 0.0119681442 0.0791265219
190700.0000000000 0.0119581583 0.0790631622
190800.0000000000 0.0107879104 0.1410965621
190900.0000000000 0.0119515954 0.0789355561
191000.0000000000 0.0119397457 0.0788883269
191100.0000000000 0.0119412372 0.0788373277
191200.0000000000 0.0119248706 0.0787885934
191300.0000000000 0.0119229903 0.0787348226
191400.0000000000 0.0119130163 0.0786710083
191500.0000000000 0.0111062253 0.0970066413
191600.0000000000 0.0118812962 0.0785639957
191700.0000000000 0.0118710257 0.0785171241
191800.0000000000 0.0118733408 0.0784749836
191900.0000000000 0.0118693585 0.0784339011
192000.0000000000 0.0118676554 0.0783848912
192100.0000000000 0.0118645874 0.0783299133
192200.0000000000 0.0196351020 1.4165267944
192300.0000000000 0.0119375352 0.0782980174
192400.0000000000 0.0118449398 0.0782106966
192500.0000000000 0.0118358999 0.0781736374
192600.0000000000 0.0118231483 0.0781292021
192700.0000000000 0.0118189395 0.0780786574
192800.0000000000 0.0118097366 0.0780325681
192900.0000000000 0.0118033544 0.0779743791
193000.0000000000 0.0118001692 0.0779180303
193100.0000000000 0.0117624700 0.0778589547
193200.0000000000 0.0122124991 0.0795222670
193300.0000000000 0.0117788344 0.0777322873
193400.0000000000 0.0117815174 0.0776869431
193500.0000000000 0.0117741161 0.0776421353
193600.0000000000 0.0117653097 0.0775910839
193700.0000000000 0.0117588529 0.0775340348
193800.0000000000 0.0117340244 0.0775126219
193900.0000000000 0.0115236284 0.0779533833
194000.0000000000 0.0117210142 0.0773938224
194100.0000000000 0.0117090827 0.0773511678
194200.0000000000 0.0117047200 0.0773053691
194300.0000000000 0.0117044907 0.0772585645
194400.0000000000 0.0117035112 0.0772058442
194500.0000000000 0.0116935146 0.0771497190
194600.0000000000 0.0116800586 0.0770891160
194700.0000000000 0.0163191741 0.2114962190
194800.0000000000 0.0116670919 0.0769514292
194900.0000000000 0.0116646189 0.0769204199
195000.0000000000 0.0116597522 0.0768908784
195100.0000000000 0.0116612401 0.0768577531
195200.0000000000 0.0116552906 0.0768242925
195300.0000000000 0.0116568867 0.0767855719
195400.0000000000 0.0116458686 0.0767376721
195500.0000000000 0.0116449744 0.0766934678
195600.0000000000 0.0116384644 0.0766399577
195700.0000000000 0.0115139856 0.0765896812
195800.0000000000 0.0117034938 0.0767715648
195900.0000000000 0.0116317696 0.0765054971
196000.0000000000 0.0116216804 0.0764552429
196100.0000000000 0.0116073704 0.0764061734
196200.0000000000 0.0115911262 0.0763522983
196300.0000000000 0.0115924983 0.0762947351
196400.0000000000 0.0115988388 0.0762321055
196500.0000000000 0.0117874954 0.0832168013
196600.0000000000 0.0115481086 0.0761369318
196700.0000000000 0.0115352379 0.0760928392
196800.0000000000 0.0115365812 0.0760474503
196900.0000000000 0.0115360553 0.0759947672
197000.0000000000 0.0115265140 0.0759469569
197100.0000000000 0.0115261934 0.0758887976
197200.0000000000 0.0115033803 0.0758410320
197300.0000000000 0.0116145567 0.0759079754
197400.0000000000 0.0115030578 0.0757182464
197500.0000000000 0.0114920538 0.0756884366
197600.0000000000 0.0114858779 0.0756509751
197700.0000000000 0.0114801191 0.0756120756
197800.0000000000 0.0114729662 0.0755629316
197900.0000000000 0.0114663125 0.0755126551
198000.0000000000 0.0103147944 0.0886197835
198100.0000000000 0.0114377924 0.0754149407
198200.0000000000 0.0114290391 0.0753697008
198300.0000000000 0.0114280965 0.0753167793
198400.0000000000 0.0114228145 0.0752654448
198500.0000000000 0.0114180948 0.0752098411
198600.0000000000 0.0113861449 0.0751535743
198700.0000000000 0.0109215597 0.0771482363
198800.0000000000 0.0114040923 0.0750496015
198900.0000000000 0.0114022354 0.0750064924
199000.0000000000 0.0113987348 0.0749605447
199100.0000000000 0.0113885663 0.0749156103
199200.0000000000 0.0113791412 0.0748602003
199300.0000000000 0.0113674327 0.0748020038
199400.0000000000 0.0173818010 2.4465532303
199500.0000000000 0.0112036341 0.0748168379
199600.0000000000 0.0113274853 0.0746926591
199700.0000000000 0.0113213108 0.0746593624
199800.0000000000 0.0113234325 0.0746192411
199900.0000000000 0.0113199613 0.0745779276
200000.0000000000 0.0113177714 0.0745372698
200100.0000000000 0.0113144686 0.0744911358
200200.0000000000 0.0113102862 0.0744477361
200300.0000000000 0.0113082085 0.0744017810
200400.0000000000 0.0112997730 0.0743502378
200500.0000000000 0.0112970768 0.0742975846
200600.0000000000 0.0112844703 0.0742416680
200700.0000000000 0.0122953797 0.1420540661
200800.0000000000 0.0112998784 0.0741464049
200900.0000000000 0.0112727398 0.0741035938
201000.0000000000 0.0112757573 0.0740635693
201100.0000000000 0.0112653256 0.0740227476
201200.0000000000 0.0112622062 0.0739788413
201300.0000000000 0.0112526904 0.0739297271
201400.0000000000 0.0112381646 0.0738780946
201500.0000000000 0.0112124480 0.0738239437
201600.0000000000 0.0397785385 0.2709138989
201700.0000000000 0.0113084121 0.0737285390
201800.0000000000 0.0111867497 0.0736712068
201900.0000000000 0.0111886494 0.0736317709
202000.0000000000 0.0111934692 0.0735916868
202100.0000000000 0.0111877517 0.0735475123
202200.0000000000 0.0111798649 0.0734999031
202300.0000000000 0.0111899260 0.0734496340
202400.0000000000 0.0112362151 0.0754320249
202500.0000000000 0.0111594595 0.0733743533
202600.0000000000 0.0111536343 0.0733307824
202700.0000000000 0.0111506032 0.0732856467
202800.0000000000 0.0111451586 0.0732367858
202900.0000000000 0.0111327917 0.0731820166
203000.0000000000 0.0111373536 0.0731260106
203100.0000000000 0.0112741638 0.2418326586
203200.0000000000 0.0111217415 0.0730229169
203300.0000000000 0.0111183098 0.0729792789
203400.0000000000 0.0111048110 0.0729445517
203500.0000000000 0.0111030167 0.0729042739
203600.0000000000 0.0110936274 0.0728615001
203700.0000000000 0.0110890470 0.0728149936
203800.0000000000 0.0110826209 0.0727609843
203900.0000000000 0.0114431756 0.0740906149
204000.0000000000 0.0110779937 0.0727126747
204100.0000000000 0.0110625821 0.0726754814
204200.0000000000 0.0110552709 0.0726323277
204300.0000000000 0.0110473322 0.0725931600
204400.0000000000 0.0110433790 0.0725478679
204500.0000000000 0.0110400025 0.0724997893
204600.0000000000 0.0110323497 0.0724498481
204700.0000000000 0.0110302763 0.0723979548
204800.0000000000 0.0126299644 0.1550216675
204900.0000000000 0.0109748350 0.0723125935
205000.0000000000 0.0110180363 0.0722668618
205100.0000000000 0.0110106330 0.0722329542
205200.0000000000 0.0110051476 0.0722029135
205300.0000000000 0.0110033567 0.0721680373
205400.0000000000 0.0109994783 0.0721363723
205500.0000000000 0.0109943032 0.0720932260
205600.0000000000 0.0109904817 0.0720523745
205700.0000000000 0.0109812509 0.0720092058
205800.0000000000 0.0109770582 0.0719607845
205900.0000000000 0.0109700275 0.0719145462
206000.0000000000 0.0112815144 0.0721115246
206100.0000000000 0.0109537788 0.0718350857
206200.0000000000 0.0109488881 0.0717940852
206300.0000000000 0.0109429988 0.0717491731
206400.0000000000 0.0109367604 0.0717009604
206500.0000000000 0.0109309833 0.0716489032
206600.0000000000 0.0109141998 0.0715947673
206700.0000000000 0.0114409521 0.1688201427
206800.0000000000 0.0108981184 0.0715016797
206900.0000000000 0.0109039728 0.0714626014
207000.0000000000 0.0108973490 0.0714313909
207100.0000000000 0.0108978897 0.0714010671
207200.0000000000 0.0108900432 0.0713637844
207300.0000000000 0.0108813945 0.0713212043
207400.0000000000 0.0108818546 0.0712785199
207500.0000000000 0.0165176851 0.2305099368
207600.0000000000 0.0108601737 0.0712224543
207700.0000000000 0.0108616919 0.0711914375
207800.0000000000 0.0108501544 0.0711532608
207900.0000000000 0.0108477119 0.0711123422
208000.0000000000 0.0108433906 0.0710707456
208100.0000000000 0.0108364214 0.0710272714
208200.0000000000 0.0108338298 0.0709788278
208300.0000000000 0.0108255757 0.0709283873
208400.0000000000 0.0108060127 0.0708784908
208500.0000000000 0.0105549833 0.0715133101
208600.0000000000 0.0108124314 0.0707890838
208700.0000000000 0.0108113770 0.0707540661
208800.0000000000 0.0108047899 0.0707168803
208900.0000000000 0.0107982220 0.0706799477
209000.0000000000 0.0107954901 0.0706426054
209100.0000000000 0.0107912898 0.0705974177
209200.0000000000 0.0107838108 0.0705548152
209300.0000000000 0.0123670455 0.0806376636
209400.0000000000 0.0107504719 0.0704636127
209500.0000000000 0.0107521246 0.0704191849
209600.0000000000 0.0107464342 0.0703688338
209700.0000000000 0.0107360844 0.0703221858
209800.0000000000 0.0107264815 0.0702688918
209900.0000000000 0.0105078098 0.0996722654
210000.0000000000 0.0107253726 0.0701719224
210100.0000000000 0.0107104682 0.0701442063
210200.0000000000 0.0107080906 0.0701186433
210300.0000000000 0.0107099158 0.0700905845
210400.0000000000 0.0107013242 0.0700605139
210500.0000000000 0.0107013126 0.0700241551
210600.0000000000 0.0106999277 0.0699889734
210700.0000000000 0.0106950765 0.0699469298
210800.0000000000 0.0107048234 0.0699074939
210900.0000000000 0.0125353854 0.0865084603
211000.0000000000 0.0106733687 0.0698501691
211100.0000000000 0.0106693002 0.0698114410
211200.0000000000 0.0106588785 0.0697728917
211300.0000000000 0.0106556756 0.0697293729
211400.0000000000 0.0106552518 0.0696835071
211500.0000000000 0.0106423474 0.0696382746
211600.0000000000 0.0106369959 0.0695884153
211700.0000000000 0.0159987808 0.1659766734
211800.0000000000 0.0106460781 0.0695139989
211900.0000000000 0.0106204333 0.0694739446
212000.0000000000 0.0106185907 0.0694379434
212100.0000000000 0.0106168074 0.0694036186
212200.0000000000 0.0106129468 0.0693690255
212300.0000000000 0.0106143989 0.0693342239
212400.0000000000 0.0106067735 0.0692948028
212500.0000000000 0.0106006296 0.0692542344
212600.0000000000 0.0105917655 0.0692076609
212700.0000000000 0.0347416052 0.4576192796
212800.0000000000 0.0105312635 0.0691626742
212900.0000000000 0.0105811484 0.0691129416
213000.0000000000 0.0105699253 0.0690804422
213100.0000000000 0.0105576817 0.0690473542
213200.0000000000 0.0105521782 0.0690057948
213300.0000000000 0.0105514779 0.0689662024
213400.0000000000 0.0105455114 0.0689231008
213500.0000000000 0.0105408626 0.0688770562
213600.0000000000 0.0105322526 0.0688303560
213700.0000000000 0.0104522498 0.0689836517
213800.0000000000 0.0105142362 0.0687344149
213900.0000000000 0.0105081036 0.0687053129
214000.0000000000 0.0105065098 0.0686774403
214100.0000000000 0.0105109737 0.0686441362
214200.0000000000 0.0105061539 0.0686092377
214300.0000000000 0.0105055874 0.0685690120
214400.0000000000 0.0097602482 0.0690291226
214500.0000000000 0.0105005775 0.0684925765
214600.0000000000 0.0104855901 0.0684512854
214700.0000000000 0.0104698358 0.0684032962
214800.0000000000 0.0096588081 0.0692351684
214900.0000000000 0.0104827942 0.0683343709
215000.0000000000 0.0104735809 0.0682998151
215100.0000000000 0.0104706926 0.0682666302
215200.0000000000 0.0104636203 0.0682280585
215300.0000000000 0.0104595122 0.0681926981
215400.0000000000 0.0104499441 0.0681526065
215500.0000000000 0.0104439692 0.0681100264
215600.0000000000 0.0104467642 0.0680651516
215700.0000000000 0.0156056349 0.0986655876
215800.0000000000 0.0107123686 0.0680018663
215900.0000000000 0.0103911663 0.0679479316
216000.0000000000 0.0103914256 0.0679085851
216100.0000000000 0.0103885945 0.0678719282
216200.0000000000 0.0103873545 0.0678290948
216300.0000000000 0.0103853067 0.0677861944
216400.0000000000 0.0103742085 0.0677387640
216500.0000000000 0.0103679089 0.0676925331
216600.0000000000 0.0105655220 0.0697415322
216700.0000000000 0.0103479828 0.0676122084
216800.0000000000 0.0103533333 0.0675820038
216900.0000000000 0.0103474399 0.0675589368
217000.0000000000 0.0103425559 0.0675271079
217100.0000000000 0.0103434604 0.0674947053
217200.0000000000 0.0103331364 0.0674574897
217300.0000000000 0.0103291367 0.0674200580
217400.0000000000 0.0103305047 0.0673785657
217500.0000000000 0.0093092656 0.0929796994
217600.0000000000 0.0102762591 0.0673115924
217700.0000000000 0.0102879231 0.0672831833
217800.0000000000 0.0102907514 0.0672498867
217900.0000000000 0.0102914863 0.0672142804
218000.0000000000 0.0102881066 0.0671768859
218100.0000000000 0.0102888245 0.0671384484
218200.0000000000 0.0102812250 0.0671013147
218300.0000000000 0.0102740233 0.0670571029
218400.0000000000 0.0098721039 0.0673793182
218500.0000000000 0.0102723908 0.0669780970
218600.0000000000 0.0102691009 0.0669436753
218700.0000000000 0.0102588310 0.0669029281
218800.0000000000 0.0102532146 0.0668611154
218900.0000000000 0.0102504504 0.0668173879
219000.0000000000 0.0110241649 0.0726796314
219100.0000000000 0.0102503723 0.0667328313
219200.0000000000 0.0102298501 0.0667050630
219300.0000000000 0.0102298647 0.0666772798
219400.0000000000 0.0102249166 0.0666426346
219500.0000000000 0.0102221436 0.0666040853
219600.0000000000 0.0102095492 0.0665642694
219700.0000000000 0.0102231131 0.0665209442
219800.0000000000 0.0273890853 0.8659671545
219900.0000000000 0.0102797461 0.0665190965
220000.0000000000 0.0101756195 0.0664270222
220100.0000000000 0.0101713681 0.0663951263
220200.0000000000 0.0101691222 0.0663675144
220300.0000000000 0.0101690611 0.0663352013
220400.0000000000 0.0101674861 0.0663017854
220500.0000000000 0.0101636715 0.0662648082
220600.0000000000 0.0101555699 0.0662263781
220700.0000000000 0.0101483655 0.0661898851
220800.0000000000 0.0101532255 0.0661452264
220900.0000000000 0.0098901315 0.0722405687
221000.0000000000 0.0101439356 0.0660634264
221100.0000000000 0.0101336098 0.0660316199
221200.0000000000 0.0101329691 0.0660005137
221300.0000000000 0.0101269198 0.0659657940
221400.0000000000 0.0101204802 0.0659275502
221500.0000000000 0.0101153499 0.0658865944
221600.0000000000 0.0099695277 0.0710942373
221700.0000000000 0.0100949840 0.0658008829
221800.0000000000 0.0100923282 0.0657624602
221900.0000000000 0.0100880004 0.0657183081
222000.0000000000 0.0100741439 0.0656700954
222100.0000000000 0.0126947630 0.0811251029
222200.0000000000 0.0100782189 0.0656101778
222300.0000000000 0.0100695370 0.0655837879
222400.0000000000 0.0100578919 0.0655506700
222500.0000000000 0.0100524409 0.0655202270
222600.0000000000 0.0100503374 0.0654850379
222700.0000000000 0.0100448989 0.0654486716
222800.0000000000 0.0100373906 0.0654117167
222900.0000000000 0.0100371397 0.0653706715
223000.0000000000 0.0096331945 0.0666685253
223100.0000000000 0.0100035803 0.0652790219
223200.0000000000 0.0100034659 0.0652551427
223300.0000000000 0.0100074067 0.0652318150
223400.0000000000 0.0100125902 0.0652087629
223500.0000000000 0.0100116527 0.0651819408
223600.0000000000 0.0100100708 0.0651476383
223700.0000000000 0.0100086288 0.0651164800
223800.0000000000 0.0096944534 0.1190328225
223900.0000000000 0.0099687706 0.0650520623
224000.0000000000 0.0099896674 0.0650115758
224100.0000000000 0.0099875451 0.0649710670
224200.0000000000 0.0099788423 0.0649329200
224300.0000000000 0.0099792150 0.0648917332
224400.0000000000 0.0190284894 0.8704587221
224500.0000000000 0.0099862386 0.0648386404
224600.0000000000 0.0099653900 0.0647958517
224700.0000000000 0.0099574735 0.0647613555
224800.0000000000 0.0099535799 0.0647278279
224900.0000000000 0.0099453439 0.0646911040
225000.0000000000 0.0099378385 0.0646497235
225100.0000000000 0.0099316409 0.0646149218
225200.0000000000 0.0099271843 0.0645782351
225300.0000000000 0.0099207749 0.0645377934
225400.0000000000 0.0098983007 0.0644954368
225500.0000000000 0.0095311633 0.0651921555
225600.0000000000 0.0098896276 0.0644207522
225700.0000000000 0.0098844684 0.0643933564
225800.0000000000 0.0098864112 0.0643665865
225900.0000000000 0.0098858254 0.0643362254
226000.0000000000 0.0098824192 0.0643062592
226100.0000000000 0.0098807152 0.0642700270
226200.0000000000 0.0098768628 0.0642350167
226300.0000000000 0.0098659800 0.0641936660
226400.0000000000 0.0097101672 0.0642853901
226500.0000000000 0.0098586406 0.0641325936
226600.0000000000 0.0098484539 0.0641003400
226700.0000000000 0.0098454540 0.0640645325
226800.0000000000 0.0098422972 0.0640277416
226900.0000000000 0.0098273677 0.0639881268
227000.0000000000 0.0094647038 0.0688264892
227100.0000000000 0.0097298758 0.0639718696
227200.0000000000 0.0098155126 0.0638685673
227300.0000000000 0.0098163946 0.0638396516
227400.0000000000 0.0098110069 0.0638097525
227500.0000000000 0.0098099746 0.0637763962
227600.0000000000 0.0098057847 0.0637413561
227700.0000000000 0.0098032448 0.0637034178
227800.0000000000 0.0121046829 0.3251125216
227900.0000000000 0.0097942377 0.0636551082
228000.0000000000 0.0097826816 0.0636214986
228100.0000000000 0.0097783059 0.0635956749
228200.0000000000 0.0097702443 0.0635638610
228300.0000000000 0.0097695625 0.0635296330
228400.0000000000 0.0097635769 0.0634972155
228500.0000000000 0.0097560163 0.0634609759
228600.0000000000 0.0097512702 0.0634228140
228700.0000000000 0.0097517077 0.0633860081
228800.0000000000 0.0096934307 0.0633725896
228900.0000000000 0.0097224672 0.0632992610
229000.0000000000 0.0097236475 0.0632786751
229100.0000000000 0.0097252249 0.0632564053
229200.0000000000 0.0097298408 0.0632280037
229300.0000000000 0.0097277743 0.0632014051
229400.0000000000 0.0097235782 0.0631681010
229500.0000000000 0.0115491090 0.5421482921
229600.0000000000 0.0095967550 0.0631054416
229700.0000000000 0.0097145335 0.0630707666
229800.0000000000 0.0097067416 0.0630370602
229900.0000000000 0.0097065633 0.0629996955
230000.0000000000 0.0096994695 0.0629588813
230100.0000000000 0.0096932895 0.0629249588
230200.0000000000 0.0096920598 0.0628859773
230300.0000000000 0.0096805122 0.0628456175
230400.0000000000 0.0099448263 0.0765528977
230500.0000000000 0.0096948125 0.0627894327
230600.0000000000 0.0096717955 0.0627584383
230700.0000000000 0.0096643224 0.0627256110
230800.0000000000 0.0096575602 0.0626933053
230900.0000000000 0.0096509233 0.0626588613
231000.0000000000 0.0096408477 0.0626242459
231100.0000000000 0.0096421197 0.0625854284
231200.0000000000 0.0128504326 0.1201293468
231300.0000000000 0.0095785931 0.0624946766
231400.0000000000 0.0096055651 0.0624791309
231500.0000000000 0.0096064462 0.0624538846
231600.0000000000 0.0096052906 0.0624292567
231700.0000000000 0.0096050183 0.0624038763
231800.0000000000 0.0096066387 0.0623727404
231900.0000000000 0.0096034492 0.0623389743
232000.0000000000 0.0095895252 0.0623058677
232100.0000000000 0.0095952683 0.0622681715
232200.0000000000 0.0101352137 0.0634568930
232300.0000000000 0.0095764685 0.0621978119
232400.0000000000 0.0095744873 0.0621607490
232500.0000000000 0.0095626965 0.0621222816
232600.0000000000 0.0111774707 0.1159671396
232700.0000000000 0.0095476301 0.0620540939
232800.0000000000 0.0095457595 0.0620213412
232900.0000000000 0.0095467318 0.0619873889
233000.0000000000 0.0095434665 0.0619559214
233100.0000000000 0.0095374613 0.0619193204
233200.0000000000 0.0095334715 0.0618845448
233300.0000000000 0.0095240885 0.0618421920
233400.0000000000 0.0095187634 0.0618029200
233500.0000000000 0.0095990756 0.0618109182
233600.0000000000 0.0095072398 0.0617538542
233700.0000000000 0.0095003289 0.0617324822
233800.0000000000 0.0095023314 0.0617070943
233900.0000000000 0.0094948982 0.0616765730
234000.0000000000 0.0094910412 0.0616497584
234100.0000000000 0.0094885564 0.0616130754
234200.0000000000 0.0094843717 0.0615794547
234300.0000000000 0.0094854324 0.0615426414
234400.0000000000 0.0106346489 0.0618671514
234500.0000000000 0.0094642785 0.0614887401
234600.0000000000 0.0094634899 0.0614646152
234700.0000000000 0.0094587261 0.0614422038
234800.0000000000 0.0094587622 0.0614161938
234900.0000000000 0.0094581563 0.0613921396
235000.0000000000 0.0094562883 0.0613662116
235100.0000000000 0.0094488776 0.0613414645
235200.0000000000 0.0094523334 0.0613155477
235300.0000000000 0.0094471280 0.0612866022
235400.0000000000 0.0094426091 0.0612590127
235500.0000000000 0.0094375786 0.0612282827
235600.0000000000 0.0094778476 0.0613474920
235700.0000000000 0.0094346790 0.0611671731
235800.0000000000 0.0094264777 0.0611402318
235900.0000000000 0.0094269527 0.0611093566
236000.0000000000 0.0094195287 0.0610775426
236100.0000000000 0.0094126708 0.0610485189
236200.0000000000 0.0094013686 0.0610085465
236300.0000000000 0.0094070517 0.0609721355
236400.0000000000 0.0091707197 0.0836046040
236500.0000000000 0.0093797652 0.0609156117
236600.0000000000 0.0093844254 0.0608928129
236700.0000000000 0.0093748271 0.0608683899
236800.0000000000 0.0093697624 0.0608477443
236900.0000000000 0.0093686563 0.0608225241
237000.0000000000 0.0093593661 0.0607933551
237100.0000000000 0.0093628301 0.0607641600
237200.0000000000 0.0093532733 0.0607321523
237300.0000000000 0.0093495945 0.0606960468
237400.0000000000 0.0181319398 0.7046828270
237500.0000000000 0.0091524362 0.0606476627
237600.0000000000 0.0093243712 0.0606086850
237700.0000000000 0.0093267783 0.0605847687
237800.0000000000 0.0093282770 0.0605590567
237900.0000000000 0.0093246561 0.0605321266
238000.0000000000 0.0093252645 0.0605045408
238100.0000000000 0.0093255130 0.0604782701
238200.0000000000 0.0093225537 0.0604477338
238300.0000000000 0.0095448646 0.0637630820
238400.0000000000 0.0093031709 0.0603871197
238500.0000000000 0.0093164881 0.0603634715
238600.0000000000 0.0093109637 0.0603321828
238700.0000000000 0.0093097312 0.0603037961
238800.0000000000 0.0092976070 0.0602708794
238900.0000000000 0.0092990104 0.0602397770
239000.0000000000 0.0090013550 0.0632042810
239100.0000000000 0.0092065436 0.0602201112
239200.0000000000 0.0092746399 0.0601512901
239300.0000000000 0.0092711199 0.0601287000
239400.0000000000 0.0092684165 0.0601020083
239500.0000000000 0.0092643704 0.0600722767
239600.0000000000 0.0092528368 0.0600406639
239700.0000000000 0.0092553152 0.0600070097
239800.0000000000 0.0092511289 0.0599720925
239900.0000000000 0.0125980321 0.1137625128
240000.0000000000 0.0092120366 0.0599208623
240100.0000000000 0.0092181046 0.0599020235
240200.0000000000 0.0092205906 0.0598800629
240300.0000000000 0.0092218249 0.0598601997
240400.0000000000 0.0092209684 0.0598331019
240500.0000000000 0.0092178980 0.0598100163
240600.0000000000 0.0092184861 0.0597838089
240700.0000000000 0.0092145572 0.0597596094
240800.0000000000 0.0092146953 0.0597306341
240900.0000000000 0.0092157432 0.0597004071
241000.0000000000 0.0092116424 0.0596709624
241100.0000000000 0.0091971393 0.0596379079
241200.0000000000 0.0090511883 0.0613079667
241300.0000000000 0.0091983242 0.0595766231
241400.0000000000 0.0092019621 0.0595519245
241500.0000000000 0.0091934345 0.0595272258
241600.0000000000 0.0091918502 0.0595001876
241700.0000000000 0.0091867501 0.0594711900
241800.0000000000 0.0091845466 0.0594398193
241900.0000000000 0.0091731639 0.0594068840
242000.0000000000 0.0091664292 0.0593744963
242100.0000000000 0.0091180261 0.0601291060
242200.0000000000 0.0091451451 0.0593133047
242300.0000000000 0.0091439127 0.0592874326
242400.0000000000 0.0091398403 0.0592532195
242500.0000000000 0.0091355474 0.0592195392
242600.0000000000 0.0091334602 0.0591819473
242700.0000000000 0.0091575162 0.0591445491
242800.0000000000 0.0092389158 0.0597453639
242900.0000000000 0.0091080735 0.0590775758
243000.0000000000 0.0091059802 0.0590612069
243100.0000000000 0.0091065455 0.0590374693
243200.0000000000 0.0091073770 0.0590161495
243300.0000000000 0.0091080272 0.0589943379
243400.0000000000 0.0091121755 0.0589678511
243500.0000000000 0.0091052950 0.0589384250
243600.0000000000 0.0091046915 0.0589105673
243700.0000000000 0.0084514827 0.1094010174
243800.0000000000 0.0090924899 0.0588797256
243900.0000000000 0.0090974416 0.0588519163
244000.0000000000 0.0090921394 0.0588254668
244100.0000000000 0.0090802347 0.0587961748
244200.0000000000 0.0090710911 0.0587655418
244300.0000000000 0.0090740927 0.0587408096
244400.0000000000 0.0090656212 0.0587074980
244500.0000000000 0.0090568376 0.0586770959
244600.0000000000 0.0090428666 0.0586443171
244700.0000000000 0.0088156023 0.0615455918
244800.0000000000 0.0090408673 0.0585690588
244900.0000000000 0.0090362648 0.0585385449
245000.0000000000 0.0094630834 0.0586255826
245100.0000000000 0.0089888591 0.0584920570
245200.0000000000 0.0084019227 0.0601355769
245300.0000000000 0.0084425543 0.0703033954
245400.0000000000 0.0086131259 0.0682260692
245500.0000000000 0.0090744927 0.0584007762
245600.0000000000 0.0089175403 0.0583828911
245700.0000000000 0.0089853538 0.0582586005
245800.0000000000 0.0089836643 0.0582196899
245900.0000000000 0.0089329265 0.0735042766
246000.0000000000 0.0089538492 0.0581515022
246100.0000000000 0.0089708953 0.0581207648
246200.0000000000 0.0089698908 0.0580905415
246300.0000000000 0.0089726296 0.0580608882
246400.0000000000 0.0089703978 0.0580251031
246500.0000000000 0.0089880197 0.0579892062
246600.0000000000 0.0090566499 0.0581161790
246700.0000000000 0.0089476166 0.0579486974
246800.0000000000 0.0089418064 0.0579285845
246900.0000000000 0.0089384252 0.0579062440
247000.0000000000 0.0089366658 0.0578841344
247100.0000000000 0.0089342691 0.0578606576
247200.0000000000 0.0089297219 0.0578324348
247300.0000000000 0.0089267124 0.0578072853
247400.0000000000 0.0089191886 0.0577769689
247500.0000000000 0.0087837204 0.0691405535
247600.0000000000 0.0088917370 0.0577264391
247700.0000000000 0.0089160921 0.0577060580
247800.0000000000 0.0089112700 0.0576842427
247900.0000000000 0.0089080950 0.0576609075
248000.0000000000 0.0089079053 0.0576413535
248100.0000000000 0.0089054947 0.0576188415
248200.0000000000 0.0088984463 0.0575928576
248300.0000000000 0.0088977956 0.0575683117
248400.0000000000 0.0088926981 0.0575425811
248500.0000000000 0.0088918004 0.0575127490
248600.0000000000 0.0088830056 0.0574807264
248700.0000000000 0.0088786906 0.0574511960
248800.0000000000 0.0088107823 0.0575222559
248900.0000000000 0.0088836490 0.0574087314
249000.0000000000 0.0088718006 0.0573884286
249100.0000000000 0.0088690229 0.0573656932
249200.0000000000 0.0088620952 0.0573450737
249300.0000000000 0.0088568694 0.0573211946
249400.0000000000 0.0088523822 0.0572932437
249500.0000000000 0.0088461853 0.0572638884
249600.0000000000 0.0088430489 0.0572338700
249700.0000000000 0.0090375096 0.0675605014
249800.0000000000 0.0088262456 0.0571870618
249900.0000000000 0.0088279584 0.0571635030
250000.0000000000 0.0088219599 0.0571474023
250100.0000000000 0.0088232556 0.0571295545
250200.0000000000 0.0088187770 0.0571146086
250300.0000000000 0.0088146025 0.0570959076
250400.0000000000 0.0088157375 0.0570751838
250500.0000000000 0.0088122062 0.0570524782
250600.0000000000 0.0088088062 0.0570277497
250700.0000000000 0.0088057056 0.0570008829
250800.0000000000 0.0088151023 0.0569759272
250900.0000000000 0.0088300848 0.0569432639
251000.0000000000 0.0093159319 0.0609782189
251100.0000000000 0.0087882116 0.0568915643
251200.0000000000 0.0087908634 0.0568659715
251300.0000000000 0.0087870040 0.0568387099
251400.0000000000 0.0087779593 0.0568071008
251500.0000000000 0.0087738185 0.0567775294
251600.0000000000 0.0087721068 0.0567451753
251700.0000000000 0.0087681940 0.0567126349
251800.0000000000 0.0080560317 0.1135231480
251900.0000000000 0.0088015638 0.0566973053
252000.0000000000 0.0087592497 0.0566368364
252100.0000000000 0.0087561512 0.0566151552
252200.0000000000 0.0087528492 0.0565935597
252300.0000000000 0.0087535805 0.0565727800
252400.0000000000 0.0087438582 0.0565476306
252500.0000000000 0.0087490093 0.0565223210
252600.0000000000 0.0087457134 0.0564964935
252700.0000000000 0.0087379311 0.0564702637
252800.0000000000 0.0087306580 0.0564422160
252900.0000000000 0.0151347117 0.0786415935
253000.0000000000 0.0087230026 0.0564034320
253100.0000000000 0.0087187850 0.0563809127
253200.0000000000 0.0087143420 0.0563645735
253300.0000000000 0.0087162393 0.0563439205
253400.0000000000 0.0087092303 0.0563227274
253500.0000000000 0.0087034069 0.0563003346
253600.0000000000 0.0087034369 0.0562751703
253700.0000000000 0.0087006058 0.0562486462
253800.0000000000 0.0086984012 0.0562223867
253900.0000000000 0.0086929001 0.0561941601
254000.0000000000 0.0139353783 0.0897223428
254100.0000000000 0.0086830018 0.0561430603
254200.0000000000 0.0086812450 0.0561250858
254300.0000000000 0.0086808307 0.0561065413
254400.0000000000 0.0086786167 0.0560903810
254500.0000000000 0.0086785517 0.0560699590
254600.0000000000 0.0086694533 0.0560501181
254700.0000000000 0.0086677889 0.0560274497
254800.0000000000 0.0086724673 0.0560012534
254900.0000000000 0.0086629265 0.0559756011
255000.0000000000 0.0086584452 0.0559463575
255100.0000000000 0.0086591744 0.0559200943
255200.0000000000 0.0086500481 0.0558906719
255300.0000000000 0.0086453412 0.0558605008
255400.0000000000 0.0086517332 0.0558301769
255500.0000000000 0.0127547447 0.0699225813
255600.0000000000 0.0086369628 0.0557891391
255700.0000000000 0.0086353054 0.0557627939
255800.0000000000 0.0086284207 0.0557441562
255900.0000000000 0.0086249326 0.0557218678
256000.0000000000 0.0086200179 0.0556978993
256100.0000000000 0.0086193603 0.0556730740
256200.0000000000 0.0086111877 0.0556463450
256300.0000000000 0.0086056304 0.0556203350
256400.0000000000 0.0085994916 0.0555904172
256500.0000000000 0.0085971401 0.0555579513
256600.0000000000 0.0078437136 0.0558962822
256700.0000000000 0.0086033251 0.0555134825
256800.0000000000 0.0086006066 0.0554953218
256900.0000000000 0.0085965540 0.0554774813
257000.0000000000 0.0085906775 0.0554582290
257100.0000000000 0.0085884287 0.0554423593
257200.0000000000 0.0085923511 0.0554212891
257300.0000000000 0.0085837474 0.0554000475
257400.0000000000 0.0085829025 0.0553751737
257500.0000000000 0.0085795316 0.0553512387
257600.0000000000 0.0085734522 0.0553235188
257700.0000000000 0.0076538808 0.0624991506
257800.0000000000 0.0085811744 0.0552853569
257900.0000000000 0.0085600341 0.0552657060
258000.0000000000 0.0085573777 0.0552449226
258100.0000000000 0.0085549468 0.0552240163
258200.0000000000 0.0085457000 0.0552000999
258300.0000000000 0.0085436814 0.0551766753
258400.0000000000 0.0085380107 0.0551542565
258500.0000000000 0.0085336037 0.0551250912
258600.0000000000 0.0085304662 0.0550964810
258700.0000000000 0.0121216891 0.2079852670
258800.0000000000 0.0084915258 0.0550617129
258900.0000000000 0.0085159103 0.0550329685
259000.0000000000 0.0085140689 0.0550169758
259100.0000000000 0.0085168299 0.0549998842
259200.0000000000 0.0085124383 0.0549808964
259300.0000000000 0.0085134422 0.0549611896
259400.0000000000 0.0085072003 0.0549392886
259500.0000000000 0.0085164580 0.0549124628
259600.0000000000 0.0085140717 0.0548863597
259700.0000000000 0.0084965512 0.0548594445
259800.0000000000 0.0079212801 0.0567427985
259900.0000000000 0.0085033147 0.0548159778
260000.0000000000 0.0084922962 0.0547914393
260100.0000000000 0.0084884885 0.0547729060
260200.0000000000 0.0084828206 0.0547519289
260300.0000000000 0.0084805357 0.0547281727
260400.0000000000 0.0084744690 0.0547048114
260500.0000000000 0.0084722699 0.0546784475
260600.0000000000 0.0084631733 0.0546507351
260700.0000000000 0.0084655638 0.0546228960
260800.0000000000 0.0084564944 0.0545962304
260900.0000000000 0.0227386000 0.1286030710
261000.0000000000 0.0084288878 0.0545428693
261100.0000000000 0.0084523454 0.0545279495
261200.0000000000 0.0084514101 0.0545110852
261300.0000000000 0.0084473994 0.0544947237
261400.0000000000 0.0084430232 0.0544785075
261500.0000000000 0.0084449284 0.0544583835
261600.0000000000 0.0084342553 0.0544414781
261700.0000000000 0.0084317740 0.0544217564
261800.0000000000 0.0084313704 0.0543991849
261900.0000000000 0.0084281947 0.0543757342
262000.0000000000 0.0084222399 0.0543497652
262100.0000000000 0.0084258534 0.0543239564
262200.0000000000 0.0082730772 0.0544440225
262300.0000000000 0.0084238773 0.0542917289
262400.0000000000 0.0084086907 0.0542713255
262500.0000000000 0.0084091579 0.0542476736
262600.0000000000 0.0084076095 0.0542283431
262700.0000000000 0.0084005376 0.0542054847
262800.0000000000 0.0083966914 0.0541803092
262900.0000000000 0.0083871921 0.0541559644
263000.0000000000 0.0083846954 0.0541313738
263100.0000000000 0.0083769505 0.0541021191
263200.0000000000 0.0087600372 0.0544312894
263300.0000000000 0.0083773210 0.0540581010
263400.0000000000 0.0083759052 0.0540405326
263500.0000000000 0.0083743852 0.0540254787
263600.0000000000 0.0083725830 0.0540068746
263700.0000000000 0.0083662154 0.0539865084
263800.0000000000 0.0083633702 0.0539691113
263900.0000000000 0.0083617490 0.0539436154
264000.0000000000 0.0083596239 0.0539203733
264100.0000000000 0.0083573965 0.0538933836
264200.0000000000 0.0083533241 0.0538675785
264300.0000000000 0.0083510627 0.0538401082
264400.0000000000 0.0083121804 0.0542677790
264500.0000000000 0.0083405517 0.0538037755
264600.0000000000 0.0083359912 0.0537842028
264700.0000000000 0.0083351253 0.0537669472
264800.0000000000 0.0083328832 0.0537464432
264900.0000000000 0.0083279442 0.0537244342
265000.0000000000 0.0083256829 0.0537004210
265100.0000000000 0.0083197505 0.0536809117
265200.0000000000 0.0083218335 0.0536571778
265300.0000000000 0.0083202260 0.0536345467
265400.0000000000 0.0083127120 0.0536101535
265500.0000000000 0.0083118420 0.0535851941
265600.0000000000 0.0208603413 0.3190357089
265700.0000000000 0.0083787997 0.0535471626
265800.0000000000 0.0082884774 0.0535196476
265900.0000000000 0.0082925340 0.0535059422
266000.0000000000 0.0082976458 0.0534902364
266100.0000000000 0.0082904876 0.0534738377
266200.0000000000 0.0082882751 0.0534575358
266300.0000000000 0.0082896572 0.0534402356
266400.0000000000 0.0082921394 0.0534170605
266500.0000000000 0.0082915115 0.0533956811
266600.0000000000 0.0082846341 0.0533734113
266700.0000000000 0.0072568239 0.0770436004
266800.0000000000 0.0082430684 0.0533430763
266900.0000000000 0.0082713294 0.0533108898
267000.0000000000 0.0082716399 0.0532914251
267100.0000000000 0.0082622840 0.0532719754
267200.0000000000 0.0082641353 0.0532481000
267300.0000000000 0.0082576451 0.0532222912
267400.0000000000 0.0082539507 0.0531968810
267500.0000000000 0.0082499392 0.0531711467
267600.0000000000 0.0082438712 0.0531404465
267700.0000000000 0.0082423484 0.0531123951
267800.0000000000 0.0076497403 0.0863907710
267900.0000000000 0.0083117044 0.0530539118
268000.0000000000 0.0082208308 0.0530464463
268100.0000000000 0.0082234464 0.0530292541
268200.0000000000 0.0082137765 0.0530086309
268300.0000000000 0.0082152075 0.0529917739
268400.0000000000 0.0082126139 0.0529686026
268500.0000000000 0.0082098778 0.0529441573
268600.0000000000 0.0082077086 0.0529190488
268700.0000000000 0.0088847400 0.1175239980
268800.0000000000 0.0081742071 0.0528673343
268900.0000000000 0.0081839057 0.0528563596
269000.0000000000 0.0081861881 0.0528369993
269100.0000000000 0.0081824346 0.0528191179
269200.0000000000 0.0081849881 0.0527978614
269300.0000000000 0.0081829353 0.0527776703
269400.0000000000 0.0081804930 0.0527550764
269500.0000000000 0.0081794326 0.0527337454
269600.0000000000 0.0081722529 0.0527067743
269700.0000000000 0.0084274979 0.0550552011
269800.0000000000 0.0081657600 0.0526594073
269900.0000000000 0.0081626003 0.0526431948
270000.0000000000 0.0081617128 0.0526248142
270100.0000000000 0.0081621481 0.0526052080
270200.0000000000 0.0081598070 0.0525873750
270300.0000000000 0.0081540200 0.0525663346
270400.0000000000 0.0081496407 0.0525468811
270500.0000000000 0.0081519473 0.0525221303
270600.0000000000 0.0081458845 0.0524993353
270700.0000000000 0.0081434141 0.0524721518
270800.0000000000 0.0081378306 0.0524476692
270900.0000000000 0.0081383730 0.0524161980
271000.0000000000 0.0077380040 0.0526040159
271100.0000000000 0.0081176917 0.0523794554
271200.0000000000 0.0081182590 0.0523626022
271300.0000000000 0.0081192045 0.0523462668
271400.0000000000 0.0081210181 0.0523327813
271500.0000000000 0.0081181137 0.0523163676
271600.0000000000 0.0081167417 0.0522989817
271700.0000000000 0.0081177469 0.0522795469
271800.0000000000 0.0081125442 0.0522577278
271900.0000000000 0.0081138406 0.0522339791
272000.0000000000 0.0081119715 0.0522117503
272100.0000000000 0.0081036974 0.0521892458
272200.0000000000 0.0081422862 0.0538371019
272300.0000000000 0.0081052806 0.0521530472
272400.0000000000 0.0080966635 0.0521351248
272500.0000000000 0.0080913356 0.0521191545
272600.0000000000 0.0080876279 0.0521047190
272700.0000000000 0.0080843782 0.0520844534
272800.0000000000 0.0080839738 0.0520633385
272900.0000000000 0.0080720325 0.0520432144
273000.0000000000 0.0080708559 0.0520207062
273100.0000000000 0.0080705002 0.0519975461
273200.0000000000 0.0080675627 0.0519719496
273300.0000000000 0.0080628906 0.0519470982
273400.0000000000 0.0173372804 0.3427353501
273500.0000000000 0.0080024170 0.0519202426
273600.0000000000 0.0080493444 0.0518858992
273700.0000000000 0.0080516734 0.0518733002
273800.0000000000 0.0080497229 0.0518597178
273900.0000000000 0.0080455754 0.0518458337
274000.0000000000 0.0080455671 0.0518279821
274100.0000000000 0.0080402844 0.0518120676
274200.0000000000 0.0080458510 0.0517939255
274300.0000000000 0.0080411344 0.0517758355
274400.0000000000 0.0080389975 0.0517567731
274500.0000000000 0.0080370829 0.0517340079
274600.0000000000 0.0080329495 0.0517095178
274700.0000000000 0.0080302521 0.0516866297
274800.0000000000 0.0081352399 0.0516977869
274900.0000000000 0.0080254797 0.0516535901
275000.0000000000 0.0080276845 0.0516391322
275100.0000000000 0.0080215250 0.0516234674
275200.0000000000 0.0080157019 0.0516073257
275300.0000000000 0.0080159464 0.0515906736
275400.0000000000 0.0080131636 0.0515743233
275500.0000000000 0.0080108647 0.0515547059
275600.0000000000 0.0080055535 0.0515345745
275700.0000000000 0.0080081471 0.0515130274
275800.0000000000 0.0079988621 0.0514920689
275900.0000000000 0.0080023686 0.0514709279
276000.0000000000 0.0079919197 0.0514468364
276100.0000000000 0.0079909838 0.0514219888
276200.0000000000 0.0069016484 0.0532147288
276300.0000000000 0.0079696508 0.0513814427
276400.0000000000 0.0079746501 0.0513702370
276500.0000000000 0.0079787707 0.0513557792
276600.0000000000 0.0079729177 0.0513398908
276700.0000000000 0.0079762500 0.0513255410
276800.0000000000 0.0079718945 0.0513098910
276900.0000000000 0.0079700019 0.0512904115
277000.0000000000 0.0079679521 0.0512728207
277100.0000000000 0.0079606081 0.0512522012
277200.0000000000 0.0077698407 0.0532081537
277300.0000000000 0.0079616459 0.0512095839
277400.0000000000 0.0079579682 0.0511890650
277500.0000000000 0.0079533023 0.0511683561
277600.0000000000 0.0079489905 0.0511421226
277700.0000000000 0.0079408152 0.0511210896
277800.0000000000 0.0079367588 0.0510962717
277900.0000000000 0.0079440566 0.0510678738
278000.0000000000 0.0077306920 0.0520849973
278100.0000000000 0.0079444144 0.0510360599
278200.0000000000 0.0079249532 0.0510049984
278300.0000000000 0.0079253095 0.0509900264
278400.0000000000 0.0079215714 0.0509736054
278500.0000000000 0.0079229751 0.0509560257
278600.0000000000 0.0079192191 0.0509373359
278700.0000000000 0.0079199451 0.0509182625
278800.0000000000 0.0079097981 0.0508979112
278900.0000000000 0.0079067468 0.0508734435
279000.0000000000 0.0079055844 0.0508510768
279100.0000000000 0.0078989572 0.0508260988
279200.0000000000 0.0078945215 0.0508001447
279300.0000000000 0.0083538390 0.0510500185
279400.0000000000 0.0078837132 0.0507624745
279500.0000000000 0.0078822922 0.0507488623
279600.0000000000 0.0078820462 0.0507343374
279700.0000000000 0.0078784845 0.0507180355
279800.0000000000 0.0078809818 0.0507029705
279900.0000000000 0.0078813181 0.0506860018
280000.0000000000 0.0078769621 0.0506656244
280100.0000000000 0.0078737514 0.0506475829
280200.0000000000 0.0078690774 0.0506298356
280300.0000000000 0.0078690956 0.0506071448
280400.0000000000 0.0078667145 0.0505884551
280500.0000000000 0.0078704850 0.0505614728
280600.0000000000 0.0078667011 0.0505393595
280700.0000000000 0.0081014007 0.0530737638
280800.0000000000 0.0078523947 0.0505171567
280900.0000000000 0.0078472418 0.0504994281
281000.0000000000 0.0078495098 0.0504800528
281100.0000000000 0.0078582917 0.0504625700
281200.0000000000 0.0078605565 0.0504445247
281300.0000000000 0.0078468694 0.0504284576
281400.0000000000 0.0078346463 0.0504075512
281500.0000000000 0.0078339341 0.0503876582
281600.0000000000 0.0078282131 0.0503648259
281700.0000000000 0.0078193128 0.0503434800
281800.0000000000 0.0078204819 0.0503216907
281900.0000000000 0.0071051834 0.0745743811
282000.0000000000 0.0078274365 0.0502763018
282100.0000000000 0.0078103900 0.0502607822
282200.0000000000 0.0078116357 0.0502457544
282300.0000000000 0.0078076033 0.0502267927
282400.0000000000 0.0078067115 0.0502102822
282500.0000000000 0.0078046543 0.0501910374
282600.0000000000 0.0078012116 0.0501700975
282700.0000000000 0.0077938778 0.0501462743
282800.0000000000 0.0077917363 0.0501221642
282900.0000000000 0.0077827392 0.0500989519
283000.0000000000 0.0102379762 0.0586027317
283100.0000000000 0.0077915696 0.0500636362
283200.0000000000 0.0077840430 0.0500447452
283300.0000000000 0.0077821809 0.0500320606
283400.0000000000 0.0077778831 0.0500165671
283500.0000000000 0.0077737533 0.0500010848
283600.0000000000 0.0077726841 0.0499839783
283700.0000000000 0.0077656975 0.0499658398
283800.0000000000 0.0077622449 0.0499466360
283900.0000000000 0.0077603308 0.0499260910
284000.0000000000 0.0077598733 0.0499059856
284100.0000000000 0.0077606291 0.0498837903
284200.0000000000 0.0077483335 0.0498603433
284300.0000000000 0.0077685472 0.0499817915
284400.0000000000 0.0077373523 0.0498215295
284500.0000000000 0.0077361144 0.0498106405
284600.0000000000 0.0077379104 0.0497955680
284700.0000000000 0.0077367800 0.0497808829
284800.0000000000 0.0077367550 0.0497626849
284900.0000000000 0.0077350664 0.0497450642
285000.0000000000 0.0077319817 0.0497271195
285100.0000000000 0.0077299648 0.0497077219
285200.0000000000 0.0077308977 0.0496873595
285300.0000000000 0.0077273456 0.0496666357
285400.0000000000 0.0077207364 0.0496432595
285500.0000000000 0.0074845622 0.0497444458
285600.0000000000 0.0077155595 0.0496020317
285700.0000000000 0.0077175508 0.0495816134
285800.0000000000 0.0077097337 0.0495609604
285900.0000000000 0.0077063327 0.0495406650
286000.0000000000 0.0077093622 0.0495158993
286100.0000000000 0.0077048411 0.0494931005
286200.0000000000 0.0076980634 0.0494627543
286300.0000000000 0.0076609849 0.0494358204
286400.0000000000 0.0077636513 0.0494267941
286500.0000000000 0.0076899734 0.0494085588
286600.0000000000 0.0076861376 0.0493938997
286700.0000000000 0.0076827649 0.0493785739
286800.0000000000 0.0076802437 0.0493650995
286900.0000000000 0.0076779784 0.0493466891
287000.0000000000 0.0076725993 0.0493281931
287100.0000000000 0.0076740920 0.0493100733
287200.0000000000 0.0076699671 0.0492906943
287300.0000000000 0.0076658431 0.0492685512
287400.0000000000 0.0076622222 0.0492460281
287500.0000000000 0.0076666944 0.0492244437
287600.0000000000 0.0077413567 0.0494711809
287700.0000000000 0.0076562511 0.0491920188
287800.0000000000 0.0076545236 0.0491770245
287900.0000000000 0.0076502946 0.0491643436
288000.0000000000 0.0076496848 0.0491487198
288100.0000000000 0.0076480849 0.0491364524
288200.0000000000 0.0076427093 0.0491209775
288300.0000000000 0.0076459082 0.0491027422
288400.0000000000 0.0076398472 0.0490869954
288500.0000000000 0.0076378338 0.0490648262
288600.0000000000 0.0076216520 0.0490541309
288700.0000000000 0.0076307863 0.0490253009
288800.0000000000 0.0076287874 0.0490062945
288900.0000000000 0.0076272572 0.0489861965
289000.0000000000 0.0076242904 0.0489625260
289100.0000000000 0.0076069150 0.0489381887
289200.0000000000 0.0076084013 0.0489150994
289300.0000000000 0.0072608442 0.0568666458
289400.0000000000 0.0076029263 0.0488801524
289500.0000000000 0.0076064679 0.0488640852
289600.0000000000 0.0076052803 0.0488517024
289700.0000000000 0.0076044281 0.0488365106
289800.0000000000 0.0076003475 0.0488222130
289900.0000000000 0.0075992901 0.0488044880
290000.0000000000 0.0076014577 0.0487899147
290100.0000000000 0.0075972031 0.0487733781
290200.0000000000 0.0075968170 0.0487528965
290300.0000000000 0.0075935085 0.0487354212
290400.0000000000 0.0075892453 0.0487168022
290500.0000000000 0.0075815618 0.0486947037
290600.0000000000 0.0075818554 0.0486724451
290700.0000000000 0.0075769448 0.0486515127
290800.0000000000 0.0068106254 0.0599281378
290900.0000000000 0.0075909450 0.0486131981
291000.0000000000 0.0075673077 0.0485973284
291100.0000000000 0.0075653065 0.0485831499
291200.0000000000 0.0075633759 0.0485696197
291300.0000000000 0.0075551798 0.0485568121
291400.0000000000 0.0075533531 0.0485399105
291500.0000000000 0.0075539457 0.0485232212
291600.0000000000 0.0075483077 0.0485060737
291700.0000000000 0.0075467832 0.0484858677
291800.0000000000 0.0075441157 0.0484641194
291900.0000000000 0.0075397563 0.0484425165
292000.0000000000 0.0075346062 0.0484204777
292100.0000000000 0.0083642108 0.0527944490
292200.0000000000 0.0075316623 0.0483879596
292300.0000000000 0.0075270255 0.0483759791
292400.0000000000 0.0075269299 0.0483624600
292500.0000000000 0.0075257590 0.0483504385
292600.0000000000 0.0075256044 0.0483362526
292700.0000000000 0.0075211819 0.0483212173
292800.0000000000 0.0075184374 0.0483064689
292900.0000000000 0.0075192196 0.0482902229
293000.0000000000 0.0075117041 0.0482718647
293100.0000000000 0.0075159146 0.0482515767
293200.0000000000 0.0075159246 0.0482315943
293300.0000000000 0.0075094912 0.0482096598
293400.0000000000 0.0066512440 0.0491673872
293500.0000000000 0.0075160861 0.0481681637
293600.0000000000 0.0074989648 0.0481509529
293700.0000000000 0.0074973049 0.0481341965
293800.0000000000 0.0074954094 0.0481187142
293900.0000000000 0.0074930730 0.0480981395
294000.0000000000 0.0074896556 0.0480778553
294100.0000000000 0.0074844745 0.0480582602
294200.0000000000 0.0078609006 0.0570670217
294300.0000000000 0.0074807680 0.0480246246
294400.0000000000 0.0074807389 0.0480063818
294500.0000000000 0.0074798500 0.0479910523
294600.0000000000 0.0074777906 0.0479751490
294700.0000000000 0.0074719117 0.0479607731
294800.0000000000 0.0074685053 0.0479398854
294900.0000000000 0.0074615996 0.0479221568
295000.0000000000 0.0074615603 0.0478988104
295100.0000000000 0.0074585299 0.0478813685
295200.0000000000 0.0074554423 0.0478591621
295300.0000000000 0.0074507735 0.0478400327
295400.0000000000 0.0074584627 0.0478155203
295500.0000000000 0.0083695965 0.0832706243
295600.0000000000 0.0075577285 0.0477742366
295700.0000000000 0.0074325507 0.0477655344
295800.0000000000 0.0074303371 0.0477519706
295900.0000000000 0.0074306322 0.0477397144
296000.0000000000 0.0074287389 0.0477273874
296100.0000000000 0.0074318758 0.0477127507
296200.0000000000 0.0074247002 0.0476990342
296300.0000000000 0.0074231634 0.0476843044
296400.0000000000 0.0074245672 0.0476658493
296500.0000000000 0.0074172347 0.0476480611
296600.0000000000 0.0074204911 0.0476308428
296700.0000000000 0.0074094399 0.0476081371
296800.0000000000 0.0072772417 0.0477947779
296900.0000000000 0.0074165155 0.0475732163
297000.0000000000 0.0074167499 0.0475603081
297100.0000000000 0.0074101584 0.0475474335
297200.0000000000 0.0074072094 0.0475309752
297300.0000000000 0.0074076461 0.0475169569
297400.0000000000 0.0074049554 0.0474996828
297500.0000000000 0.0073997947 0.0474816225
297600.0000000000 0.0073939973 0.0474635549
297700.0000000000 0.0073993812 0.0474423878
297800.0000000000 0.0073934072 0.0474226065
297900.0000000000 0.0073849840 0.0473988466
298000.0000000000 0.0073987907 0.0475989506
298100.0000000000 0.0073753319 0.0473660417
298200.0000000000 0.0073754233 0.0473486222
298300.0000000000 0.0073756827 0.0473334864
298400.0000000000 0.0073723602 0.0473167971
298500.0000000000 0.0073686836 0.0472971238
298600.0000000000 0.0073665911 0.0472788699
298700.0000000000 0.0073698856 0.0472591966
298800.0000000000 0.0073695448 0.0472405627
298900.0000000000 0.0073615080 0.0472193994
299000.0000000000 0.0073500569 0.0471975841
299100.0000000000 0.0068828792 0.0474391207
299200.0000000000 0.0073447519 0.0471783429
299300.0000000000 0.0073421151 0.0471445657
299400.0000000000 0.0073397173 0.0471317172
299500.0000000000 0.0073370141 0.0471174121
299600.0000000000 0.0073331447 0.0471008830
299700.0000000000 0.0073329513 0.0470853746
299800.0000000000 0.0073292989 0.0470654182
299900.0000000000 0.0073242203 0.0470474437
